customer_id,month,delinquency_months,amount_at_risk,paid_last_month,credit_limit,age,recovered
2,0,2,3261,2000,120000,26,1
12,0,2,13668,3640,260000,51,1
14,0,2,36894,0,70000,30,1
17,0,2,19104,0,20000,24,0
23,0,2,46012,1820,70000,26,0
59,0,2,1414,0,200000,34,0
63,0,2,28264,0,50000,29,0
66,0,2,7918,1000,200000,57,0
72,0,2,63526,1600,320000,29,0
90,0,2,11970,1500,20000,44,1
91,0,2,149531,5000,200000,53,0
113,0,3,149415,5000,280000,41,0
116,0,2,21201,1000,30000,24,0
121,0,2,51143,0,50000,37,0
136,0,2,13891,327,240000,34,0
146,0,3,10138,0,50000,28,1
159,0,6,154105,10478,210000,45,0
162,0,2,540,390,50000,27,1
169,0,2,88290,0,90000,35,1
176,0,3,71345,0,130000,56,0
178,0,2,22361,2000,50000,30,1
188,0,2,189915,6836,200000,47,0
190,0,2,20487,0,20000,31,0
196,0,2,40035,0,50000,24,0
202,0,2,10833,2500,140000,31,1
216,0,2,780,0,30000,42,1
234,0,2,150052,2769,190000,34,0
245,0,2,79,60,30000,40,0
267,0,2,9411,175,10000,23,1
293,0,2,2566,0,30000,43,0
309,0,4,14514,1500,30000,55,0
330,0,2,109428,4200,150000,40,0
343,0,2,24248,1000,200000,29,1
355,0,2,18856,638,50000,58,1
373,0,2,48767,2000,90000,34,0
377,0,2,24242,1000,30000,43,1
388,0,2,75018,5100,80000,73,0
400,0,2,117167,4400,120000,25,0
403,0,2,822,472,150000,41,1
405,0,2,153800,5654,160000,29,0
411,0,2,32965,1200,60000,23,0
418,0,2,18990,1000,50000,30,1
421,0,2,29371,1800,30000,24,1
436,0,2,221413,0,270000,32,0
442,0,2,89522,3200,100000,32,0
457,0,2,75820,6000,130000,39,0
474,0,2,35002,0,60000,38,1
481,0,2,919,67619,250000,40,1
482,0,2,130271,5400,140000,26,0
483,0,2,4162,0,70000,28,1
484,0,2,59378,4086,90000,48,0
501,0,2,24576,1200,30000,38,0
502,0,2,30548,2000,90000,35,0
508,0,2,34661,2000,180000,28,1
509,0,2,5515,500,80000,30,1
511,0,2,390,780,130000,31,1
514,0,2,33081,1500,50000,23,0
527,0,2,20241,300,20000,27,1
534,0,2,62524,2500,100000,50,0
540,0,2,101213,3800,110000,40,0
558,0,2,83206,3000,110000,32,0
565,0,2,2698,3,390000,45,0
586,0,2,17618,800,20000,25,1
604,0,2,29930,3000,140000,28,1
606,0,2,24549,1030,50000,34,0
615,0,2,125478,5000,190000,37,0
632,0,2,33138,2000,50000,23,1
649,0,2,195874,15000,280000,44,0
650,0,3,18148,0,20000,46,0
665,0,2,30456,0,40000,32,0
667,0,2,59480,2258,70000,27,1
669,0,2,101492,0,100000,35,0
671,0,2,36904,3095,30000,34,0
674,0,6,1800,0,30000,25,0
676,0,2,28306,1300,90000,42,0
677,0,2,169928,7000,190000,40,0
694,0,2,59329,2500,70000,30,1
705,0,2,26357,2500,30000,22,0
708,0,2,14673,0,30000,46,0
725,0,2,31401,0,80000,34,0
730,0,2,1023,0,60000,29,0
750,0,3,34365,3000,50000,25,0
761,0,2,18711,900,50000,52,1
780,0,2,32851,2420,50000,31,1
783,0,2,87096,3280,100000,28,0
808,0,2,19953,0,20000,36,0
809,0,2,35171,1400,190000,26,1
815,0,2,72215,0,120000,33,0
818,0,2,6204,4739,20000,24,1
827,0,2,28607,1000,50000,24,1
828,0,2,5923,0,10000,37,0
832,0,3,21162,0,20000,24,0
837,0,2,25476,0,80000,23,0
851,0,6,44059,0,40000,23,0
857,0,2,34487,0,40000,29,0
858,0,2,53176,4500,100000,43,0
863,0,7,2450,0,30000,52,0
876,0,2,29818,1000,30000,25,1
880,0,2,18844,1000,20000,43,1
889,0,2,14422,102,90000,24,1
897,0,2,101577,0,110000,55,0
898,0,2,145012,5656,170000,28,0
905,0,2,63293,2000,80000,40,0
906,0,2,29086,1576,30000,27,1
907,0,2,2699,0,50000,30,0
934,0,2,12566,1000,30000,32,0
941,0,2,19630,1000,50000,25,1
944,0,3,300,0,80000,24,0
956,0,2,19939,0,160000,41,0
982,0,3,30558,0,30000,29,0
989,0,2,279503,126685,360000,25,0
997,0,2,46383,1495,140000,45,0
1011,0,2,132964,5000,280000,31,1
1026,0,2,129870,1300,180000,38,1
1030,0,2,26855,2302,30000,67,0
1036,0,2,49764,2000,60000,27,0
1045,0,2,19994,2658,20000,22,0
1082,0,2,10091,0,10000,32,0
1083,0,2,37131,1700,60000,30,0
1084,0,2,49502,1600,50000,25,0
1122,0,2,1735,0,20000,30,0
1130,0,2,48789,1885,50000,23,0
1133,0,4,278436,0,270000,44,0
1134,0,2,34420,1000,50000,36,1
1139,0,2,81977,2300,130000,44,1
1142,0,2,19239,323,30000,25,1
1147,0,7,2400,0,70000,31,0
1153,0,2,55176,2200,180000,42,0
1155,0,2,9537,0,20000,47,1
1207,0,2,25709,1100,70000,49,0
1233,0,2,50424,0,50000,47,0
1247,0,3,86299,3100,170000,39,0
1250,0,7,2400,0,350000,52,0
1269,0,2,19143,1600,120000,37,1
1295,0,2,977,19480,300000,41,1
1315,0,2,4822,1000,50000,37,1
1328,0,2,8820,0,180000,25,0
1337,0,2,46384,3700,70000,26,0
1365,0,2,19629,0,120000,46,0
1366,0,2,20718,0,20000,47,1
1373,0,3,350,0,270000,42,0
1376,0,2,6832,0,30000,50,1
1380,0,2,80138,8,80000,26,0
1381,0,2,58700,2200,60000,31,0
1390,0,2,16259,700,20000,22,1
1391,0,2,32232,2300,60000,37,0
1397,0,2,102460,0,180000,24,0
1400,0,2,7737,100,50000,23,1
1418,0,3,1204,0,80000,29,0
1429,0,2,83366,4300,210000,37,0
1432,0,2,55797,2100,70000,42,0
1433,0,2,182160,0,230000,32,0
1436,0,2,36196,1511,100000,31,0
1441,0,2,54366,2300,70000,24,0
1445,0,3,32194,0,40000,24,1
1446,0,2,73444,5300,80000,25,0
1454,0,2,17524,0,20000,25,0
1456,0,2,19947,545,20000,32,1
1461,0,3,1050,0,50000,37,0
1462,0,2,30486,1500,120000,36,1
1486,0,6,1800,0,20000,44,0
1490,0,2,14528,0,50000,29,0
1517,0,2,44305,0,50000,25,1
1518,0,2,191895,9500,190000,49,0
1519,0,2,278260,0,290000,27,0
1522,0,2,10055,0,60000,40,0
1524,0,2,30603,0,30000,27,0
1526,0,2,14518,200,20000,35,0
1533,0,3,20474,0,20000,25,0
1559,0,2,41269,1704,50000,31,0
1572,0,2,13502,1000,150000,33,1
1576,0,2,86850,3000,230000,25,1
1621,0,2,1559,3192,30000,26,1
1629,0,2,95234,0,140000,31,0
1645,0,2,41324,0,50000,72,0
1647,0,2,41926,5000,50000,27,0
1667,0,2,53784,2000,90000,36,0
1668,0,2,19652,1339,200000,42,0
1670,0,2,17371,0,20000,40,0
1699,0,2,930,601,80000,25,1
1703,0,2,19339,5000,150000,30,1
1707,0,2,120937,4500,230000,35,0
1713,0,2,178651,0,180000,33,1
1722,0,2,67882,2500,90000,27,0
1744,0,2,1480,58,90000,32,1
1752,0,3,1050,0,10000,38,0
1765,0,2,23155,2000,130000,26,0
1774,0,2,8593,1000,50000,25,1
1776,0,2,18023,1600,80000,37,0
1785,0,2,45933,5000,400000,34,1
1787,0,2,26905,0,40000,25,0
1816,0,2,30423,70,80000,23,0
1836,0,2,17581,3000,50000,37,0
1840,0,2,155041,0,160000,51,0
1860,0,2,39585,1600,50000,39,0
1862,0,2,6815,700,10000,35,0
1869,0,2,51063,0,160000,41,1
1870,0,2,37288,1500,40000,23,0
1873,0,2,82168,10000,130000,32,1
1880,0,2,18252,0,30000,47,0
1889,0,2,89347,3300,90000,32,0
1895,0,8,103522,0,100000,30,0
1909,0,2,24951,0,30000,36,0
1921,0,2,780,0,100000,51,0
1932,0,2,240,780,20000,24,0
1937,0,2,650,0,20000,24,0
1945,0,2,87005,5264,220000,34,1
1956,0,2,10104,198,10000,41,0
1957,0,2,2500,0,220000,42,0
1982,0,2,43471,2000,80000,40,0
1989,0,2,97612,3600,140000,34,0
1993,0,6,527711,215,580000,67,0
1998,0,2,15650,14,40000,59,1
2008,0,2,745,11271,340000,49,1
2011,0,2,35515,1500,40000,26,0
2013,0,3,21236,0,20000,40,1
2017,0,2,7191,0,20000,22,0
2046,0,2,64492,2300,110000,26,0
2047,0,2,5346,0,30000,40,0
2050,0,2,49453,2000,210000,40,1
2051,0,2,17295,0,30000,47,0
2052,0,2,49062,4000,50000,27,0
2054,0,2,139314,5300,140000,37,0
2076,0,2,150,819,180000,27,1
2080,0,2,13861,0,230000,43,0
2087,0,2,65762,7195,110000,36,0
2090,0,2,86252,3100,90000,41,0
2091,0,2,686,4389,250000,42,1
2102,0,2,61656,2400,140000,35,0
2103,0,2,4171,900,10000,53,0
2106,0,2,17564,0,20000,23,0
2109,0,2,61670,2213,160000,49,0
2115,0,2,14724,0,70000,44,0
2119,0,2,20407,0,20000,39,0
2128,0,2,20372,1000,100000,31,1
2131,0,3,115826,8337,140000,57,0
2135,0,2,74490,2800,160000,66,0
2145,0,3,6435,0,20000,27,0
2156,0,2,109276,0,110000,29,0
2168,0,2,195226,5,400000,49,0
2204,0,2,48373,0,60000,30,0
2208,0,2,17312,7000,120000,32,1
2219,0,2,9533,400,50000,58,0
2234,0,2,84384,3228,120000,50,1
2251,0,2,97230,3600,170000,30,1
2252,0,2,5606,2000,50000,36,1
2257,0,2,16562,0,30000,25,0
2270,0,2,49565,2500,70000,24,0
2292,0,2,400,0,90000,35,1
2293,0,3,74788,0,80000,43,0
2303,0,2,56637,13,60000,29,0
2322,0,3,1737,0,30000,39,1
2325,0,2,148704,3054,200000,39,0
2363,0,3,21200,0,20000,24,0
2375,0,2,39035,0,50000,25,0
2376,0,2,40404,0,40000,38,0
2379,0,2,18750,1500,60000,30,0
2390,0,2,19345,1000,150000,39,1
2391,0,2,978,2690,180000,29,1
2393,0,2,44960,0,50000,32,0
2397,0,2,47539,5224,200000,29,0
2403,0,2,70582,0,80000,29,0
2406,0,7,2400,0,50000,43,0
2419,0,2,2771,0,20000,33,1
2421,0,2,2508,326,180000,35,1
2422,0,2,16320,2000,20000,24,0
2428,0,2,29053,2400,50000,33,1
2435,0,2,75011,0,120000,25,0
2438,0,2,30383,0,30000,24,0
2448,0,2,45994,2000,50000,41,0
2458,0,2,10837,2000,30000,44,0
2459,0,2,31794,1178,80000,25,0
2462,0,2,29365,600,30000,26,0
2464,0,2,19464,817,20000,27,0
2471,0,2,88085,2304,140000,29,0
2472,0,2,12357,500,20000,29,0
2476,0,2,30360,0,30000,25,0
2483,0,2,2917,0,200000,34,0
2490,0,2,13392,0,10000,23,0
2491,0,2,66658,0,200000,30,1
2510,0,4,27531,0,30000,28,0
2542,0,2,56013,2300,100000,35,0
2560,0,2,16178,600,80000,28,0
2563,0,2,136475,5000,140000,40,0
2580,0,2,21629,1000,20000,22,0
2590,0,2,64979,2563,210000,35,1
2623,0,2,71738,4000,100000,24,1
2643,0,3,28574,0,50000,25,1
2655,0,2,33458,1141,50000,23,1
2657,0,2,28256,500,100000,27,0
2658,0,2,41389,0,40000,25,0
2659,0,2,112141,0,180000,46,0
2665,0,2,19439,1000,50000,36,1
2673,0,2,150,780,30000,41,1
2685,0,2,47606,2000,60000,42,1
2715,0,2,30152,0,30000,35,0
2729,0,2,13247,10000,30000,42,1
2731,0,2,34759,0,50000,30,0
2738,0,2,140600,5200,240000,47,0
2757,0,2,200057,2500,200000,31,0
2773,0,2,46495,0,50000,25,0
2818,0,2,41293,1700,50000,24,0
2822,0,3,1801,0,30000,60,1
2829,0,2,5700,0,80000,24,1
2843,0,2,13989,0,110000,51,0
2844,0,2,113290,8932,120000,28,0
2847,0,2,165288,5000,350000,31,1
2852,0,2,11022,1000,30000,39,1
2853,0,2,82150,2500,90000,24,0
2855,0,2,18981,0,50000,25,0
2865,0,2,33519,0,50000,46,0
2902,0,2,325,650,210000,39,1
2909,0,2,55392,0,100000,35,1
2910,0,2,370,3046,220000,25,1
2917,0,3,23567,300,20000,26,0
2927,0,2,28130,2000,30000,34,0
2945,0,2,91060,0,90000,28,0
2958,0,2,1000,1580,120000,32,1
2969,0,2,101176,4000,170000,38,0
2974,0,2,300,0,30000,24,0
2991,0,2,33042,1228,50000,52,0
3008,0,2,5475,0,10000,24,0
3010,0,2,25098,1092,30000,25,1
3019,0,2,11404,4000,20000,34,0
3023,0,3,12778,0,20000,25,1
3024,0,2,62181,2500,100000,36,0
3025,0,2,138819,4000,100000,36,1
3034,0,2,569,1188,50000,54,0
3041,0,2,34736,1500,60000,38,0
3044,0,2,48592,0,70000,40,0
3047,0,2,309446,23500,330000,41,0
3062,0,2,29175,1000,70000,27,1
3064,0,2,48454,3000,50000,25,1
3076,0,2,13680,0,200000,29,0
3087,0,7,300,0,30000,24,0
3094,0,2,260472,200,230000,30,0
3130,0,2,105614,8100,180000,29,0
3144,0,2,55722,2200,70000,41,0
3174,0,2,20174,220,20000,22,1
3179,0,2,9415,1000,10000,24,1
3192,0,2,19390,1000,70000,23,0
3195,0,2,5899,0,20000,38,0
3196,0,2,12245,0,20000,39,0
3211,0,2,190628,5000,230000,30,0
3217,0,2,18722,1000,20000,25,0
3234,0,2,29334,0,30000,26,0
3240,0,3,2202,0,240000,44,0
3242,0,2,109831,0,200000,40,0
3246,0,2,19222,1,30000,26,0
3257,0,2,79133,5000,80000,24,0
3262,0,2,200,16115,220000,33,1
3271,0,2,103251,11,320000,29,0
3273,0,2,31988,3213,50000,23,1
3276,0,2,1013,2821,20000,59,0
3288,0,2,15019,0,30000,30,0
3298,0,2,6578,2000,160000,34,1
3299,0,2,150,686,230000,26,0
3320,0,2,1621,32,210000,27,1
3337,0,2,22708,1000,80000,31,0
3339,0,2,8819,0,10000,24,0
3349,0,2,62965,4400,80000,44,0
3351,0,2,24310,780,30000,44,0
3354,0,2,47182,2000,100000,33,0
3359,0,2,67557,2500,130000,28,1
3360,0,2,48731,2000,120000,34,1
3361,0,2,136604,10000,150000,42,1
3362,0,2,1336,3167,310000,39,1
3379,0,4,37,0,30000,28,0
3384,0,2,14116,0,110000,36,0
3395,0,2,159,2000,90000,33,1
3405,0,2,52457,2000,80000,30,1
3431,0,2,2748,2730,240000,40,1
3442,0,2,48253,2000,110000,33,0
3457,0,2,25970,2500,50000,29,0
3458,0,2,200564,7053,280000,46,0
3486,0,2,42743,4000,50000,42,1
3489,0,2,23782,1130,30000,30,1
3499,0,2,160,3400,60000,28,1
3501,0,2,21170,1900,30000,56,0
3513,0,2,46536,4000,60000,28,0
3528,0,2,10046,1500,20000,50,0
3536,0,2,19254,800,90000,35,0
3538,0,2,210491,97,220000,28,0
3540,0,4,29158,0,30000,45,0
3555,0,2,80752,0,80000,35,1
3561,0,2,10749,1300,80000,57,0
3562,0,2,67893,2800,90000,33,0
3573,0,2,19863,400,20000,24,0
3576,0,2,49529,0,60000,28,0
3590,0,2,52333,4046,70000,26,0
3593,0,2,20192,0,20000,51,1
3600,0,2,5706,7328,150000,23,1
3606,0,3,30468,0,30000,31,0
3608,0,2,31914,0,200000,59,0
3613,0,2,75294,3150,80000,27,0
3641,0,2,31914,1332,50000,41,0
3645,0,2,29102,0,30000,34,1
3649,0,2,771,51362,230000,36,1
3664,0,3,1050,0,30000,24,0
3676,0,2,9703,292,10000,25,1
3683,0,2,19417,652,20000,23,1
3713,0,2,832,1500,60000,36,1
3729,0,2,111219,4000,110000,28,1
3767,0,2,53142,0,100000,40,0
3774,0,2,675,23715,140000,66,1
3786,0,2,23207,2000,80000,43,0
3832,0,2,40257,2000,60000,28,1
3840,0,2,30040,1500,50000,28,1
3845,0,2,12860,10000,430000,33,0
3849,0,2,47724,1900,70000,29,0
3860,0,2,7945,0,20000,32,0
3870,0,2,26639,2000,90000,26,1
3873,0,2,29755,1141,30000,49,0
3879,0,3,1050,0,20000,26,0
3902,0,2,11250,1600,50000,27,0
3910,0,2,204957,10000,220000,30,0
3911,0,2,390,780,50000,32,1
3932,0,2,121650,0,120000,34,0
3936,0,2,124168,0,130000,32,0
3938,0,2,45710,0,60000,30,0
3949,0,2,51459,2112,50000,25,1
3951,0,2,79608,2800,120000,30,1
3959,0,2,41770,3387,50000,42,0
3961,0,3,20474,0,20000,31,1
3964,0,2,21841,0,90000,23,0
3967,0,4,54759,0,60000,25,0
3984,0,2,54235,3000,80000,30,1
3991,0,2,145071,11077,240000,47,0
3993,0,2,20126,0,20000,22,0
3999,0,2,12744,1000,20000,23,0
4000,0,2,5612,3000,170000,39,1
4007,0,3,1050,0,10000,46,0
4014,0,2,20444,0,20000,22,0
4016,0,2,91007,6950,100000,33,0
4020,0,2,28776,0,30000,27,0
4040,0,2,140505,5000,140000,38,0
4042,0,2,14313,1230,20000,36,0
4049,0,2,91783,3300,150000,39,0
4057,0,2,53985,6200,60000,26,0
4070,0,2,76521,0,150000,30,0
4083,0,2,120546,4500,120000,45,1
4085,0,2,10891,419,30000,24,0
4093,0,2,4501,1000,50000,33,0
4094,0,2,26172,2000,100000,31,0
4096,0,2,6687,291,80000,43,0
4103,0,2,5777,726,240000,36,1
4108,0,2,211614,0,290000,63,1
4125,0,2,54703,0,60000,43,0
4146,0,2,47649,0,50000,46,0
4161,0,2,35659,3001,50000,25,0
4166,0,6,33248,10000,50000,51,0
4170,0,2,28242,1500,60000,46,0
4189,0,2,272059,9755,310000,43,0
4190,0,2,8559,500,10000,41,0
4193,0,2,13362,494,50000,51,0
4194,0,2,9248,0,10000,22,0
4203,0,2,1000,1203,200000,29,1
4209,0,2,31018,0,30000,23,0
4213,0,2,35921,3000,70000,31,0
4217,0,2,326,326,180000,24,1
4218,0,2,48865,0,50000,33,0
4222,0,2,112055,7000,150000,36,1
4247,0,2,8741,500,50000,35,1
4249,0,3,53374,0,90000,42,0
4263,0,3,37253,0,50000,32,1
4297,0,2,130419,0,290000,40,1
4325,0,2,20219,663,20000,49,0
4331,0,4,30858,0,30000,26,0
4333,0,2,41947,3462,300000,39,0
4337,0,3,346216,0,330000,39,0
4341,0,2,358401,13000,380000,34,0
4348,0,2,3659,0,370000,33,0
4355,0,2,38313,3090,50000,25,0
4358,0,2,29459,0,30000,43,0
4379,0,2,103986,4000,180000,34,0
4385,0,2,4887,9579,140000,28,1
4388,0,3,101878,0,90000,35,0
4402,0,2,106649,4000,140000,50,1
4405,0,3,57949,0,100000,25,0
4433,0,2,27942,1000,30000,42,0
4445,0,3,100413,0,100000,36,0
4448,0,2,91047,0,90000,52,0
4455,0,2,8237,500,30000,22,0
4471,0,2,52758,2000,70000,35,0
4475,0,2,73786,0,120000,32,0
4481,0,2,1098,0,100000,40,0
4493,0,2,36910,0,50000,26,0
4495,0,2,9384,1000,10000,42,1
4510,0,2,130285,4500,130000,42,0
4517,0,2,66976,2700,80000,39,1
4529,0,2,185523,10007,200000,31,0
4535,0,2,59058,2340,70000,27,1
4538,0,2,11180,0,20000,56,1
4543,0,2,84039,6410,100000,29,0
4570,0,2,19007,1705,30000,43,0
4573,0,2,7676,0,10000,55,0
4580,0,2,162195,5014,200000,50,0
4583,0,2,28013,1200,30000,22,1
4584,0,2,62069,0,110000,54,0
4608,0,2,42096,9162,50000,42,1
4609,0,2,82796,3100,160000,30,0
4611,0,2,30059,869,30000,42,1
4612,0,2,7176,0,350000,35,0
4618,0,2,12934,1500,20000,24,0
4631,0,2,67839,2200,100000,35,0
4641,0,2,79274,2711,150000,31,1
4654,0,2,8264,0,10000,27,1
4660,0,2,48888,2000,100000,50,0
4674,0,2,46497,37,50000,27,0
4691,0,2,23859,3000,160000,37,1
4705,0,2,16442,0,30000,46,1
4714,0,2,14823,37,20000,25,0
4729,0,2,11300,400,50000,26,0
4741,0,2,18720,1000,50000,36,1
4746,0,2,154704,11318,160000,28,0
4747,0,2,51662,3000,110000,27,0
4753,0,2,16159,0,20000,56,0
4754,0,2,2056,60934,260000,44,1
4768,0,2,82068,0,500000,50,0
4769,0,2,622,24037,220000,37,1
4775,0,2,50426,1900,80000,42,0
4813,0,2,34743,0,50000,27,0
4839,0,2,17982,0,50000,22,0
4848,0,2,16197,1552,50000,54,1
4859,0,2,316,932,140000,55,1
4861,0,2,95734,3400,210000,41,0
4867,0,2,4182,1500,130000,29,0
4877,0,2,123449,117880,110000,33,1
4883,0,2,49514,3000,50000,29,0
4884,0,2,134319,5000,150000,32,1
4885,0,2,22101,1000,70000,30,0
4894,0,2,116298,3900,160000,28,0
4897,0,2,75445,5000,390000,42,1
4910,0,2,25227,0,30000,30,0
4918,0,2,141971,6000,160000,35,0
4920,0,2,98479,100000,350000,31,1
4922,0,2,18589,834,180000,27,1
4929,0,2,33,2575,150000,49,1
4932,0,2,18279,1500,30000,29,0
4986,0,2,48052,2200,150000,26,0
4989,0,2,56571,0,130000,32,1
4990,0,2,4960,110,80000,28,1
4993,0,2,78715,2000,80000,36,0
5008,0,2,16083,3198,20000,44,0
5013,0,2,40272,0,30000,40,0
5032,0,2,8042,0,170000,49,0
5036,0,2,527566,18000,400000,45,1
5049,0,2,78445,3100,80000,30,1
5057,0,2,69784,3000,120000,34,0
5065,0,2,20001,0,20000,53,0
5068,0,2,24463,1100,50000,40,1
5076,0,2,29745,0,50000,27,0
5080,0,2,187467,7000,200000,43,0
5085,0,2,134089,42,140000,45,0
5098,0,2,65921,2226,280000,31,0
5113,0,2,77028,3000,150000,33,0
5114,0,2,28620,0,30000,36,0
5116,0,2,11998,0,20000,31,0
5131,0,2,47,5800,260000,39,1
5136,0,2,83282,3200,180000,32,0
5148,0,2,17316,0,50000,25,0
5164,0,2,98072,4000,110000,26,0
5172,0,2,33439,1400,70000,46,0
5178,0,2,76237,3000,190000,50,0
5180,0,2,189681,6054,200000,27,1
5189,0,2,116690,4500,140000,28,0
5215,0,2,17759,1000,320000,50,1
5218,0,2,15252,345,50000,34,1
5233,0,2,38131,10000,50000,35,1
5242,0,2,43253,1572,140000,31,0
5243,0,2,6182,2540,20000,50,0
5261,0,2,39272,1000,40000,24,0
5274,0,2,60569,0,60000,42,0
5285,0,2,150,1000,80000,36,0
5295,0,2,8932,1241,10000,27,1
5317,0,2,16240,3000,50000,26,1
5339,0,4,1650,0,20000,25,0
5342,0,2,540,780,40000,48,1
5349,0,2,114001,8000,220000,28,0
5350,0,2,50626,1800,80000,23,0
5351,0,2,16287,0,20000,24,1
5365,0,2,79657,2800,80000,30,0
5369,0,2,44024,2000,100000,44,1
5372,0,2,9241,1000,10000,40,0
5391,0,2,172084,4000,200000,37,0
5393,0,2,27227,0,90000,28,0
5399,0,2,14464,1365,50000,27,1
5405,0,2,27383,910,130000,36,0
5455,0,2,44621,0,80000,31,0
5473,0,2,20082,600,20000,55,0
5486,0,3,1150,0,30000,28,0
5488,0,2,25553,1000,30000,33,0
5496,0,2,5309,1000,100000,36,1
5499,0,2,137885,5300,150000,66,0
5502,0,2,777,500,290000,55,1
5504,0,2,158,13391,80000,31,1
5512,0,2,28621,0,30000,36,0
5515,0,2,2812,6000,340000,40,1
5537,0,2,10006,1500,30000,24,1
5572,0,2,33123,1300,100000,30,0
5580,0,2,27903,0,30000,58,0
5593,0,2,28042,2200,30000,49,0
5602,0,2,18320,1000,70000,33,1
5611,0,2,168283,0,160000,27,0
5638,0,2,30895,14100,200000,29,1
5643,0,2,72233,0,80000,41,0
5651,0,2,589,0,30000,38,0
5682,0,2,14790,1200,30000,23,0
5683,0,2,15308,600,30000,26,1
5714,0,2,30508,0,30000,22,0
5718,0,2,1070,3103,260000,33,1
5722,0,2,15184,0,30000,27,0
5724,0,2,33115,2275,80000,22,1
5725,0,2,49978,0,50000,25,0
5727,0,2,28598,1056,120000,37,0
5737,0,2,40922,1600,90000,35,1
5739,0,2,11232,0,20000,23,0
5743,0,2,21743,0,30000,59,0
5747,0,2,84805,2700,120000,38,0
5750,0,2,253,3144,160000,30,1
5751,0,2,159416,0,160000,37,0
5756,0,2,15105,600,30000,29,0
5788,0,2,144482,0,160000,40,1
5795,0,2,36713,734,210000,33,1
5800,0,2,9165,10000,50000,23,1
5813,0,2,116577,4500,190000,36,0
5834,0,2,28492,1988,30000,26,1
5838,0,7,2400,0,10000,26,0
5846,0,2,55826,4000,60000,59,0
5847,0,2,82472,87,90000,43,0
5853,0,2,71272,0,200000,28,0
5871,0,2,148963,5500,180000,30,1
5875,0,2,93766,0,100000,35,0
5886,0,2,11167,215,20000,29,0
5902,0,2,131290,0,140000,27,0
5903,0,2,46882,0,50000,30,0
5904,0,2,11133,1000,50000,45,0
5916,0,7,150,0,110000,41,0
5935,0,2,60981,2500,120000,31,1
5964,0,2,21854,0,220000,32,0
5980,0,2,18753,0,70000,24,0
5986,0,2,33524,0,100000,44,0
5989,0,2,111885,171574,280000,28,1
5998,0,2,40428,3000,200000,26,1
6003,0,2,76610,0,90000,30,0
6015,0,2,34476,1500,50000,25,1
6032,0,2,350,0,330000,33,0
6041,0,6,1800,0,20000,23,0
6045,0,2,4957,0,500000,55,0
6046,0,2,177141,6200,200000,27,0
6056,0,4,150,0,50000,49,0
6062,0,2,149697,5200,150000,36,0
6073,0,2,2270,0,50000,30,0
6079,0,2,145506,5500,150000,25,0
6085,0,3,1050,0,10000,23,0
6086,0,2,138455,5000,140000,37,0
6089,0,2,34280,0,90000,24,0
6109,0,2,116937,0,120000,35,0
6112,0,2,117283,4400,120000,36,0
6120,0,2,24301,2200,50000,24,0
6122,0,2,93613,2100,250000,29,1
6123,0,2,24036,2000,150000,39,0
6139,0,2,50265,2000,50000,36,1
6146,0,2,98173,3800,100000,46,0
6147,0,2,35637,0,100000,38,0
6155,0,2,25413,1100,30000,34,0
6175,0,2,111842,4000,110000,32,0
6211,0,2,49094,0,50000,34,0
6221,0,2,780,0,60000,27,1
6224,0,2,87207,4000,90000,28,1
6225,0,2,166627,0,190000,34,1
6244,0,2,82567,0,120000,36,0
6269,0,2,95079,0,120000,29,0
6272,0,6,1800,0,10000,23,0
6274,0,2,67254,3000,210000,30,1
6278,0,2,25453,1000,110000,32,1
6301,0,2,10118,0,30000,24,0
6319,0,2,17695,0,20000,27,1
6321,0,2,25285,2191,30000,51,0
6334,0,2,175140,20000,220000,44,1
6335,0,2,70392,1165,70000,33,0
6349,0,2,68349,2000,80000,34,0
6358,0,2,3518,0,50000,40,0
6359,0,2,335,0,310000,48,1
6362,0,2,59654,0,100000,28,1
6369,0,2,17582,8000,40000,26,0
6375,0,2,1749,70200,500000,45,1
6380,0,2,30931,0,70000,27,1
6387,0,2,25988,680,50000,29,0
6396,0,2,1752,0,50000,26,0
6404,0,2,41432,1700,100000,27,1
6417,0,2,111575,0,110000,39,0
6421,0,2,63787,3000,200000,33,1
6439,0,2,166,0,110000,54,1
6456,0,2,58351,2315,80000,28,0
6477,0,2,148632,96,400000,29,1
6486,0,2,29975,1000,50000,25,0
6492,0,2,188567,0,300000,38,0
6493,0,2,29862,0,30000,40,0
6501,0,2,9265,502,10000,47,1
6507,0,2,7199,1200,50000,52,1
6510,0,3,1050,0,50000,25,0
6528,0,2,25836,1500,80000,49,0
6540,0,2,78470,5100,80000,28,0
6541,0,2,61325,0,60000,31,0
6547,0,2,48191,2000,50000,26,1
6556,0,2,26947,4670,30000,38,1
6557,0,2,19200,500,20000,22,0
6565,0,2,56130,2000,60000,31,1
6567,0,2,4302,1000,160000,32,1
6576,0,2,17149,0,20000,23,0
6582,0,2,223434,0,240000,40,0
6583,0,2,186507,5600,200000,29,0
6601,0,2,7669,1000,20000,24,0
6609,0,2,9803,1000,10000,22,1
6618,0,2,17129,2000,110000,26,1
6625,0,2,33266,4622,220000,30,1
6626,0,2,291,0,240000,27,1
6628,0,2,58430,2000,60000,37,0
6630,0,2,21205,2000,30000,44,0
6633,0,2,50316,2100,90000,28,1
6637,0,2,61193,2439,80000,41,0
6643,0,2,161525,4089,200000,29,0
6646,0,2,30688,800,30000,46,0
6648,0,2,13323,2000,160000,45,0
6659,0,2,22684,1755,90000,39,0
6667,0,2,29117,0,50000,57,1
6668,0,2,36082,3119,50000,39,0
6672,0,2,476,326,230000,42,1
6684,0,2,10169,1000,10000,38,1
6687,0,2,36312,1500,220000,29,0
6724,0,2,95531,15000,200000,46,0
6727,0,2,80203,2000,160000,34,0
6745,0,2,6844,500,10000,23,1
6750,0,2,86564,3212,250000,30,1
6751,0,2,25087,0,30000,46,0
6753,0,2,25251,4000,30000,50,0
6754,0,3,15096,0,20000,44,0
6758,0,2,24863,980,30000,24,1
6759,0,2,142651,10100,200000,51,1
6762,0,2,854,5183,230000,29,1
6784,0,2,35511,1400,70000,26,0
6800,0,2,26020,929,80000,24,1
6808,0,2,780,0,30000,45,1
6828,0,3,45590,0,60000,24,0
6834,0,2,10059,0,10000,42,0
6839,0,2,81887,0,80000,42,0
6855,0,2,146136,0,180000,35,0
6885,0,2,96614,4000,110000,38,1
6887,0,2,390,390,50000,55,1
6895,0,2,51426,2300,60000,43,0
6898,0,2,68104,0,120000,32,0
6910,0,2,30003,1100,30000,29,0
6917,0,2,9705,500,10000,22,1
6918,0,2,286837,10817,300000,26,1
6925,0,2,9865,300,50000,49,1
6927,0,2,66584,0,60000,24,1
6938,0,2,123710,0,200000,27,0
6951,0,2,48701,0,50000,27,0
6962,0,2,71122,0,70000,47,0
6976,0,2,76590,0,100000,36,0
6987,0,2,1289,0,60000,27,1
6988,0,2,30330,1001,60000,50,1
6990,0,2,61298,0,120000,26,0
6998,0,2,2793,483,90000,33,1
7003,0,2,51129,4100,80000,39,0
7009,0,2,19250,831,20000,41,1
7023,0,2,65011,2400,100000,44,0
7024,0,2,32622,10000,260000,42,1
7028,0,2,11292,1000,270000,27,1
7029,0,2,73605,0,100000,49,0
7038,0,2,121619,0,120000,52,0
7044,0,2,47311,0,50000,24,1
7049,0,2,348006,12200,350000,44,0
7056,0,2,22422,647,30000,31,1
7062,0,2,18375,0,30000,29,1
7068,0,3,2150,0,90000,30,0
7069,0,2,55050,2100,150000,37,0
7071,0,2,34995,1500,80000,40,0
7074,0,2,135201,5000,140000,31,0
7088,0,2,382,532,170000,27,1
7110,0,2,26468,0,30000,28,0
7131,0,2,23428,1500,130000,44,1
7135,0,3,41036,1400,60000,25,0
7138,0,2,53213,2100,180000,38,0
7145,0,2,101471,3845,100000,30,0
7146,0,2,28966,2400,100000,35,1
7155,0,2,32532,2257,70000,27,0
7175,0,2,21482,0,20000,36,0
7179,0,2,39982,0,100000,33,1
7194,0,2,25615,3500,150000,26,1
7202,0,2,73848,8000,80000,33,1
7206,0,2,130305,0,130000,25,0
7216,0,2,29125,2500,30000,56,0
7217,0,2,80959,0,80000,46,1
7245,0,2,316,632,200000,52,1
7248,0,3,19160,0,20000,24,0
7263,0,2,136141,0,140000,32,0
7271,0,2,42697,1500,100000,38,0
7273,0,2,33166,0,50000,31,0
7276,0,2,35008,1400,60000,35,1
7278,0,2,22000,0,150000,44,1
7284,0,2,40342,0,50000,54,0
7292,0,2,134925,0,150000,41,1
7308,0,2,27794,0,30000,33,1
7311,0,2,85739,3500,90000,23,0
7335,0,2,20671,765,30000,54,0
7340,0,2,79890,3200,110000,35,0
7361,0,2,2074,264,220000,54,1
7369,0,2,17279,800,30000,27,0
7378,0,2,19601,0,20000,24,0
7395,0,2,25530,1100,30000,31,0
7409,0,2,30699,0,30000,41,0
7416,0,2,19394,253,20000,42,1
7417,0,2,46348,3000,110000,34,1
7423,0,2,28762,0,60000,25,0
7469,0,2,16199,0,20000,39,0
7486,0,2,25860,1100,30000,27,0
7490,0,2,128229,0,200000,40,1
7504,0,2,28825,2000,30000,23,1
7505,0,2,30511,1500,120000,60,0
7528,0,2,9940,200,50000,49,0
7531,0,2,240595,9000,270000,28,0
7532,0,2,53803,4000,70000,36,0
7536,0,2,58761,5000,110000,47,0
7538,0,2,74954,500,140000,38,1
7549,0,2,24567,1058,80000,23,1
7556,0,2,172804,6500,300000,58,0
7561,0,2,67577,0,70000,28,0
7563,0,2,19539,8000,120000,27,1
7567,0,2,37592,1540,50000,37,1
7569,0,2,23139,0,30000,30,0
7574,0,2,271408,11000,280000,26,0
7580,0,2,1020,923,260000,36,0
7592,0,2,18748,0,170000,36,0
7609,0,2,520,950,120000,33,0
7611,0,2,63695,2500,70000,24,0
7621,0,2,321,13988,200000,39,1
7624,0,2,18768,800,20000,25,0
7625,0,2,22817,1300,70000,29,0
7633,0,2,36320,3600,80000,33,0
7639,0,2,7287,0,20000,32,0
7644,0,2,48382,1640,50000,24,1
7647,0,2,696,50348,150000,30,1
7653,0,2,93092,0,100000,38,1
7659,0,2,60272,4600,80000,31,0
7663,0,2,77116,0,140000,58,0
7672,0,2,31885,50000,200000,28,1
7678,0,2,19195,787,20000,23,0
7680,0,2,25725,1948,50000,41,0
7685,0,2,323,9438,120000,30,1
7694,0,2,294131,4000,290000,39,0
7705,0,2,194326,6700,200000,38,0
7709,0,2,266266,40000,380000,50,0
7715,0,2,109733,0,130000,30,0
7725,0,2,8304,2000,90000,23,0
7735,0,2,22129,0,30000,52,0
7744,0,2,20831,0,20000,42,0
7752,0,2,66997,2711,90000,40,1
7756,0,2,3972,0,60000,29,0
7761,0,2,1261,1261,80000,38,1
7769,0,2,58269,2300,70000,27,0
7776,0,2,29536,0,30000,23,0
7789,0,2,2500,0,200000,49,0
7793,0,2,20903,0,20000,22,0
7799,0,2,37661,2000,40000,25,1
7803,0,2,34116,1500,50000,31,0
7811,0,2,232680,0,270000,53,0
7817,0,2,5566,1170,10000,51,0
7818,0,2,19275,881,50000,27,0
7830,0,2,76888,6100,140000,29,0
7840,0,3,300,0,30000,27,0
7849,0,2,23428,0,30000,27,1
7857,0,3,305413,0,300000,25,0
7877,0,2,27091,2500,80000,24,0
7881,0,7,2400,0,50000,24,0
7888,0,2,189449,6700,200000,29,1
7902,0,2,16563,3619,60000,29,0
7917,0,2,3317,1708,400000,35,1
7923,0,2,52160,4000,50000,30,0
7926,0,2,36588,1500,50000,36,0
7927,0,2,584,22489,200000,30,1
7940,0,2,144587,0,140000,24,0
7945,0,2,6857,810,50000,29,1
7947,0,2,19915,994,20000,50,0
7949,0,2,39576,1087,200000,39,1
7954,0,3,80984,0,160000,42,1
7960,0,2,35658,0,50000,58,0
7969,0,2,13851,0,20000,45,0
7980,0,2,14656,2013,400000,32,1
7988,0,2,31045,0,60000,24,0
7993,0,2,33976,3700,50000,23,0
8016,0,2,43402,2000,80000,26,0
8018,0,2,212403,8000,230000,28,0
8020,0,2,8561,0,300000,61,0
8028,0,2,129081,5500,130000,45,1
8042,0,2,43192,1500,120000,50,1
8047,0,3,28662,0,30000,39,0
8049,0,2,44342,2000,70000,41,0
8052,0,2,28197,0,30000,36,0
8068,0,2,19783,397,50000,32,0
8083,0,2,13155,1200,50000,65,0
8090,0,2,7235,1000,20000,24,0
8105,0,2,147016,0,260000,39,0
8111,0,2,48904,0,50000,22,0
8115,0,2,6144,57258,120000,26,0
8123,0,2,131430,5012,130000,30,1
8125,0,4,2500,0,200000,29,0
8140,0,2,48510,2000,50000,34,1
8144,0,2,316,0,150000,47,1
8157,0,2,8623,1000,110000,29,0
8178,0,6,41601,0,70000,32,0
8179,0,2,43962,1700,50000,29,0
8191,0,2,169625,0,190000,36,0
8196,0,2,390,0,160000,50,1
8199,0,2,45417,0,60000,27,0
8203,0,2,109109,3500,130000,44,0
8217,0,2,19218,1000,20000,30,0
8222,0,2,10085,350,10000,43,0
8226,0,2,19288,644,20000,33,0
8227,0,2,10362,0,10000,36,0
8234,0,2,53290,5000,120000,24,1
8236,0,2,249107,12000,330000,28,0
8238,0,2,11258,0,40000,26,0
8252,0,2,27042,3450,30000,35,1
8255,0,2,11739,161,30000,22,1
8268,0,2,26414,1500,30000,25,1
8269,0,2,668,168,200000,32,1
8270,0,2,1038,0,120000,37,0
8276,0,4,127640,6608,200000,27,0
8279,0,2,51131,5000,110000,34,0
8286,0,2,25691,19283,30000,25,0
8294,0,2,49050,0,50000,23,0
8296,0,2,81630,3000,100000,29,0
8324,0,2,20482,0,20000,39,0
8338,0,2,25859,2100,30000,39,0
8341,0,2,61974,5000,180000,34,0
8348,0,2,11654,13652,360000,40,1
8350,0,2,70841,2700,80000,29,0
8390,0,2,18647,0,20000,24,0
8397,0,2,17660,10639,90000,24,1
8401,0,2,59226,4300,100000,32,0
8408,0,2,34398,1500,50000,28,0
8429,0,2,136643,5033,150000,35,0
8431,0,7,2400,0,180000,31,0
8433,0,2,145535,2606,150000,27,1
8468,0,2,75316,0,140000,45,0
8471,0,2,16583,0,30000,23,0
8472,0,3,27699,2200,30000,22,1
8496,0,2,1504,3063,150000,58,1
8508,0,2,19812,0,20000,53,0
8515,0,2,17287,1000,20000,50,0
8521,0,2,45222,0,60000,29,0
8524,0,2,7117,708,40000,26,0
8526,0,2,141447,5000,150000,36,0
8543,0,2,25595,0,30000,44,1
8547,0,2,16523,3000,20000,26,0
8549,0,2,8356,0,10000,28,0
8574,0,3,11594,0,20000,25,0
8577,0,2,157601,1000,170000,27,0
8603,0,2,29760,1200,30000,47,0
8608,0,2,34724,1500,140000,27,1
8613,0,2,30496,15912,30000,34,0
8627,0,2,9872,0,10000,23,1
8636,0,2,17525,0,20000,24,0
8655,0,8,2400,0,30000,47,0
8709,0,2,81931,18895,100000,29,0
8721,0,2,333,3135,30000,25,1
8728,0,2,16247,724,30000,45,1
8731,0,2,22738,1701,30000,22,1
8742,0,2,30529,1200,80000,26,0
8757,0,2,142254,0,140000,28,0
8773,0,2,222356,6000,220000,41,0
8775,0,2,30074,0,150000,25,1
8791,0,2,1850,4450,290000,40,1
8796,0,2,540,780,50000,53,1
8798,0,2,48797,2000,70000,37,0
8799,0,2,25258,37000,360000,36,1
8809,0,2,7082,0,80000,25,0
8815,0,2,17961,800,80000,51,0
8822,0,2,30520,0,30000,23,0
8823,0,2,67747,3000,180000,36,1
8832,0,2,29980,2500,50000,37,0
8844,0,4,22680,0,40000,24,0
8857,0,2,40607,1600,80000,52,0
8878,0,2,6074,0,30000,41,0
8884,0,2,15306,0,100000,24,0
8889,0,2,59390,2800,170000,30,1
8898,0,2,4792,13324,20000,24,1
8906,0,2,48085,0,50000,25,0
8917,0,2,1996,957,460000,42,1
8926,0,2,18967,512,20000,51,0
8930,0,2,8372,764,10000,29,0
8937,0,2,51391,4536,100000,36,1
8954,0,2,58508,0,150000,29,0
8966,0,2,13564,0,70000,31,0
8985,0,3,1536,0,30000,34,1
8998,0,3,80518,0,80000,31,0
9007,0,2,150746,5500,150000,35,0
9013,0,2,82730,3300,100000,29,0
9017,0,2,24087,0,60000,31,0
9020,0,2,180145,6000,200000,34,0
9032,0,3,21521,1250,50000,36,0
9034,0,2,75133,2800,160000,24,0
9048,0,2,1239,0,20000,25,0
9063,0,2,49700,2000,70000,34,0
9071,0,2,48390,2000,50000,27,1
9073,0,2,139130,4448,500000,29,0
9075,0,2,30404,1300,30000,33,0
9080,0,6,53625,0,50000,26,0
9082,0,2,104433,5000,120000,51,1
9085,0,2,50047,2000,50000,27,0
9090,0,2,178148,0,180000,31,0
9099,0,2,47185,2000,130000,37,0
9103,0,2,90823,0,140000,45,0
9108,0,2,100966,10060,110000,32,0
9111,0,2,96579,0,380000,46,0
9116,0,2,25905,0,30000,22,0
9134,0,3,1206,0,50000,26,1
9140,0,2,95745,2900,130000,29,1
9142,0,2,3235,810,200000,30,1
9143,0,2,51091,0,80000,34,0
9148,0,2,3612,0,50000,27,0
9149,0,2,4843,800,10000,46,0
9152,0,3,2203,0,440000,33,1
9165,0,2,28890,1600,30000,28,0
9167,0,2,23408,0,30000,25,0
9177,0,2,11718,500,30000,31,1
9195,0,5,2495,0,460000,39,0
9201,0,2,383822,11568,480000,37,1
9211,0,2,107519,3800,120000,31,0
9215,0,2,16297,3000,20000,48,0
9218,0,2,179546,5400,180000,23,1
9223,0,2,32763,1157,50000,36,0
9227,0,2,415,415,280000,40,1
9228,0,2,12501,0,20000,44,1
9236,0,2,28779,1000,80000,26,1
9264,0,2,42784,7222,110000,30,0
9272,0,2,58551,0,60000,31,0
9273,0,2,49057,2000,100000,40,0
9284,0,2,238202,0,240000,41,0
9287,0,2,50823,2000,100000,42,0
9290,0,2,95471,105300,220000,30,0
9293,0,2,122963,0,140000,30,0
9306,0,2,107893,4100,140000,45,0
9308,0,3,18900,900,30000,28,1
9316,0,2,205377,12000,250000,26,0
9326,0,2,51519,1567,80000,23,0
9329,0,2,23809,2074,70000,32,1
9366,0,2,12482,610,50000,33,1
9380,0,2,18752,7189,20000,22,0
9382,0,2,48952,0,240000,38,0
9390,0,2,40536,0,40000,26,0
9397,0,2,12026,445,30000,23,0
9414,0,2,100959,7,100000,39,0
9426,0,2,64554,0,140000,45,0
9427,0,2,123155,4300,180000,30,0
9431,0,2,16990,0,20000,24,1
9452,0,2,17688,0,50000,43,0
9458,0,2,2350,2792,190000,37,1
9468,0,2,27572,2000,60000,29,1
9484,0,2,70267,2603,70000,59,0
9500,0,2,140868,4000,150000,32,1
9518,0,2,37934,1500,50000,24,0
9551,0,2,75327,5800,80000,30,0
9574,0,2,4245,0,200000,34,1
9583,0,2,19161,0,30000,23,0
9584,0,2,9382,815,20000,23,0
9594,0,2,300,0,20000,26,0
9596,0,2,1969,498,500000,41,0
9597,0,2,12187,1100,30000,41,0
9614,0,2,102324,8000,120000,34,0
9626,0,2,19777,0,20000,24,0
9629,0,2,252,13404,150000,34,1
9631,0,2,98015,7700,100000,32,1
9637,0,2,78261,19000,90000,28,1
9647,0,2,29848,1000,30000,34,0
9651,0,2,69605,2700,70000,24,0
9661,0,2,29302,1600,30000,35,0
9662,0,2,22081,0,30000,36,0
9666,0,2,24350,3,360000,27,1
9672,0,7,2400,0,170000,48,0
9677,0,2,52522,0,60000,29,0
9695,0,2,18080,1700,20000,23,0
9697,0,2,14259,1000,50000,34,0
9700,0,2,132416,63,130000,27,0
9706,0,2,47340,2780,50000,27,1
9715,0,2,10050,0,10000,24,0
9719,0,2,49794,1900,50000,31,1
9731,0,2,20349,361,20000,22,0
9736,0,2,24104,1000,60000,32,1
9756,0,2,57344,3000,140000,31,0
9762,0,5,364365,0,360000,33,0
9765,0,2,32609,0,50000,50,0
9788,0,2,81278,0,130000,34,1
9795,0,2,15503,0,30000,24,0
9803,0,2,18982,1000,20000,22,0
9811,0,2,60191,0,120000,33,1
9812,0,2,82321,6500,90000,49,0
9813,0,2,46046,1664,110000,32,1
9817,0,2,10547,426,50000,53,1
9821,0,3,24288,0,20000,26,0
9822,0,3,18885,900,20000,23,0
9826,0,2,2724,5744,490000,51,1
9831,0,2,15961,620,240000,54,1
9833,0,2,23016,2286,100000,67,0
9836,0,2,70526,3000,80000,32,0
9839,0,2,109108,2500,150000,29,0
9843,0,2,27190,40925,30000,25,0
9846,0,2,29215,5000,130000,43,1
9866,0,2,43739,5261,100000,50,1
9871,0,2,600,0,110000,37,0
9881,0,2,172027,6180,180000,23,0
9889,0,2,121885,0,160000,38,0
9893,0,2,149805,5000,150000,25,0
9903,0,2,150,586,60000,25,0
9921,0,2,188695,5828,200000,34,0
9928,0,2,976,0,300000,38,1
9941,0,2,3669,0,160000,51,0
9947,0,2,25926,1000,30000,26,1
9950,0,2,18020,0,30000,25,0
9951,0,3,3610,0,50000,28,1
9980,0,3,31085,0,30000,38,0
10007,0,2,112232,4320,170000,35,1
10008,0,2,39827,1443,100000,38,1
10020,0,2,46001,1486,50000,26,1
10027,0,2,30537,1200,50000,32,1
10040,0,2,176770,7000,200000,27,0
10043,0,2,15320,0,30000,24,0
10054,0,2,22972,0,400000,38,0
10070,0,2,139209,4570,130000,36,1
10084,0,2,23777,0,30000,23,1
10087,0,2,104427,4000,140000,28,1
10095,0,2,67855,10000,170000,31,1
10096,0,2,1000,0,30000,26,1
10098,0,2,91534,0,90000,33,0
10103,0,2,7075,268,30000,42,1
10112,0,2,22219,0,60000,28,0
10116,0,2,6838,0,10000,24,0
10117,0,2,16952,691,110000,48,1
10120,0,2,73940,1700,90000,26,0
10121,0,2,52986,0,150000,48,0
10125,0,2,9081,482,20000,38,0
10141,0,3,990,0,210000,26,1
10143,0,2,55500,0,400000,39,0
10149,0,2,49765,0,50000,47,0
10152,0,2,60668,2200,60000,48,0
10156,0,2,9144,484,10000,22,0
10179,0,2,545,550,120000,34,1
10181,0,2,30577,0,40000,25,0
10184,0,2,28092,1200,30000,39,1
10185,0,2,365587,27000,380000,52,1
10194,0,2,45025,1900,110000,28,1
10195,0,2,8548,250,10000,46,0
10197,0,2,29944,2100,50000,41,0
10205,0,2,83630,0,120000,48,1
10209,0,2,4634,0,50000,45,1
10211,0,2,28346,1200,90000,31,0
10225,0,2,5789,300,80000,60,1
10228,0,2,9146,3000,50000,22,1
10231,0,2,127184,5000,140000,38,0
10238,0,2,71144,0,140000,41,0
10242,0,2,42095,1571,100000,27,1
10248,0,2,2657,2239,120000,35,1
10249,0,3,1395,0,500000,41,1
10257,0,2,99555,1650,100000,41,0
10282,0,2,57499,0,60000,26,0
10293,0,2,47524,2000,90000,30,1
10298,0,2,120940,4023,120000,41,1
10305,0,2,91630,3390,100000,23,1
10317,0,2,18654,0,20000,23,0
10326,0,2,30894,1400,30000,23,0
10329,0,2,38381,5000,110000,32,0
10338,0,2,19376,850,20000,47,0
10339,0,2,22400,3000,200000,32,0
10348,0,2,20139,6411,200000,36,1
10354,0,2,11986,1900,20000,43,0
10357,0,2,24537,2200,30000,48,0
10364,0,2,50563,5000,80000,28,0
10390,0,4,1650,0,20000,25,0
10391,0,2,98171,3800,200000,49,0
10392,0,2,60955,2000,80000,25,1
10400,0,2,150,150,260000,53,1
10401,0,2,203159,7250,220000,32,1
10405,0,2,54404,2000,210000,30,0
10410,0,2,40332,2000,140000,27,0
10425,0,2,88591,3100,140000,32,0
10436,0,2,77485,3100,100000,33,1
10447,0,2,780,1080,10000,24,1
10457,0,2,78032,0,80000,50,0
10460,0,2,47511,1800,50000,48,0
10467,0,2,37314,1500,70000,43,1
10468,0,2,103301,3906,110000,24,0
10498,0,2,14807,1400,30000,43,0
10505,0,2,1000,1000,340000,29,1
10507,0,2,19572,0,20000,22,0
10510,0,2,123914,4679,150000,39,1
10515,0,2,112528,4000,240000,35,0
10522,0,2,57027,0,100000,51,0
10534,0,2,4787,0,10000,52,0
10537,0,2,676,31496,30000,25,0
10540,0,2,174571,7000,220000,47,0
10547,0,2,28704,1100,30000,56,0
10548,0,3,8420,0,80000,25,0
10568,0,2,9771,306,360000,36,1
10570,0,3,90464,0,50000,25,0
10576,0,2,92736,4000,100000,31,0
10594,0,2,16139,0,20000,31,0
10606,0,2,15209,1000,70000,24,1
10609,0,2,28716,2287,30000,27,1
10611,0,2,30242,1000,50000,61,1
10615,0,2,26287,1000,120000,28,1
10635,0,2,49841,9,50000,30,1
10647,0,2,15593,0,30000,49,0
10649,0,3,4762,0,10000,22,1
10656,0,2,1459,1250,240000,38,0
10663,0,2,53242,2200,70000,40,1
10664,0,2,44081,4000,50000,36,0
10667,0,2,85837,0,100000,29,0
10678,0,2,56668,2200,60000,24,1
10697,0,2,13899,514,20000,26,1
10698,0,3,4969,0,280000,57,0
10702,0,2,31133,1500,50000,31,0
10729,0,2,122052,4204,130000,47,0
10745,0,2,2482,18,280000,45,0
10759,0,2,48476,1900,70000,51,0
10785,0,2,59738,2100,80000,33,0
10790,0,2,17867,756,60000,24,1
10793,0,2,78550,5000,100000,44,1
10802,0,7,2400,0,50000,36,0
10804,0,2,75560,3000,100000,41,0
10823,0,2,99251,3470,140000,27,0
10839,0,2,96561,0,140000,28,0
10857,0,2,83277,77325,200000,31,1
10862,0,2,150,921,110000,29,0
10871,0,2,63269,500,80000,37,0
10908,0,2,22813,0,150000,30,0
10913,0,2,4322,320,10000,40,0
10917,0,2,9963,200,10000,22,1
10937,0,2,107338,0,180000,29,0
10949,0,2,114050,4000,180000,39,1
10959,0,2,290787,0,320000,27,1
10964,0,2,26542,1000,60000,28,0
10975,0,2,25358,2100,30000,29,0
10983,0,2,2500,0,300000,59,0
11009,0,2,15692,0,70000,40,0
11035,0,2,9607,0,30000,38,0
11037,0,2,20836,0,20000,33,0
11041,0,2,1346,10025,400000,32,0
11050,0,2,82572,3100,90000,33,0
11060,0,2,105999,5031,320000,32,0
11063,0,2,326,326,120000,32,1
11073,0,3,71003,38,80000,27,1
11075,0,2,2500,0,260000,43,0
11080,0,2,1308,72375,100000,41,1
11099,0,2,37958,0,170000,27,0
11105,0,2,29909,0,30000,23,0
11128,0,3,3820,0,80000,45,0
11131,0,2,50319,2000,50000,43,0
11134,0,2,54976,1232,500000,39,1
11140,0,2,44670,0,60000,37,1
11150,0,2,20724,900,70000,62,1
11167,0,2,110769,4100,140000,35,0
11172,0,2,26056,1000,70000,37,0
11177,0,2,74441,2600,180000,28,1
11183,0,2,10161,500,50000,34,1
11192,0,2,25227,0,30000,29,1
11207,0,7,2443,0,200000,28,0
11218,0,2,930,0,30000,31,0
11240,0,2,127154,5004,180000,26,1
11243,0,2,148131,0,150000,26,0
11244,0,2,30932,0,30000,23,0
11246,0,2,290318,10031,500000,40,1
11257,0,2,44274,3000,110000,24,1
11261,0,2,8815,5363,20000,54,1
11267,0,2,19403,2000,70000,34,0
11276,0,2,49669,0,60000,29,0
11284,0,2,28208,2500,30000,25,0
11334,0,2,17556,1456,20000,24,1
11343,0,2,19277,0,20000,41,0
11344,0,2,28696,2848,50000,27,1
11357,0,2,14465,1000,30000,43,0
11389,0,2,8019,1390,10000,41,1
11415,0,2,7156,23164,100000,24,1
11425,0,2,40428,0,40000,39,0
11428,0,3,113999,0,120000,27,1
11434,0,2,68745,3000,140000,36,1
11436,0,2,8771,1000,20000,23,0
11445,0,2,27941,1200,20000,27,0
11452,0,5,34420,0,50000,47,0
11465,0,2,7734,2000,30000,22,1
11485,0,2,28403,1374,30000,23,0
11494,0,2,45288,2000,50000,22,1
11498,0,2,272322,254000,250000,42,0
11502,0,2,27531,1179,50000,24,1
11511,0,4,1650,0,20000,63,0
11517,0,2,88057,3200,100000,35,0
11531,0,2,81212,4000,240000,31,1
11537,0,2,10482,26218,200000,38,1
11552,0,2,476,476,150000,38,1
11555,0,3,149723,15,150000,42,0
11559,0,2,15619,1300,30000,35,0
11578,0,2,27554,0,100000,33,0
11585,0,2,166972,7000,170000,30,0
11586,0,2,74960,0,90000,47,1
11587,0,2,1852,1116,160000,29,1
11590,0,2,22225,0,30000,26,0
11617,0,2,5450,0,30000,52,0
11618,0,2,106848,5000,110000,32,0
11623,0,2,28709,4860,90000,25,0
11626,0,2,14537,600,140000,28,0
11644,0,3,5618,1000,80000,34,0
11661,0,2,15802,2200,80000,39,0
11662,0,2,19629,1000,30000,23,0
11664,0,2,30847,1200,50000,27,0
11668,0,2,29497,0,30000,26,1
11670,0,2,174744,6300,210000,32,1
11672,0,2,55979,0,110000,56,0
11676,0,2,198059,0,200000,28,1
11682,0,2,96258,3400,100000,29,0
11689,0,2,30064,1000,60000,42,1
11702,0,2,46188,1500,130000,24,0
11705,0,4,29999,0,30000,22,0
11706,0,3,1050,0,20000,25,0
11709,0,2,19775,0,20000,25,0
11711,0,2,6438,1435,140000,38,1
11713,0,2,123766,0,120000,47,0
11714,0,2,19131,0,50000,29,0
11717,0,2,61966,2500,100000,34,0
11720,0,2,47758,3600,70000,29,0
11735,0,2,19339,0,180000,28,0
11739,0,2,99504,3700,120000,30,0
11740,0,2,5000,0,300000,47,0
11744,0,2,8792,400,70000,31,0
11749,0,2,51176,0,100000,34,0
11750,0,2,48179,1850,50000,45,0
11777,0,2,54449,323,70000,34,1
11785,0,5,8999,0,10000,23,0
11790,0,2,4544,1041,310000,39,1
11803,0,2,32564,2000,90000,27,1
11828,0,2,50326,1900,50000,30,0
11830,0,3,17291,0,30000,24,0
11831,0,2,13179,500,60000,35,0
11832,0,2,1997,28377,160000,28,1
11842,0,2,217704,9000,370000,45,0
11845,0,4,600,0,30000,24,0
11869,0,2,4514,0,70000,37,1
11874,0,2,91185,3500,100000,29,0
11881,0,2,145455,0,200000,29,1
11893,0,2,503,1200,260000,37,0
11898,0,2,150,780,20000,27,1
11908,0,2,21129,1800,130000,43,0
11913,0,2,324093,10000,480000,46,1
11914,0,2,2255,2440,20000,24,0
11947,0,2,30554,1500,30000,25,0
11969,0,2,8710,700,70000,28,1
11976,0,2,17369,33000,70000,25,0
11988,0,3,1050,0,20000,36,0
11994,0,2,33860,0,100000,28,0
12004,0,2,28767,1000,30000,35,0
12011,0,2,91520,0,90000,39,0
12018,0,2,15514,600,50000,47,0
12019,0,2,2500,0,260000,64,0
12022,0,2,1411,390,80000,52,0
12030,0,2,44587,1700,50000,35,1
12036,0,7,2646,0,30000,44,0
12052,0,2,21747,0,50000,26,0
12067,0,2,59246,2100,70000,53,0
12072,0,2,836,1320,50000,26,1
12079,0,2,25473,0,30000,46,0
12085,0,2,27997,923,60000,27,1
12090,0,3,97477,0,160000,32,0
12094,0,2,28341,2000,70000,43,0
12099,0,2,9200,0,120000,28,0
12101,0,2,45643,2000,120000,41,0
12120,0,2,9186,50,20000,22,1
12126,0,2,7552,300,20000,29,1
12150,0,2,36403,0,300000,42,0
12157,0,2,29840,0,30000,51,0
12163,0,2,60333,1,120000,31,0
12164,0,2,47551,1600,50000,42,0
12177,0,2,50426,5,50000,53,0
12192,0,4,420,780,10000,55,0
12193,0,2,58715,5000,80000,37,1
12197,0,2,18998,0,20000,35,0
12202,0,2,28112,0,50000,25,0
12207,0,3,25412,0,30000,36,0
12217,0,2,205479,7500,280000,39,0
12231,0,2,27219,2054,30000,37,0
12238,0,2,37829,2500,50000,30,0
12261,0,3,38167,1000,90000,23,0
12279,0,2,10481,0,20000,47,0
12281,0,3,11653,0,100000,36,0
12304,0,2,204302,20002,240000,56,1
12319,0,2,18036,800,20000,27,1
12321,0,2,140425,4756,210000,40,1
12347,0,2,169165,6200,190000,28,0
12362,0,2,101737,0,100000,26,0
12363,0,2,48179,0,50000,32,0
12370,0,2,19342,1500,20000,42,0
12385,0,2,321936,7060,330000,27,0
12388,0,2,31965,1300,70000,42,0
12391,0,2,56577,0,150000,32,0
12393,0,2,28181,0,30000,47,0
12395,0,2,18347,600,20000,45,0
12407,0,2,146003,5200,160000,33,0
12409,0,2,65644,2500,80000,30,0
12417,0,2,11365,0,60000,27,0
12431,0,4,1650,0,20000,24,0
12433,0,4,1650,0,20000,24,0
12472,0,2,133548,0,130000,30,1
12486,0,2,18292,1000,20000,22,1
12489,0,2,1735,0,30000,36,0
12497,0,2,6695,0,60000,31,0
12498,0,2,118202,11000,200000,34,0
12501,0,2,33595,1400,70000,38,0
12503,0,2,46569,0,400000,27,0
12508,0,2,55632,2500,80000,24,0
12520,0,3,101935,0,100000,27,0
12523,0,2,15046,400,20000,48,0
12536,0,2,10312,1000,20000,28,0
12547,0,2,56117,3150,90000,27,0
12574,0,2,930,0,10000,49,0
12588,0,2,10198,0,10000,27,1
12599,0,2,3014,1000,30000,38,1
12601,0,2,46718,1817,50000,55,1
12623,0,2,156808,0,170000,37,0
12674,0,2,318274,0,430000,42,0
12677,0,2,28052,1500,200000,36,0
12699,0,2,2929,5253,180000,25,1
12716,0,2,223254,8500,250000,35,0
12723,0,2,804,4421,200000,34,1
12724,0,2,67128,1000,70000,27,0
12733,0,2,19546,0,70000,34,0
12742,0,2,91687,10000,360000,62,1
12746,0,3,41380,1800,50000,52,0
12751,0,3,18271,0,20000,23,1
12761,0,2,43685,0,50000,30,0
12765,0,2,107981,3000,110000,29,1
12768,0,2,173667,1842,180000,27,0
12773,0,2,4014,0,70000,36,0
12775,0,3,19342,0,20000,23,0
12781,0,2,81397,2100,60000,38,0
12788,0,2,149438,0,150000,42,1
12793,0,2,20083,1000,50000,55,1
12803,0,2,148107,15000,260000,53,0
12811,0,2,31307,0,50000,25,0
12812,0,3,68006,2700,100000,54,0
12813,0,2,125368,4980,130000,29,0
12823,0,2,137251,5308,140000,50,0
12825,0,7,2400,0,50000,36,0
12832,0,2,7647,1000,20000,24,0
12835,0,2,20411,1850,40000,26,0
12852,0,2,23883,3000,200000,40,1
12877,0,3,20962,0,20000,28,0
12878,0,2,1369,1845,150000,29,1
12879,0,2,428239,28900,470000,47,1
12898,0,2,10213,202,20000,22,0
12909,0,2,120615,0,120000,37,0
12919,0,2,22644,7651,300000,39,1
12923,0,2,63733,0,90000,33,0
12931,0,2,33961,1600,50000,24,0
12937,0,2,222672,0,220000,32,0
12947,0,2,134470,1,140000,34,0
12956,0,2,2500,0,280000,62,0
12967,0,2,359314,42617,400000,40,0
12975,0,2,165,1235,150000,55,1
13011,0,2,422,20417,60000,26,1
13012,0,2,39749,1500,110000,26,1
13021,0,2,19400,0,20000,56,0
13029,0,2,66135,3000,100000,47,1
13041,0,3,15766,0,20000,52,1
13044,0,2,27920,5000,500000,47,1
13055,0,2,183,1500,80000,27,1
13056,0,2,229421,9100,230000,29,0
13062,0,2,1780,0,20000,23,1
13068,0,2,29087,5000,50000,30,0
13072,0,2,8699,784,30000,25,1
13080,0,2,32514,1400,50000,27,1
13101,0,3,7487,0,60000,35,0
13125,0,2,37705,2000,260000,31,1
13152,0,2,149618,11800,180000,34,0
13189,0,2,57556,3500,300000,36,0
13198,0,2,139207,2,140000,26,1
13219,0,2,5550,600,20000,23,0
13222,0,2,46275,2000,50000,24,0
13232,0,5,1200,0,20000,23,0
13235,0,2,50252,1900,130000,35,1
13255,0,3,12088,0,20000,25,0
13262,0,3,62149,0,60000,60,0
13263,0,2,30889,3000,40000,24,0
13265,0,2,44986,3500,50000,23,0
13267,0,2,105553,3000,110000,29,1
13269,0,2,63889,4000,150000,45,1
13285,0,2,49000,4200,50000,46,1
13290,0,2,210077,7600,230000,34,0
13291,0,2,10102,374,20000,41,0
13292,0,2,47442,2500,50000,22,0
13298,0,2,54748,2200,80000,36,0
13312,0,2,10249,2034,150000,28,1
13314,0,2,29201,2000,30000,26,0
13331,0,3,20702,0,20000,46,1
13354,0,2,17327,5000,140000,29,0
13365,0,2,49676,2000,110000,23,0
13370,0,2,132072,0,150000,31,0
13374,0,2,9904,147,50000,28,1
13390,0,2,82516,10000,340000,36,1
13401,0,2,46774,3285,50000,32,0
13407,0,7,2400,0,10000,23,0
13418,0,2,16070,1600,50000,32,0
13422,0,2,80945,0,100000,29,0
13423,0,3,3162,0,230000,43,1
13424,0,2,380,0,50000,53,1
13441,0,2,33441,1400,40000,23,0
13445,0,2,221730,7900,320000,48,0
13451,0,2,16568,209,40000,53,1
13466,0,2,23784,5000,140000,26,0
13467,0,2,25798,1000,30000,45,1
13476,0,2,16540,0,30000,56,1
13479,0,2,17327,1000,30000,43,0
13480,0,2,182864,0,390000,41,0
13489,0,2,67122,2700,80000,26,0
13501,0,2,49009,0,140000,36,0
13529,0,2,21819,0,20000,31,0
13562,0,2,317129,12165,320000,46,0
13565,0,2,23540,696,50000,37,1
13567,0,2,1965,108,240000,62,1
13571,0,2,930,0,20000,45,0
13576,0,2,10203,2200,40000,26,0
13585,0,2,37662,1600,50000,23,1
13595,0,2,18175,193,50000,22,1
13606,0,2,36969,1100,50000,27,0
13624,0,2,4187,0,10000,23,0
13636,0,3,21031,0,20000,36,0
13675,0,2,14212,1431,30000,35,0
13680,0,2,44056,0,60000,28,0
13696,0,2,19900,0,20000,29,0
13697,0,2,30743,1445,30000,49,0
13712,0,2,2500,0,200000,30,0
13713,0,3,18011,0,20000,40,0
13718,0,2,61617,2500,70000,30,0
13720,0,4,30431,1000,30000,27,0
13721,0,2,95803,3600,100000,27,1
13739,0,2,29446,6,30000,22,0
13740,0,7,2400,0,40000,43,0
13744,0,2,2497,0,260000,29,0
13745,0,2,33714,5000,100000,58,0
13779,0,2,26868,1200,30000,25,0
13781,0,2,9558,508,20000,34,0
13784,0,2,7944,158,10000,22,0
13786,0,2,35910,0,240000,35,0
13788,0,2,52336,2000,160000,41,0
13808,0,2,9662,194,50000,26,0
13811,0,2,14005,2000,40000,47,0
13814,0,2,19406,700,240000,36,0
13839,0,6,51651,0,70000,43,1
13845,0,2,31093,11,30000,25,0
13850,0,2,97884,3500,170000,24,1
13861,0,2,33010,9,150000,32,0
13897,0,2,3340,93665,110000,31,1
13909,0,2,172401,6300,180000,28,0
13922,0,2,121962,0,120000,24,1
13933,0,2,16958,800,50000,27,0
13945,0,2,82369,3100,90000,32,0
13955,0,2,22724,3500,60000,46,1
13957,0,2,14271,600,70000,46,0
13958,0,2,16110,1504,20000,33,0
13961,0,2,61650,0,120000,38,0
13963,0,2,27374,2300,30000,54,1
13967,0,7,2400,0,40000,55,0
13998,0,5,81487,1500,90000,31,0
14001,0,2,466,632,180000,40,1
14018,0,3,29375,0,50000,45,0
14026,0,2,47740,2300,50000,31,0
14035,0,2,164012,6000,180000,36,1
14063,0,2,14328,1000,30000,26,0
14082,0,2,80159,11000,80000,41,0
14085,0,2,80243,6100,200000,36,0
14087,0,2,12167,0,30000,54,0
14089,0,2,60842,6000,130000,32,1
14097,0,2,13854,0,20000,61,0
14106,0,2,29921,518,50000,38,1
14140,0,2,780,0,20000,50,1
14175,0,2,38287,0,250000,52,1
14187,0,2,84253,17400,120000,51,1
14191,0,2,22756,1000,50000,25,1
14217,0,2,69484,2800,70000,38,0
14221,0,2,47744,2000,70000,42,0
14223,0,2,29523,781,30000,54,1
14226,0,3,1050,0,50000,29,0
14227,0,2,20026,0,20000,24,1
14245,0,7,2400,0,10000,50,0
14259,0,2,7526,800,50000,27,0
14274,0,2,180612,7000,200000,42,1
14281,0,2,134687,5300,140000,38,0
14282,0,2,48884,0,80000,27,0
14295,0,4,1650,0,20000,24,0
14299,0,2,33143,1000,30000,37,0
14315,0,2,53069,1000,80000,60,0
14318,0,2,3827,2989,360000,27,1
14328,0,2,15576,1463,20000,26,0
14334,0,2,1225,1300,50000,27,1
14341,0,2,23002,900,30000,28,0
14362,0,2,203388,8000,240000,36,1
14365,0,2,8662,32852,180000,33,1
14368,0,2,97819,2000,100000,51,0
14373,0,2,20047,225,50000,27,1
14375,0,2,48737,2000,160000,42,0
14379,0,2,48721,0,50000,26,0
14406,0,2,55038,0,100000,26,1
14420,0,2,8879,0,440000,45,0
14429,0,3,1050,0,30000,25,0
14440,0,5,32913,0,50000,31,0
14451,0,2,118884,0,130000,29,1
14454,0,2,11,0,330000,28,0
14468,0,3,29140,3000,60000,37,0
14469,0,2,44208,10000,60000,37,1
14472,0,2,94509,2300,110000,28,0
14479,0,2,30582,1500,30000,23,0
14486,0,2,19220,10000,90000,27,0
14488,0,2,60491,0,60000,26,1
14500,0,2,50056,2750,60000,24,0
14506,0,2,28321,0,30000,49,0
14511,0,2,9000,333,50000,52,1
14523,0,2,23182,0,30000,25,1
14528,0,2,263,527,260000,38,1
14543,0,2,32900,1300,50000,38,0
14547,0,2,142199,0,140000,35,0
14552,0,2,116904,0,140000,27,1
14558,0,2,183069,6700,200000,39,0
14563,0,2,52015,2000,240000,39,0
14582,0,2,23138,0,130000,47,0
14615,0,6,142,0,10000,29,0
14620,0,2,221,1000,80000,28,1
14624,0,2,29720,0,30000,23,0
14631,0,2,9884,0,10000,23,0
14642,0,2,1615,0,50000,23,1
14650,0,2,179441,5200,200000,33,0
14653,0,2,16784,0,30000,25,0
14674,0,2,9332,10000,120000,27,1
14683,0,2,49584,6,50000,25,0
14692,0,2,14320,1500,20000,28,0
14707,0,2,37741,4000,100000,34,0
14709,0,2,63142,2400,80000,37,0
14719,0,2,101843,3500,200000,51,1
14723,0,2,46068,0,80000,30,0
14729,0,2,68270,5200,110000,30,0
14761,0,2,20353,36,20000,42,0
14783,0,2,15189,600,70000,30,1
14789,0,2,27957,0,30000,22,1
14794,0,2,33327,900,20000,25,0
14797,0,2,44430,2000,50000,43,0
14806,0,2,18988,1200,20000,24,0
14810,0,2,61284,3000,130000,45,0
14814,0,2,440,0,180000,29,1
14833,0,2,48768,0,120000,41,1
14862,0,7,2550,0,30000,24,0
14868,0,2,97944,3500,100000,29,1
14881,0,2,120601,4700,120000,32,0
14892,0,6,1950,0,50000,29,0
14894,0,2,26654,600,70000,32,0
14915,0,2,200,0,30000,26,0
14933,0,2,12540,1700,20000,26,0
14951,0,2,2487,0,250000,51,0
14955,0,2,16910,2000,20000,40,0
14973,0,2,441,583,150000,28,0
14974,0,7,2395,0,30000,55,0
14977,0,2,29791,1200,30000,58,0
14981,0,2,29793,700,30000,23,0
14989,0,2,47341,2000,70000,42,1
15009,0,2,24321,1027,30000,43,0
15014,0,2,16420,603,20000,40,0
15019,0,2,43516,2000,50000,41,0
15031,0,2,41250,108058,150000,46,0
15034,0,2,123451,0,180000,36,0
15056,0,2,153054,5900,200000,39,1
15063,0,2,74195,2800,100000,35,0
15069,0,2,153181,50436,280000,35,1
15087,0,2,155683,5847,260000,35,1
15112,0,2,22978,845,50000,50,0
15139,0,7,2395,0,30000,55,0
15152,0,2,51490,18,80000,23,1
15156,0,2,155636,0,200000,22,1
15174,0,2,18757,2000,30000,23,1
15178,0,2,11928,1499,50000,23,1
15180,0,2,69397,2600,90000,28,1
15185,0,2,18324,1664,20000,25,0
15186,0,2,6422,1,30000,25,0
15191,0,7,300,0,30000,24,0
15194,0,2,109678,4540,110000,24,0
15201,0,2,75708,3950,90000,30,1
15203,0,2,72800,2342,130000,26,1
15209,0,2,58208,3000,140000,27,0
15210,0,2,48822,1800,70000,27,0
15226,0,2,90029,0,90000,40,0
15229,0,2,91551,7200,130000,29,0
15231,0,2,17175,0,20000,36,1
15234,0,2,65503,0,100000,38,0
15235,0,2,5992,10000,120000,43,1
15245,0,2,33503,1300,80000,37,0
15296,0,2,10924,0,30000,41,0
15311,0,2,12936,3898,230000,31,1
15351,0,2,26450,1200,50000,37,0
15352,0,2,2191,5000,160000,44,0
15354,0,2,34989,5000,520000,46,1
15369,0,2,39062,1700,220000,44,1
15370,0,2,63243,2500,140000,45,0
15470,0,2,37371,31000,120000,40,0
15496,0,2,7702,1000,30000,30,0
15498,0,2,58862,3000,150000,34,0
15513,0,2,22110,1000,30000,37,0
15537,0,2,35476,1500,50000,39,0
15545,0,2,17104,0,20000,32,1
15559,0,2,56517,26000,60000,38,1
15571,0,2,68740,2700,130000,40,0
15574,0,2,258973,9858,260000,63,1
15586,0,2,80430,3110,500000,50,0
15598,0,2,9351,0,20000,22,0
15633,0,2,150,570,90000,25,1
15673,0,2,13545,800,30000,31,0
15676,0,2,19284,0,80000,24,0
15684,0,2,14916,1000,20000,28,1
15691,0,2,12364,1000,20000,24,1
15705,0,2,16666,16666,500000,53,1
15727,0,2,17871,1663,20000,22,1
15749,0,2,15429,379,20000,23,1
15757,0,2,30274,0,60000,22,0
15761,0,2,13082,4600,20000,22,0
15764,0,2,95885,7300,100000,23,0
15766,0,3,17174,0,30000,22,0
15768,0,2,9227,0,10000,23,1
15772,0,2,60984,2389,100000,24,1
15773,0,2,30402,1117,30000,24,0
15775,0,2,55497,2200,140000,24,0
15779,0,2,13439,1200,20000,24,0
15785,0,2,45116,1500,50000,23,0
15789,0,2,27883,2400,30000,26,0
15796,0,2,28039,1200,70000,25,0
15843,0,2,200720,15079,230000,28,0
15850,0,2,82910,3000,110000,28,1
15851,0,2,50976,2000,50000,28,0
15854,0,3,61700,0,60000,27,0
15856,0,2,123473,0,150000,25,0
15863,0,2,80828,3000,100000,29,0
15865,0,2,29762,1543,30000,29,1
15866,0,2,4921,2214,400000,28,1
15872,0,2,22622,900,30000,28,0
15884,0,2,9235,2000,90000,24,1
15889,0,3,72727,3000,80000,35,0
15894,0,2,17494,700,150000,29,0
15896,0,3,19897,500,20000,29,0
15899,0,2,97760,3500,110000,25,0
15903,0,2,41221,0,200000,30,0
15910,0,2,43843,1700,50000,28,0
15925,0,2,45576,2000,60000,31,0
15930,0,2,23583,0,60000,32,0
15936,0,2,30327,1080,30000,25,0
15938,0,3,22637,0,50000,26,0
15940,0,2,28354,1400,30000,32,1
15944,0,2,56502,10000,340000,33,1
15948,0,7,2400,0,30000,30,0
15966,0,2,12150,2000,50000,38,1
15969,0,2,49934,2000,140000,41,1
15973,0,2,29483,1500,30000,48,0
15979,0,2,60737,2500,80000,41,1
15982,0,2,29138,1033,30000,49,0
15983,0,2,14082,0,30000,46,1
15988,0,2,32709,1500,50000,31,0
15992,0,2,40295,1700,100000,32,0
16001,0,7,2400,0,20000,44,0
16010,0,2,84646,4000,140000,30,1
16026,0,3,300,0,30000,35,1
16030,0,2,1081,0,80000,39,0
16040,0,2,5000,0,200000,31,0
16061,0,2,23089,0,50000,47,0
16075,0,2,2714,1500,120000,38,1
16078,0,2,65629,3000,110000,46,1
16098,0,3,19512,0,30000,42,0
16099,0,2,27404,0,70000,46,0
16104,0,2,2222,36,10000,37,0
16113,0,2,222304,0,370000,45,1
16126,0,2,19306,1630,30000,34,1
16139,0,2,26133,566,30000,33,1
16141,0,2,31576,0,120000,35,0
16142,0,2,77171,3100,120000,39,0
16151,0,2,7350,7505,200000,48,0
16178,0,2,28629,2009,50000,29,0
16185,0,2,116266,9010,140000,32,1
16210,0,2,19434,528,20000,46,0
16219,0,2,97379,3900,120000,45,1
16223,0,2,76294,0,80000,43,0
16224,0,2,33965,0,50000,31,0
16236,0,2,54459,2200,70000,41,0
16238,0,2,17769,644,20000,45,1
16244,0,2,73672,2621,80000,56,1
16247,0,2,41462,0,40000,38,0
16248,0,2,35918,1500,50000,38,0
16249,0,2,137642,4000,170000,45,0
16251,0,2,55479,1852,50000,24,1
16252,0,2,30157,4800,30000,25,0
16259,0,2,105804,3947,110000,33,0
16295,0,2,97833,3700,110000,44,0
16296,0,2,76140,3700,120000,39,0
16305,0,2,20859,1200,30000,33,1
16310,0,2,44626,300,100000,34,0
16317,0,2,39831,69,160000,36,0
16326,0,2,11307,2000,20000,42,0
16331,0,2,26831,2305,30000,45,0
16333,0,2,79835,3618,110000,35,1
16340,0,2,17711,1581,30000,43,0
16345,0,2,19913,400,20000,43,1
16354,0,2,29177,1213,70000,37,0
16375,0,2,20529,2000,80000,42,0
16377,0,2,12305,1100,30000,48,0
16380,0,2,28117,1106,30000,46,0
16381,0,2,39725,2000,90000,33,0
16401,0,2,10126,672,10000,44,0
16414,0,2,25128,0,30000,38,1
16416,0,2,21315,1000,50000,36,0
16430,0,2,19655,3000,90000,50,1
16435,0,2,18970,1500,30000,53,1
16437,0,2,540,540,50000,52,1
16447,0,2,18395,3000,20000,54,0
16452,0,2,16968,700,30000,56,0
16455,0,2,68844,5100,80000,56,0
16462,0,2,16182,800,20000,50,0
16464,0,2,9287,300,50000,53,1
16468,0,2,32645,0,100000,50,0
16470,0,2,19680,1700,30000,53,0
16476,0,4,14728,2000,20000,56,0
16478,0,2,53391,2100,80000,54,0
16480,0,2,13149,700,20000,56,0
16481,0,2,18834,0,30000,53,1
16490,0,3,1050,0,30000,22,0
16494,0,2,44789,4,80000,23,1
16497,0,2,2246,66,20000,32,1
16498,0,2,19022,700,20000,26,0
16499,0,2,20452,7,50000,26,1
16503,0,2,17385,1500,20000,24,1
16506,0,2,7993,750,10000,22,0
16512,0,2,18023,800,20000,24,0
16513,0,2,15001,700,100000,24,0
16515,0,2,19721,1000,20000,24,0
16518,0,2,40925,1396,40000,24,0
16521,0,2,18099,0,20000,26,1
16525,0,3,20247,500,20000,28,0
16536,0,2,41792,2500,50000,26,0
16541,0,2,26980,0,30000,27,0
16543,0,2,4282,433,10000,27,0
16544,0,2,11855,900,20000,28,0
16546,0,2,25861,2500,30000,26,1
16549,0,2,20547,283,20000,30,0
16554,0,2,26079,3000,40000,29,1
16555,0,7,2300,0,10000,30,0
16559,0,4,1650,0,30000,27,0
16567,0,2,17725,3000,20000,29,0
16579,0,2,30779,0,30000,29,0
16582,0,3,1800,0,20000,29,0
16593,0,2,37751,1600,70000,29,0
16595,0,2,5475,0,10000,28,0
16601,0,2,7904,1500,10000,29,0
16603,0,4,82275,0,80000,29,0
16620,0,2,123796,5300,320000,35,0
16626,0,2,34565,1500,50000,32,0
16627,0,2,130666,5200,150000,32,1
16629,0,2,56322,3000,170000,34,0
16635,0,2,7030,460,30000,34,1
16640,0,3,25088,0,30000,48,0
16644,0,2,476,476,120000,35,1
16650,0,2,14027,0,50000,46,0
16675,0,2,17733,0,100000,48,0
16680,0,3,75757,3000,140000,32,0
16690,0,2,90355,3600,260000,46,0
16694,0,2,186838,6700,250000,35,0
16697,0,2,46078,2000,50000,44,0
16698,0,2,51303,0,80000,40,0
16700,0,2,179703,0,220000,47,0
16701,0,3,21432,0,120000,39,1
16705,0,2,8397,306,50000,42,1
16714,0,2,205477,4500,220000,39,1
16730,0,2,36191,3000,50000,34,0
16733,0,2,195913,6887,240000,42,0
16744,0,2,17175,748,50000,39,0
16749,0,2,93241,3900,150000,36,0
16783,0,2,16110,3134,20000,31,0
16786,0,2,47369,1903,60000,29,1
16788,0,2,16973,3600,30000,32,1
16789,0,7,2379,0,30000,37,0
16790,0,2,191837,0,220000,39,0
16793,0,2,22779,3400,30000,34,0
16802,0,2,20712,0,20000,35,0
16823,0,2,11799,582,20000,38,0
16839,0,2,19097,0,30000,43,0
16854,0,3,300,0,80000,36,0
16859,0,3,64074,3000,160000,47,0
16870,0,3,15930,0,20000,36,0
16890,0,2,40352,1700,150000,37,0
16913,0,2,19866,400,20000,50,1
16915,0,3,12700,0,20000,50,0
16920,0,3,41357,1000,50000,52,0
16924,0,2,10575,357,20000,55,1
16926,0,2,29300,0,30000,52,0
16933,0,7,2255,0,20000,53,0
16938,0,3,19303,0,20000,59,0
16941,0,2,110003,5011,180000,51,1
16943,0,2,26768,1129,30000,57,0
16954,0,2,15709,1000,20000,57,0
16957,0,2,231339,3000,270000,50,0
16961,0,2,48441,0,50000,48,0
16964,0,2,60819,2400,110000,54,0
16969,0,2,19690,705,50000,54,1
16978,0,2,30952,0,30000,30,0
16992,0,2,14974,0,50000,22,0
17005,0,2,18207,921,50000,22,0
17006,0,2,550,0,150000,24,1
17007,0,2,18223,0,20000,24,0
17009,0,2,51118,0,50000,24,0
17015,0,2,27801,1500,30000,23,1
17032,0,2,46720,1600,50000,23,0
17034,0,7,2400,0,10000,23,0
17038,0,2,311,15735,20000,24,1
17040,0,3,100960,679,100000,24,0
17044,0,2,50755,0,50000,26,0
17051,0,2,25762,5000,30000,22,1
17056,0,2,46214,3600,50000,22,0
17071,0,2,26366,3000,250000,26,0
17077,0,2,89046,7000,100000,24,0
17078,0,2,113204,5000,140000,24,0
17084,0,2,29209,2400,50000,25,0
17087,0,3,29594,2000,30000,23,0
17088,0,2,27451,2300,30000,23,0
17089,0,2,18768,900,60000,23,1
17122,0,3,29903,1600,30000,27,0
17130,0,2,27685,0,80000,24,0
17141,0,2,37671,1500,50000,25,0
17143,0,2,39965,0,80000,26,0
17149,0,2,22767,0,50000,27,0
17156,0,2,12270,0,30000,26,0
17178,0,2,3244,37895,250000,31,1
17188,0,2,46646,2000,70000,29,0
17197,0,2,53878,2800,150000,28,0
17202,0,2,384825,12000,390000,27,1
17208,0,2,36216,1500,50000,27,0
17219,0,2,22357,4255,30000,23,0
17231,0,2,97670,6170,100000,39,0
17233,0,4,10652,0,10000,46,0
17235,0,2,26050,0,80000,35,1
17236,0,2,24274,2000,40000,39,0
17240,0,7,2400,0,10000,41,0
17243,0,2,1770,7978,120000,36,1
17245,0,2,48058,3525,50000,36,0
17248,0,2,2500,0,360000,31,0
17249,0,2,17156,1600,20000,38,0
17256,0,2,21805,0,60000,47,0
17266,0,2,153965,5800,310000,31,0
17279,0,2,48322,1700,50000,34,0
17282,0,3,20289,600,20000,39,0
17319,0,4,107220,5200,120000,25,0
17320,0,2,136981,5100,200000,25,0
17325,0,2,77273,1000,150000,32,0
17332,0,2,18794,860,30000,48,1
17350,0,2,81086,3200,100000,44,0
17352,0,2,13595,3000,20000,43,0
17359,0,3,30099,0,120000,42,0
17363,0,2,7862,0,50000,38,0
17364,0,2,49611,2500,50000,36,0
17365,0,2,29433,1251,50000,43,1
17369,0,2,71755,0,140000,27,0
17387,0,2,17692,792,20000,48,0
17389,0,2,83048,3300,130000,44,0
17394,0,2,46865,2000,100000,46,0
17396,0,2,76034,4200,80000,29,0
17414,0,2,17893,800,30000,47,0
17417,0,2,20971,800,30000,49,0
17421,0,2,36036,0,200000,46,1
17444,0,2,26360,0,30000,38,1
17447,0,2,20859,900,30000,43,0
17457,0,2,104872,0,120000,36,1
17465,0,2,46032,0,200000,37,0
17478,0,2,19216,0,60000,30,0
17485,0,3,55961,2100,120000,39,0
17486,0,2,26298,0,50000,41,0
17513,0,2,25839,2300,40000,33,0
17520,0,2,16525,0,20000,33,0
17526,0,2,29869,0,110000,41,0
17529,0,2,184094,122400,370000,40,1
17540,0,2,29488,0,30000,47,0
17542,0,2,17992,644,20000,37,1
17545,0,2,10046,0,20000,35,0
17547,0,2,37566,1600,50000,42,0
17548,0,2,45355,1000,110000,38,1
17551,0,2,183299,7000,200000,40,1
17559,0,2,18016,1000,30000,45,0
17586,0,2,16548,1000,20000,39,0
17588,0,2,23078,2100,70000,38,0
17595,0,2,48756,1400,50000,33,0
17601,0,2,61402,0,80000,31,1
17613,0,2,83307,2855,180000,32,1
17615,0,2,45058,1900,80000,30,0
17620,0,2,134210,1000,180000,33,0
17635,0,4,63647,2000,80000,30,0
17650,0,2,130814,0,130000,47,0
17654,0,2,10263,0,10000,46,0
17660,0,2,29649,1300,30000,44,0
17688,0,2,58461,2500,70000,35,0
17703,0,2,7906,0,60000,35,0
17713,0,2,20785,0,90000,44,0
17715,0,2,2050,0,10000,50,0
17729,0,2,50241,0,50000,51,0
17737,0,2,1187,3000,110000,52,1
17747,0,2,14008,0,30000,58,0
17748,0,3,27361,1000,30000,54,0
17750,0,2,4360,500,10000,52,0
17757,0,7,2400,0,10000,51,0
17764,0,2,26870,0,30000,56,0
17775,0,2,93773,3500,110000,54,1
17779,0,3,56892,0,60000,59,0
17786,0,2,283200,10450,310000,62,0
17802,0,2,30525,0,30000,23,0
17807,0,2,25030,912,30000,35,0
17809,0,3,1050,0,10000,24,0
17811,0,2,25481,0,50000,24,0
17813,0,2,9117,971,10000,22,0
17824,0,2,30118,0,30000,25,1
17837,0,2,107970,0,110000,24,0
17839,0,2,45036,0,110000,25,1
17843,0,2,19446,0,20000,24,0
17847,0,2,147514,7000,200000,26,0
17849,0,2,48269,2002,80000,27,1
17857,0,2,44913,0,50000,28,1
17863,0,6,1800,0,10000,26,0
17864,0,2,15894,0,30000,26,0
17872,0,2,30022,0,70000,28,0
17875,0,7,2400,0,30000,30,0
17889,0,2,45632,140000,240000,33,1
17892,0,2,48791,6100,100000,29,1
17896,0,2,11500,5,20000,28,0
17904,0,4,400,0,50000,29,0
17916,0,2,42209,3600,50000,32,0
17919,0,2,95245,0,120000,33,0
17922,0,3,89429,3400,100000,29,0
17925,0,2,28125,2500,40000,44,0
17927,0,3,1050,0,10000,40,0
17932,0,2,225822,16500,230000,32,0
17941,0,2,47951,1910,70000,44,0
17946,0,2,17726,600,50000,45,1
17947,0,2,3979,227,230000,43,1
17951,0,2,103764,0,200000,43,0
17960,0,2,74068,0,80000,33,0
17967,0,2,8922,400,20000,31,0
17974,0,2,25607,0,30000,33,0
17975,0,2,7905,300,20000,35,1
18004,0,6,38133,1500,70000,33,0
18006,0,2,31800,2600,90000,39,0
18009,0,2,91146,3271,90000,41,1
18013,0,2,66520,3000,110000,30,0
18020,0,3,131001,10,130000,48,0
18034,0,2,210876,8000,280000,32,0
18039,0,2,55077,1600,400000,39,0
18040,0,2,29988,1163,30000,45,0
18043,0,2,48199,3027,110000,42,0
18063,0,2,22384,0,50000,31,0
18072,0,2,53613,2000,60000,36,0
18074,0,2,80529,2,110000,34,0
18075,0,2,38391,1531,40000,34,1
18089,0,2,107488,4200,140000,40,1
18095,0,3,1050,0,20000,42,0
18099,0,2,50577,0,50000,41,0
18100,0,4,27781,0,30000,39,0
18102,0,2,178485,1170,200000,40,0
18110,0,2,47398,2059,120000,43,0
18111,0,2,72132,3000,110000,48,1
18122,0,2,1612,1834,240000,38,1
18123,0,2,56265,2500,150000,33,0
18136,0,3,1050,0,10000,46,0
18138,0,2,46495,1600,100000,33,0
18141,0,2,204082,16000,220000,33,1
18159,0,2,93852,3400,210000,41,0
18180,0,2,1624,0,120000,38,0
18193,0,2,39877,1700,70000,39,0
18199,0,2,11175,1000,20000,40,0
18215,0,2,98086,400,130000,50,1
18216,0,2,105456,10365,200000,50,0
18221,0,2,9918,0,10000,50,0
18228,0,2,55873,0,100000,56,0
18229,0,2,18316,800,20000,62,0
18230,0,2,39757,2000,50000,54,0
18242,0,2,22228,1900,190000,50,0
18243,0,2,127646,0,160000,51,0
18257,0,2,8410,2000,10000,54,0
18260,0,4,20412,0,20000,61,0
18272,0,2,28037,6900,30000,58,1
18277,0,2,71415,2700,200000,55,1
18278,0,2,40297,1700,180000,58,0
18279,0,2,49315,0,170000,59,0
18282,0,2,17363,700,30000,54,1
18318,0,2,40628,3700,40000,25,1
18336,0,3,10529,0,20000,22,1
18347,0,3,18771,0,20000,22,1
18358,0,2,17151,0,20000,22,0
18369,0,2,28603,1755,30000,22,0
18370,0,2,19148,900,30000,22,0
18371,0,2,18919,700,30000,23,1
18376,0,2,32349,1300,60000,23,0
18385,0,2,28558,0,30000,22,1
18428,0,2,26856,1701,50000,24,1
18429,0,2,49750,4000,80000,24,1
18430,0,2,40379,1700,50000,24,1
18438,0,2,14337,700,30000,26,0
18443,0,2,18112,634,20000,22,0
18445,0,2,19694,0,20000,26,0
18479,0,2,16638,0,20000,25,0
18486,0,2,131986,5050,130000,26,0
18516,0,3,6463,0,20000,24,1
18519,0,2,28914,1200,40000,26,0
18576,0,2,8020,1500,10000,24,1
18610,0,2,51984,2000,80000,25,0
18623,0,2,45770,1900,50000,27,0
18626,0,2,33643,1700,50000,26,0
18628,0,2,21983,1500,260000,26,1
18629,0,2,54826,2000,190000,26,0
18640,0,4,41496,0,70000,25,0
18644,0,2,2500,0,200000,27,0
18656,0,2,55525,2500,90000,26,0
18657,0,2,91205,3500,90000,26,0
18659,0,2,33940,2000,40000,28,0
18688,0,2,54511,0,60000,28,0
18694,0,2,37446,1500,50000,25,1
18702,0,3,4358,0,250000,25,1
18704,0,2,15221,1000,30000,27,0
18707,0,2,33102,1771,100000,28,0
18719,0,2,46905,0,70000,26,0
18726,0,2,103044,0,140000,28,0
18735,0,2,30487,1100,50000,25,0
18736,0,2,59096,0,70000,25,0
18749,0,2,41137,0,60000,26,0
18760,0,2,81852,3200,160000,30,1
18816,0,2,77373,3000,100000,30,1
18827,0,2,15323,23,80000,24,0
18846,0,2,79219,3000,120000,27,1
18852,0,2,27552,985,30000,30,0
18868,0,3,184009,0,180000,28,0
18893,0,2,189518,0,200000,28,0
18911,0,3,300,0,110000,29,0
18914,0,2,48341,3500,50000,28,0
18919,0,2,171923,0,190000,28,0
18926,0,2,30592,0,30000,29,0
18937,0,2,58698,0,60000,28,0
18939,0,2,27447,1100,50000,28,0
18958,0,2,127788,0,140000,28,0
18960,0,2,161,7705,300000,30,1
18962,0,2,70258,3520,100000,29,0
18989,0,2,102261,3700,100000,30,0
18998,0,2,253338,0,330000,28,1
19000,0,2,80572,0,70000,29,0
19031,0,2,19501,750,50000,49,1
19033,0,2,27343,1139,30000,34,0
19036,0,2,27737,0,50000,41,0
19043,0,2,19859,0,70000,23,1
19050,0,3,100884,0,100000,30,0
19053,0,4,19999,0,20000,26,0
19056,0,2,55903,2200,70000,35,0
19066,0,2,74005,3000,80000,32,1
19070,0,2,29930,0,30000,35,0
19076,0,2,125098,6000,170000,39,1
19078,0,2,43976,1708,90000,40,0
19084,0,2,6985,4000,70000,32,1
19089,0,2,10243,10000,20000,27,1
19092,0,2,45159,1200,50000,31,0
19098,0,2,30952,3000,50000,25,1
19099,0,3,81336,0,80000,27,1
19131,0,2,21454,0,90000,30,0
19146,0,2,69309,3000,100000,40,0
19150,0,2,21680,792,70000,36,1
19168,0,2,57137,2200,200000,33,0
19195,0,2,354579,12800,380000,33,0
19201,0,5,18646,1000,20000,46,0
19207,0,2,29645,1114,30000,25,0
19215,0,5,129616,5000,150000,34,0
19242,0,2,13415,1308,30000,42,1
19244,0,2,302,12985,60000,47,1
19249,0,3,3032,0,220000,36,1
19250,0,2,150,0,220000,38,0
19261,0,2,127847,4826,250000,29,0
19265,0,2,34647,1402,70000,47,0
19279,0,2,17721,920,50000,39,1
19316,0,7,150,0,110000,41,0
19318,0,2,22605,0,50000,44,0
19323,0,2,61761,2380,60000,38,0
19329,0,2,36741,1484,140000,40,0
19330,0,2,28817,1500,30000,41,1
19345,0,2,16558,0,20000,48,0
19352,0,2,63443,2500,120000,40,0
19413,0,2,42695,1800,60000,27,0
19426,0,2,94428,8000,190000,34,0
19441,0,2,38297,2769,150000,42,0
19449,0,2,4948,1500,100000,29,1
19461,0,2,71161,2600,70000,33,0
19490,0,2,149133,300,180000,42,0
19504,0,2,97711,4000,300000,39,1
19529,0,2,6692,8242,150000,38,0
19534,0,2,9960,1200,40000,43,0
19557,0,2,21631,0,30000,29,1
19559,0,2,296036,5651,180000,42,1
19578,0,2,58505,0,80000,45,0
19588,0,2,16086,1600,40000,30,0
19596,0,2,308523,15000,430000,42,0
19606,0,2,179461,6017,180000,31,0
19614,0,2,1513,1328,160000,30,1
19640,0,2,83275,2200,90000,31,0
19641,0,2,21534,778,60000,32,1
19650,0,2,129098,1500,180000,33,0
19695,0,2,44577,1630,180000,38,1
19698,0,2,68959,3000,120000,38,0
19727,0,2,147715,7000,300000,30,0
19758,0,2,90043,3128,90000,33,0
19771,0,2,13149,524,30000,37,0
19799,0,2,21872,0,70000,32,0
19802,0,2,1891,283,10000,41,0
19819,0,2,29276,1368,30000,42,0
19821,0,2,1438,1261,200000,46,1
19862,0,2,47551,2000,50000,27,0
19866,0,2,9932,1000,100000,33,0
19937,0,2,202417,7167,240000,36,1
19944,0,2,40963,1670,90000,38,1
19962,0,3,30607,6000,60000,35,1
19983,0,2,5000,0,300000,47,0
19989,0,2,38932,3500,50000,42,0
20051,0,2,7574,268,10000,43,1
20100,0,2,27758,1100,80000,42,1
20117,0,2,120270,9400,170000,45,1
20141,0,2,11973,1950,50000,35,0
20205,0,2,19419,1000,20000,52,1
20212,0,2,70498,2422,70000,59,1
20221,0,2,10950,1150,100000,52,0
20249,0,2,47591,1885,210000,51,1
20255,0,7,2400,0,350000,52,0
20277,0,2,55341,2911,60000,62,1
20282,0,2,24178,2200,30000,50,0
20283,0,2,42674,0,50000,50,0
20285,0,2,31666,0,40000,55,0
20306,0,2,72676,3000,110000,62,1
20308,0,2,118804,8000,130000,53,0
20314,0,2,986,836,270000,60,1
20315,0,2,5579,0,110000,55,0
20339,0,2,43360,1500,50000,58,0
20347,0,4,65120,1000,60000,66,0
20360,0,2,19584,1803,20000,22,0
20368,0,2,14287,0,20000,23,0
20380,0,2,19615,0,20000,24,0
20382,0,3,9008,0,10000,24,1
20390,0,2,7646,700,10000,24,1
20399,0,2,13538,1400,20000,23,1
20407,0,2,24581,2500,140000,25,1
20416,0,2,14333,670,20000,25,0
20426,0,2,10017,1210,20000,24,1
20429,0,3,9953,0,20000,24,0
20438,0,3,29764,0,30000,22,0
20441,0,2,34548,3100,50000,26,0
20447,0,2,25338,1104,90000,25,0
20472,0,2,47603,3600,50000,26,1
20473,0,2,78451,0,80000,34,0
20495,0,2,108887,3500,120000,28,0
20497,0,2,139961,5000,140000,26,0
20524,0,2,38660,2900,60000,29,0
20531,0,2,67852,9000,150000,27,1
20546,0,3,20211,0,20000,30,0
20562,0,2,492,600,180000,28,0
20563,0,2,8410,2,140000,30,0
20573,0,2,29057,1228,30000,28,0
20574,0,2,107500,0,180000,29,1
20578,0,2,19050,21573,310000,29,1
20606,0,2,195702,5549,200000,30,0
20613,0,2,52462,2448,70000,26,1
20618,0,2,55576,4275,90000,29,1
20623,0,2,42689,10000,50000,32,1
20640,0,2,197104,7000,260000,37,0
20647,0,2,39234,0,100000,31,1
20652,0,2,25940,0,30000,22,0
20653,0,3,10975,0,30000,27,0
20658,0,2,18553,1000,50000,31,1
20666,0,2,952,0,190000,41,0
20671,0,2,44105,1900,70000,49,0
20673,0,2,48914,2000,100000,32,0
20674,0,6,19424,1000,20000,35,0
20681,0,2,17300,602,20000,47,1
20688,0,2,128983,4500,180000,28,0
20702,0,2,26927,0,30000,33,0
20710,0,2,59008,0,70000,44,0
20722,0,7,2400,0,20000,37,0
20725,0,2,239278,8100,270000,38,0
20728,0,2,27535,1268,30000,36,0
20734,0,2,32634,0,50000,41,0
20739,0,2,32009,1500,30000,30,0
20755,0,2,18137,900,20000,40,0
20757,0,3,32772,0,40000,46,0
20758,0,3,19704,600,20000,34,1
20771,0,2,53367,0,50000,34,0
20803,0,2,40005,3500,100000,34,1
20834,0,2,14751,1000,20000,47,0
20841,0,2,529,1500,500000,41,1
20853,0,2,48708,3000,50000,32,0
20856,0,3,56740,0,80000,30,1
20861,0,2,2500,0,250000,40,1
20867,0,2,51985,4600,60000,32,0
20871,0,2,182903,0,200000,31,0
20882,0,2,96258,0,110000,30,0
20884,0,2,9691,0,100000,41,0
20886,0,2,129942,0,200000,34,0
20903,0,7,2443,0,200000,28,0
20904,0,7,250,0,20000,48,0
20907,0,2,165725,7000,190000,40,0
20912,0,2,1444,1000,160000,41,1
20914,0,2,11869,1200,20000,26,1
20921,0,2,117583,10549,500000,39,0
20925,0,2,3388,1000,20000,45,0
20933,0,2,77217,0,130000,39,0
20954,0,2,117308,2330,140000,41,1
20987,0,2,18009,1600,30000,45,0
20991,0,2,181637,7000,180000,31,0
20993,0,2,299400,27000,460000,44,0
21005,0,2,72928,5000,80000,32,1
21013,0,2,2500,0,200000,43,0
21034,0,2,19582,1594,20000,36,0
21037,0,2,51225,1725,50000,40,0
21053,0,2,65828,0,70000,37,0
21057,0,2,27686,0,100000,34,0
21058,0,2,99587,2800,160000,38,0
21066,0,2,108887,4009,150000,37,1
21077,0,2,199689,6622,230000,46,0
21098,0,2,184048,7100,200000,42,0
21108,0,2,23766,565,30000,39,1
21120,0,2,3286,3000,160000,40,1
21121,0,2,30399,0,30000,47,1
21126,0,2,6225,1000,30000,40,1
21128,0,2,2500,0,500000,41,1
21176,0,3,26069,0,40000,33,0
21182,0,2,21941,2000,50000,36,0
21196,0,2,9101,481,20000,38,1
21199,0,2,150,1000,130000,31,0
21202,0,4,21265,0,20000,30,0
21213,0,2,18804,2000,20000,40,1
21221,0,2,563,413,200000,41,0
21222,0,2,70503,2800,80000,38,0
21225,0,2,39354,1800,40000,47,0
21247,0,2,29995,2000,100000,37,0
21248,0,2,2233,5000,350000,35,1
21256,0,2,29408,1000,30000,51,1
21258,0,2,290235,10023,250000,50,1
21266,0,2,17703,1200,20000,50,0
21274,0,2,45634,1700,70000,50,0
21276,0,2,108381,4200,120000,53,0
21278,0,2,9715,600,20000,50,1
21285,0,2,46821,0,50000,51,0
21318,0,2,101430,3000,150000,55,0
21322,0,2,269733,1300,300000,50,0
21325,0,2,2989,1600,150000,50,1
21343,0,2,17166,1000,150000,57,0
21349,0,2,2,0,70000,67,0
21352,0,2,142190,4959,200000,60,0
21372,0,2,540,390,130000,55,1
21381,0,2,22909,2436,50000,54,0
21386,0,2,31743,2700,80000,53,1
21387,0,2,20650,0,40000,57,1
21393,0,2,27563,0,150000,54,0
21402,0,2,86370,3149,120000,59,0
21419,0,2,29506,1300,60000,27,0
21421,0,2,23027,1000,50000,27,0
21428,0,2,42543,2000,110000,24,1
21442,0,2,35292,0,120000,51,0
21450,0,2,48347,2000,70000,27,0
21456,0,2,37376,1000,180000,29,1
21481,0,3,19470,0,20000,24,0
21505,0,2,28532,5000,80000,29,1
21510,0,2,28677,2405,30000,23,0
21517,0,2,55447,3000,60000,26,0
21531,0,2,30761,0,60000,22,0
21534,0,2,29887,0,30000,23,1
21537,0,2,10796,500,30000,22,0
21549,0,2,29071,1001,30000,22,0
21556,0,2,18263,3700,20000,23,1
21557,0,2,8432,500,10000,23,1
21565,0,2,75675,4584,80000,23,0
21581,0,2,29865,1400,30000,23,1
21583,0,4,1650,0,20000,22,0
21602,0,2,9267,1710,50000,23,1
21613,0,2,9936,3000,100000,24,1
21636,0,2,24272,1500,80000,23,0
21639,0,2,70853,2500,90000,24,1
21648,0,2,68470,0,70000,25,0
21652,0,2,6613,539,10000,26,0
21659,0,2,17463,0,30000,27,0
21668,0,2,322,0,20000,24,0
21676,0,2,55094,0,120000,25,1
21702,0,2,23952,0,70000,25,0
21709,0,2,38203,14,230000,23,0
21712,0,2,17317,3000,50000,23,1
21716,0,2,28604,1000,30000,24,0
21719,0,2,28422,1100,120000,26,1
21743,0,2,20337,0,20000,24,1
21756,0,2,49344,2000,50000,24,1
21762,0,2,18483,1500,90000,24,1
21776,0,2,53692,1650,90000,24,1
21779,0,2,33288,1500,220000,25,1
21788,0,2,3618,1354,210000,26,1
21801,0,2,45592,1800,50000,25,0
21812,0,2,20511,0,20000,24,0
21813,0,2,16625,624,50000,24,1
21820,0,2,2360,1300,310000,26,1
21834,0,2,90579,0,100000,27,1
21841,0,2,19653,1000,50000,24,0
21848,0,2,32123,0,50000,26,0
21853,0,2,40166,2000,160000,26,1
21865,0,2,72551,3000,90000,25,1
21892,0,2,56839,0,70000,26,0
21900,0,2,36745,0,40000,27,0
21914,0,2,13017,2000,30000,23,0
21916,0,2,190598,7200,190000,28,1
21931,0,2,127502,4300,170000,27,1
21953,0,2,136939,5250,280000,27,0
21961,0,7,2400,0,50000,28,0
21972,0,2,77757,3000,80000,24,0
21984,0,2,7685,0,200000,28,0
21985,0,2,450,11961,30000,28,1
21986,0,2,303666,13000,300000,28,0
22016,0,2,42253,0,70000,25,0
22061,0,2,27436,1500,70000,28,0
22064,0,2,115640,4200,130000,29,0
22079,0,2,69270,2600,80000,29,0
22081,0,2,28122,1300,100000,28,0
22083,0,2,45651,600,90000,28,0
22095,0,2,35994,9000,230000,28,0
22125,0,2,51931,0,80000,26,0
22131,0,2,42377,700,50000,23,0
22203,0,2,38680,0,320000,27,0
22246,0,2,20994,0,30000,22,0
22248,0,2,2864,475,90000,25,1
22286,0,2,28218,2000,30000,29,0
22288,0,2,4732,0,200000,32,0
22290,0,2,26946,2000,90000,31,0
22291,0,2,18826,0,20000,32,0
22311,0,2,35348,0,100000,30,0
22366,0,2,20385,0,150000,32,0
22375,0,2,15501,0,30000,29,0
22377,0,2,8300,332,60000,27,0
22387,0,2,170922,1000,170000,30,0
22392,0,2,214320,6200,250000,33,1
22402,0,2,145262,5000,150000,28,0
22415,0,2,55489,2000,60000,37,0
22417,0,2,114885,0,130000,39,1
22430,0,2,14453,2580,150000,35,0
22431,0,2,43371,2000,90000,35,0
22460,0,2,18197,1000,170000,36,0
22479,0,2,27702,1500,50000,44,0
22507,0,2,47125,2000,60000,37,0
22523,0,2,19186,1,20000,34,0
22537,0,2,114104,0,130000,48,0
22541,0,2,21490,2000,260000,46,0
22555,0,2,20721,600,20000,32,1
22567,0,2,76470,3000,120000,30,0
22581,0,2,159,1119,150000,31,1
22585,0,2,150,645,180000,39,0
22586,0,2,29526,1073,60000,31,1
22611,0,2,151973,0,200000,30,0
22621,0,2,34171,2000,20000,43,0
22623,0,2,8370,0,60000,36,0
22626,0,2,351089,13300,380000,34,0
22657,0,2,340791,13000,350000,44,0
22689,0,2,47549,2300,50000,33,0
22691,0,2,142950,0,140000,38,1
22704,0,2,232652,0,240000,31,0
22725,0,3,750,1500,100000,38,0
22760,0,3,2650,200,460000,40,0
22806,0,2,5080,4132,30000,45,1
22812,0,2,176510,20000,210000,33,0
22831,0,3,22171,1000,50000,37,0
22832,0,2,50933,3000,50000,29,0
22833,0,2,28347,20000,100000,34,1
22856,0,2,89319,3100,90000,31,0
22879,0,2,241556,0,290000,34,0
22881,0,2,26374,700,30000,39,0
22898,0,2,45440,2000,100000,31,0
22901,0,2,20200,1126,30000,35,0
22902,0,2,17482,637,30000,43,0
22905,0,2,118,7800,150000,30,1
22976,0,2,108434,4000,160000,31,1
22994,0,2,50050,3000,50000,41,0
23018,0,2,481,1248,300000,43,1
23024,0,2,23704,0,70000,39,0
23031,0,2,113747,4700,150000,33,0
23040,0,3,225044,0,220000,41,0
23057,0,2,116746,4000,160000,29,1
23066,0,2,75052,2800,150000,41,0
23088,0,2,81713,3000,100000,36,0
23096,0,2,234762,0,250000,32,0
23100,0,2,58821,3000,60000,44,0
23109,0,2,52661,1500,60000,28,1
23110,0,2,127434,5100,130000,42,0
23170,0,2,310339,120021,320000,37,0
23179,0,2,316,10401,100000,38,1
23211,0,2,104412,3900,110000,43,0
23253,0,2,24855,724,290000,33,0
23282,0,2,27029,3000,30000,44,0
23293,0,2,72015,5700,150000,30,0
23302,0,2,28610,0,90000,35,0
23339,0,2,81533,0,200000,36,0
23343,0,2,57157,2083,90000,30,1
23356,0,4,600,0,30000,28,0
23360,0,2,42788,0,300000,39,0
23385,0,2,28170,2700,50000,44,0
23386,0,2,9067,0,300000,40,0
23409,0,2,12503,264,50000,48,0
23418,0,2,36893,3000,140000,40,1
23437,0,2,123528,4000,190000,37,0
23459,0,3,300,0,80000,44,0
23465,0,2,14371,600,20000,32,0
23469,0,2,29460,10000,50000,39,0
23478,0,2,34261,1500,100000,30,0
23482,0,2,16011,0,100000,30,0
23490,0,2,68262,3000,140000,33,1
23491,0,2,2596,2959,120000,33,1
23496,0,2,26493,1100,60000,31,0
23502,0,2,22661,1800,60000,31,1
23506,0,2,72440,3000,120000,33,0
23510,0,4,97585,5000,110000,31,0
23527,0,2,97896,4000,100000,49,1
23563,0,2,139322,4900,150000,36,1
23566,0,2,15255,1000,320000,33,1
23607,0,3,394,0,300000,42,1
23608,0,2,179707,7000,240000,37,0
23618,0,2,19155,1600,20000,42,0
23619,0,2,16925,0,20000,46,0
23624,0,2,650,500,80000,32,0
23646,0,2,116315,4500,240000,38,0
23650,0,2,10400,0,20000,46,1
23663,0,2,68549,800,70000,48,0
23665,0,2,14367,0,30000,47,1
23688,0,2,31229,0,50000,50,0
23692,0,2,8514,500,20000,54,0
23705,0,2,44838,2300,50000,53,0
23711,0,2,51228,0,100000,55,0
23716,0,2,135654,5000,280000,47,0
23749,0,2,29556,1300,50000,59,0
23778,0,2,24930,1340,70000,49,0
23788,0,2,1731,5517,30000,49,1
23826,0,2,29800,0,30000,51,0
23847,0,2,63168,10000,290000,52,0
23853,0,2,75508,3000,140000,58,0
23864,0,2,24849,0,50000,30,0
23896,0,2,98452,3600,130000,29,0
23899,0,3,13506,0,50000,26,0
23904,0,2,12308,1000,20000,22,1
23910,0,2,151,0,80000,26,0
23913,0,2,28383,1100,50000,22,1
23927,0,2,94316,3424,110000,26,0
23932,0,2,6943,1000,20000,22,0
23935,0,2,18419,2000,20000,22,0
23939,0,2,32742,1300,70000,27,0
23944,0,2,17538,1401,20000,24,0
23950,0,3,15713,0,20000,24,1
23965,0,2,18255,649,20000,24,0
23971,0,2,45619,0,50000,27,1
23983,0,2,81282,0,130000,25,1
23987,0,2,50713,2400,50000,25,0
23992,0,2,45187,5151,50000,25,0
24004,0,2,19840,0,20000,27,0
24026,0,3,1050,0,20000,26,0
24028,0,2,36922,0,190000,26,0
24029,0,2,46812,2000,130000,25,0
24033,0,3,45205,0,50000,25,0
24035,0,2,9971,0,20000,27,0
24039,0,2,64210,2455,70000,27,0
24042,0,4,600,0,20000,27,0
24057,0,2,16677,1915,20000,22,1
24070,0,2,18923,1000,70000,26,1
24075,0,2,49293,2000,50000,27,0
24103,0,2,26117,2250,50000,29,1
24133,0,2,46572,1800,50000,29,0
24148,0,2,23340,0,70000,29,1
24156,0,4,2500,0,200000,29,0
24158,0,2,36521,0,60000,28,0
24166,0,2,13184,0,80000,29,0
24168,0,7,2400,0,20000,22,0
24177,0,2,60576,0,110000,30,0
24193,0,2,19763,818,20000,30,0
24194,0,2,5837,27887,260000,29,1
24198,0,2,73407,0,80000,30,0
24209,0,2,20102,900,50000,23,1
24230,0,2,96980,5000,200000,32,0
24257,0,2,112607,4200,280000,30,0
24258,0,2,17091,0,30000,31,0
24287,0,4,184091,0,200000,30,0
24300,0,2,119266,6000,200000,29,0
24301,0,2,134013,4900,200000,30,1
24303,0,2,77323,2900,100000,31,0
24317,0,2,151786,5500,170000,35,1
24318,0,2,34053,1385,70000,35,0
24320,0,2,9780,0,10000,38,1
24325,0,2,46903,4000,50000,49,0
24328,0,2,163176,12210,170000,35,0
24330,0,2,25437,0,30000,37,1
24339,0,2,5758,313,220000,48,1
24343,0,2,18196,1500,20000,42,0
24346,0,2,2500,0,200000,45,0
24355,0,2,81617,3073,120000,39,0
24382,0,2,110635,4200,160000,33,0
24383,0,2,20243,0,50000,32,0
24398,0,3,1050,0,20000,36,0
24401,0,2,56251,4545,140000,38,0
24413,0,2,26416,2000,30000,38,1
24441,0,2,50501,0,80000,42,0
24460,0,2,10660,2000,270000,31,0
24469,0,2,10143,7000,100000,36,1
24472,0,2,45891,780,130000,44,0
24488,0,2,13389,900,20000,34,1
24495,0,2,18356,2000,20000,45,1
24500,0,2,29933,118,100000,42,0
24503,0,2,50364,1500,50000,34,0
24507,0,2,24748,0,30000,32,0
24519,0,5,17572,2500,20000,46,0
24536,0,2,23675,0,50000,39,1
24549,0,2,89017,574,190000,37,0
24553,0,2,141193,5200,150000,34,0
24559,0,2,10825,0,20000,46,0
24571,0,3,1050,0,50000,31,0
24591,0,2,70755,8300,70000,32,0
24618,0,2,114223,4400,190000,36,0
24636,0,2,52726,0,410000,32,0
24666,0,2,29126,1100,30000,45,0
24677,0,2,38429,2818,40000,47,1
24688,0,2,109756,4500,110000,34,1
24693,0,2,2445,3115,170000,45,1
24713,0,2,11307,1000,20000,40,1
24715,0,2,10067,0,20000,43,0
24718,0,2,14501,0,30000,29,0
24746,0,2,150,234,160000,43,1
24760,0,2,200956,15000,220000,35,0
24766,0,2,134705,9500,50000,44,0
24769,0,3,21497,0,40000,35,0
24782,0,2,82497,0,120000,44,0
24797,0,2,30061,0,70000,46,0
24798,0,2,7225,0,20000,33,0
24809,0,2,19577,7000,120000,36,1
24839,0,2,59596,2741,200000,28,1
24853,0,2,37521,3200,50000,38,1
24861,0,2,4536,664,200000,38,1
24874,0,2,35357,1500,70000,36,0
24890,0,2,166836,0,170000,40,0
24891,0,2,48670,0,80000,30,0
24969,0,2,45165,1700,100000,37,0
24983,0,2,74377,3000,240000,43,1
24997,0,2,74336,2998,80000,47,1
25009,0,3,17491,0,20000,50,0
25011,0,2,1723,150,50000,34,1
25025,0,2,40208,1600,190000,50,0
25033,0,2,25350,1100,70000,55,0
25049,0,4,69424,0,100000,54,0
25054,0,2,4957,0,500000,55,0
25060,0,2,2500,0,360000,49,1
25122,0,2,4912,0,160000,51,0
25143,0,2,3233,27232,300000,72,1
25144,0,3,27444,0,30000,56,0
25154,0,2,23139,1500,50000,27,0
25156,0,2,29476,1100,30000,24,0
25159,0,2,339,12324,30000,22,0
25161,0,2,44072,3816,80000,29,0
25170,0,2,49628,3800,50000,23,0
25176,0,2,28983,1112,50000,22,0
25191,0,2,1317,0,20000,22,0
25192,0,2,49502,0,50000,23,0
25193,0,2,31344,0,30000,25,0
25197,0,2,15767,0,30000,23,0
25208,0,2,15201,707,30000,23,1
25221,0,2,9862,500,10000,24,0
25224,0,2,16061,1500,40000,23,0
25227,0,2,32468,0,80000,25,0
25238,0,2,124342,4712,140000,26,1
25249,0,4,650,0,120000,23,0
25260,0,2,44662,3000,50000,24,0
25286,0,2,128479,4700,140000,26,0
25317,0,2,35850,3000,50000,26,0
25328,0,2,40365,4600,200000,29,1
25330,0,2,28806,0,30000,25,0
25348,0,2,6574,394,100000,26,1
25416,0,2,60367,2400,70000,30,0
25434,0,4,650,0,100000,28,0
25466,0,2,50568,2000,170000,28,1
25468,0,2,26723,875,110000,33,0
25472,0,2,136379,4931,140000,26,1
25511,0,2,90746,3200,100000,24,0
25515,0,2,80498,5700,200000,26,0
25528,0,2,10209,0,10000,33,0
25531,0,2,34588,1500,130000,34,0
25533,0,2,37466,2000,50000,33,0
25538,0,2,130,1000,230000,37,1
25549,0,2,21241,0,30000,49,0
25570,0,2,21625,0,130000,43,0
25581,0,2,37259,2088,150000,32,1
25585,0,2,26546,0,30000,35,0
25588,0,2,205949,7500,230000,34,0
25597,0,2,140871,20400,190000,35,1
25620,0,3,10072,0,20000,42,1
25628,0,2,54741,2020,50000,30,1
25630,0,2,16343,1400,70000,30,1
25634,0,2,48651,2000,70000,34,0
25646,0,2,40230,1602,40000,44,0
25656,0,2,140881,5600,220000,30,1
25673,0,2,110318,4200,170000,38,1
25739,0,2,99015,6000,180000,34,1
25740,0,2,50680,2100,90000,45,0
25746,0,2,42373,10022,240000,38,1
25751,0,2,1764,1900,30000,38,1
25769,0,3,118029,0,240000,41,0
25778,0,2,97029,3800,110000,33,0
25798,0,2,41529,2000,100000,38,0
25803,0,2,1166,0,150000,38,0
25835,0,2,27807,0,50000,47,0
25870,0,3,437305,14000,510000,40,0
25875,0,2,144187,5400,170000,35,0
25879,0,2,78193,3500,200000,34,0
25887,0,2,17950,6000,40000,37,0
25893,0,2,35018,0,210000,28,0
25900,0,2,31931,2000,40000,34,1
25924,0,2,261,6500,60000,31,0
25975,0,3,71148,0,70000,33,0
25979,0,2,141119,5557,180000,44,1
26008,0,2,87773,4254,100000,31,1
26013,0,2,12531,1200,50000,27,0
26051,0,2,26377,0,160000,49,1
26061,0,2,1626,3146,280000,28,1
26063,0,2,79127,3000,90000,29,0
26070,0,2,26774,1164,50000,31,1
26083,0,2,18747,1200,20000,36,0
26099,0,2,156921,5811,160000,37,0
26122,0,2,34579,32347,380000,36,1
26139,0,2,64519,2000,100000,29,0
26150,0,2,1185,54416,250000,39,0
26151,0,2,44535,1500,50000,34,0
26161,0,2,3882,1823,100000,44,1
26169,0,2,29890,1200,30000,47,0
26174,0,3,5073,0,10000,46,0
26189,0,2,6317,656,140000,36,1
26277,0,2,3844,0,60000,36,0
26284,0,2,1686,1496,200000,41,1
26298,0,2,234889,0,240000,32,0
26307,0,2,1021,1666,210000,29,1
26314,0,2,135656,6250,260000,34,0
26315,0,2,13743,0,20000,29,0
26323,0,2,315782,3,360000,36,1
26328,0,2,33808,1500,50000,33,0
26375,0,2,7642,5000,100000,39,0
26379,0,2,101828,4000,180000,34,0
26413,0,2,13848,1,20000,38,0
26441,0,2,78405,3870,130000,50,0
26455,0,2,94722,3600,120000,50,0
26503,0,2,87323,3400,120000,58,0
26507,0,2,46401,3000,100000,52,0
26511,0,2,8453,1794,10000,51,1
26512,0,2,930,780,100000,55,0
26565,0,2,169599,3000,200000,55,0
26580,0,2,19227,1000,50000,51,0
26588,0,2,1681,4000,70000,28,0
26606,0,6,1800,0,20000,23,0
26610,0,3,18358,1000,20000,23,0
26615,0,2,20325,0,20000,23,0
26620,0,2,9110,0,10000,23,0
26627,0,2,14853,540,50000,23,1
26636,0,2,9677,500,10000,23,1
26637,0,2,2235,13000,30000,24,0
26641,0,2,8016,1500,20000,23,0
26644,0,2,11910,1000,20000,24,0
26652,0,2,9228,800,10000,24,0
26674,0,2,19535,0,20000,27,0
26687,0,2,20675,0,50000,26,0
26703,0,2,39329,0,40000,29,0
26713,0,2,16302,2000,30000,26,0
26716,0,2,70544,4000,80000,27,0
26720,0,2,17250,0,30000,25,0
26734,0,2,39774,1500,40000,28,1
26737,0,2,58260,3500,80000,27,0
26739,0,2,8585,500,50000,23,0
26747,0,2,33634,2671,220000,29,0
26765,0,2,134135,5000,190000,27,1
26780,0,2,15474,711,50000,29,1
26782,0,3,59442,0,70000,27,0
26785,0,2,162973,0,160000,26,0
26802,0,2,2500,0,200000,30,0
26804,0,2,3871,0,50000,27,0
26827,0,2,7269,0,20000,27,0
26849,0,2,34137,0,70000,46,0
26850,0,2,10242,0,20000,26,0
26852,0,2,40645,1539,140000,32,0
26866,0,2,90100,6900,140000,48,0
26880,0,2,150647,0,150000,32,0
26895,0,2,48215,2000,240000,33,1
26911,0,2,5810,0,80000,46,0
26915,0,2,31548,1048,150000,36,0
26919,0,2,54842,5500,120000,34,0
26929,0,3,10188,0,10000,41,1
26930,0,2,141146,0,140000,38,0
26943,0,2,6567,6000,10000,28,0
26971,0,2,18978,0,20000,35,0
26997,0,2,67007,2600,80000,34,0
27001,0,2,77511,3000,110000,30,0
27004,0,2,31385,2000,16000,46,1
27011,0,2,51937,0,160000,39,0
27032,0,2,315366,10000,260000,29,1
27049,0,2,63042,2400,130000,43,0
27050,0,2,99382,4000,200000,35,1
27054,0,2,27462,1108,30000,28,0
27069,0,2,14008,0,60000,35,0
27072,0,2,300,288,110000,35,0
27083,0,2,58742,0,80000,39,0
27106,0,2,37382,2000,60000,47,1
27111,0,2,31520,3225,130000,37,0
27112,0,2,13727,1500,70000,46,0
27123,0,3,122762,3900,150000,31,0
27130,0,2,87186,0,110000,42,0
27137,0,2,25583,800,30000,33,1
27140,0,2,80692,3000,200000,46,0
27150,0,2,37347,1600,100000,30,1
27151,0,2,19086,0,50000,46,0
27155,0,3,19072,0,20000,43,0
27157,0,2,28496,1642,30000,29,0
27158,0,2,14015,0,90000,29,0
27160,0,2,45263,6000,100000,30,0
27161,0,2,300,0,20000,40,0
27193,0,2,2500,0,250000,32,0
27210,0,2,48700,2000,50000,40,0
27214,0,2,39896,6440,100000,27,0
27215,0,2,23498,0,60000,35,0
27217,0,2,75161,2900,130000,49,0
27222,0,2,297169,604,300000,36,0
27225,0,2,47418,2000,80000,34,1
27229,0,3,13971,0,30000,40,0
27236,0,2,25592,0,100000,31,1
27245,0,2,25354,1000,310000,32,1
27247,0,2,7258,1000,50000,42,1
27255,0,2,43060,3500,80000,46,0
27262,0,2,14692,2000,20000,34,0
27263,0,2,37537,0,50000,38,0
27268,0,2,17701,0,160000,42,0
27277,0,2,40536,0,200000,30,0
27299,0,2,20581,0,50000,32,0
27309,0,2,18442,1000,20000,33,0
27348,0,2,18584,1000,160000,39,1
27440,0,2,136996,5100,150000,32,0
27454,0,2,19218,1000,50000,49,0
27459,0,2,72179,3000,100000,50,0
27468,0,2,446605,18169,550000,50,1
27474,0,2,24688,1987,150000,51,0
27477,0,2,163364,9300,170000,50,0
27478,0,2,218101,10000,300000,51,1
27485,0,2,88745,3420,100000,54,0
27486,0,2,169250,6500,300000,58,0
27500,0,2,8650,0,20000,59,0
27512,0,2,14557,4859,20000,55,1
27536,0,2,14206,2230,20000,53,0
27537,0,2,2487,0,250000,51,0
27544,0,2,30362,1092,50000,55,1
27550,0,2,23716,0,30000,53,0
27567,0,2,18786,0,100000,52,0
27580,0,2,98699,3700,240000,55,0
27600,0,2,43264,1000,80000,26,0
27613,0,2,37866,0,50000,25,0
27614,0,2,8921,0,100000,26,0
27616,0,2,101718,3700,120000,27,0
27619,0,2,17352,1000,20000,22,1
27625,0,2,51568,0,50000,23,1
27651,0,2,20249,1000,20000,54,0
27653,0,2,19407,3000,50000,23,0
27660,0,2,22499,900,60000,27,1
27665,0,2,28450,1037,80000,23,0
27682,0,2,30021,2000,60000,23,0
27686,0,2,25679,4306,30000,24,0
27688,0,2,11348,3500,60000,24,1
27731,0,2,12079,700,30000,25,0
27737,0,2,17463,1700,20000,22,1
27743,0,2,35343,5132,30000,23,0
27759,0,2,43317,2000,40000,23,0
27763,0,2,6095,3870,10000,22,1
27779,0,2,33029,9,50000,24,1
27791,0,2,52158,2100,60000,24,0
27801,0,2,37868,1600,100000,26,0
27841,0,2,55409,0,70000,24,0
27846,0,2,25427,1000,30000,27,0
27848,0,2,34661,2500,60000,27,0
27854,0,2,19674,7000,90000,28,1
27858,0,2,15179,0,20000,23,0
27911,0,2,273095,9701,290000,27,1
27916,0,7,300,0,50000,27,0
27951,0,2,179337,13000,200000,27,0
27959,0,2,21671,0,20000,28,0
27972,0,2,8861,0,110000,29,0
27992,0,2,2996,30000,110000,29,1
28034,0,2,84688,3000,140000,30,1
28055,0,7,2400,0,20000,32,0
28056,0,2,22483,814,50000,34,0
28058,0,2,19719,3000,50000,34,0
28060,0,2,72834,3043,80000,35,0
28062,0,2,32497,3000,140000,40,0
28081,0,2,6342,1000,20000,35,1
28082,0,2,8317,1000,10000,44,0
28109,0,2,594,888,120000,37,0
28151,0,4,21271,0,20000,48,0
28171,0,2,25370,0,50000,45,0
28216,0,2,28872,1050,80000,37,1
28221,0,7,2400,0,30000,33,0
28260,0,2,31224,1091,30000,43,1
28262,0,2,20512,800,20000,42,0
28298,0,2,26928,0,30000,31,0
28302,0,3,9291,0,60000,34,0
28305,0,2,79492,3000,80000,29,0
28320,0,2,14043,1500,50000,27,0
28324,0,2,104655,7700,180000,29,0
28335,0,6,1650,0,260000,33,1
28342,0,2,2885,2932,50000,42,1
28352,0,2,28412,1100,30000,44,0
28365,0,2,34108,1400,80000,35,0
28373,0,2,36192,3100,100000,41,0
28393,0,2,36303,1500,50000,31,0
28420,0,2,18042,700,80000,29,1
28427,0,2,47579,1700,50000,30,0
28453,0,2,27912,1181,50000,37,1
28470,0,2,278,5500,200000,41,1
28482,0,2,100361,3900,110000,31,0
28492,0,2,21830,2000,40000,36,1
28504,0,2,116688,4700,150000,36,0
28532,0,2,89112,0,200000,40,0
28533,0,3,15798,0,50000,44,0
28538,0,2,137176,6000,140000,32,0
28543,0,2,60227,3000,210000,35,1
28547,0,2,14539,1300,100000,44,1
28598,0,2,47863,5300,60000,46,0
28604,0,2,43059,1800,110000,44,0
28634,0,2,28838,1500,60000,35,0
28636,0,2,97266,8600,100000,35,0
28637,0,2,15556,3000,380000,37,1
28642,0,2,7458,0,150000,33,0
28645,0,2,105751,4500,100000,44,0
28663,0,2,43798,2000,50000,44,0
28684,0,2,232724,32000,230000,30,0
28701,0,2,18037,33000,180000,35,1
28712,0,2,57450,2500,80000,44,0
28731,0,2,133413,4859,70000,39,1
28745,0,2,134676,3500,150000,30,1
28748,0,7,2400,0,50000,28,0
28777,0,2,31677,1400,50000,32,1
28800,0,2,11839,27000,200000,42,1
28852,0,2,2500,0,220000,42,0
28859,0,2,91105,24,90000,32,0
28880,0,3,237297,3,230000,43,0
28903,0,2,25854,3000,60000,38,1
28951,0,2,86749,3328,280000,33,0
28959,0,2,118464,102,150000,29,0
28996,0,2,48268,0,100000,40,0
29023,0,2,7844,20000,90000,28,1
29026,0,2,85725,3301,90000,28,1
29029,0,2,129960,5100,160000,31,1
29079,0,2,32460,0,100000,56,0
29088,0,5,17521,3000,140000,56,0
29110,0,2,18280,1900,140000,54,0
29116,0,4,11946,0,20000,59,0
29139,0,2,47508,1900,70000,51,0
29152,0,7,1950,0,30000,60,0
29155,0,3,1150,0,140000,56,0
29161,0,2,18679,1600,20000,53,0
29171,0,2,11704,1100,60000,53,1
29196,0,5,12189,0,10000,22,0
29202,0,2,19010,1861,20000,23,1
29206,0,2,12129,1000,50000,23,0
29234,0,2,17433,637,50000,23,1
29242,0,2,16855,0,20000,23,0
29249,0,2,18958,674,20000,25,1
29250,0,4,1650,0,20000,25,0
29252,0,2,15292,2500,20000,25,1
29258,0,2,16996,607,50000,25,1
29259,0,2,52174,1925,70000,24,1
29269,0,4,36265,1500,50000,26,0
29274,0,2,40454,1700,50000,27,1
29287,0,2,2500,0,200000,26,0
29299,0,2,37364,4000,50000,25,1
29301,0,2,158508,80,200000,25,0
29302,0,2,49655,1700,50000,25,0
29313,0,2,84021,3000,110000,30,0
29323,0,2,42722,1200,40000,27,0
29343,0,2,23889,2001,30000,24,0
29348,0,3,17501,0,20000,27,0
29355,0,2,23910,1000,30000,29,0
29357,0,2,11295,0,20000,28,0
29361,0,2,6747,1646,110000,28,1
29367,0,2,300,0,20000,26,0
29379,0,2,9846,800,290000,28,0
29399,0,2,67667,2790,70000,29,0
29414,0,2,93563,3200,100000,30,0
29419,0,3,1050,0,10000,30,0
29447,0,2,5018,8438,220000,30,1
29452,0,2,9861,212,10000,29,0
29453,0,2,9766,399,10000,30,1
29461,0,2,2878,2003,210000,26,1
29467,0,2,7992,800,50000,29,0
29470,0,2,82166,3000,210000,31,1
29474,0,2,424,9000,150000,31,1
29478,0,2,15242,1000,50000,37,0
29494,0,2,60061,2300,100000,33,0
29498,0,2,170867,7000,200000,41,0
29499,0,2,28329,2100,70000,37,1
29501,0,2,9294,1487,10000,42,0
29504,0,2,35128,1000,60000,36,0
29505,0,3,18459,661,20000,40,0
29506,0,2,35569,3000,50000,42,1
29510,0,2,125931,4600,200000,41,0
29524,0,7,2400,0,50000,36,0
29525,0,2,27854,2000,30000,42,0
29539,0,2,118345,4800,120000,34,0
29549,0,2,157276,0,220000,31,0
29552,0,2,1953,1000,70000,29,1
29553,0,2,44593,8210,290000,32,1
29557,0,2,66512,2428,80000,33,0
29571,0,2,78176,8000,140000,41,0
29577,0,2,70674,2500,120000,45,0
29580,0,7,2400,0,20000,36,0
29621,0,2,27509,0,50000,36,0
29623,0,2,43197,0,110000,39,0
29666,0,2,21143,1940,20000,36,0
29669,0,4,65706,1000,70000,42,0
29681,0,2,19115,0,50000,47,1
29682,0,2,2752,14293,360000,40,1
29688,0,2,49763,0,240000,37,1
29701,0,2,14741,1000,20000,32,0
29708,0,2,8657,353,10000,36,0
29712,0,2,30330,611,30000,38,0
29724,0,2,152304,5400,150000,41,1
29727,0,6,1800,0,60000,36,0
29745,0,3,19392,0,30000,38,0
29748,0,2,87588,7200,90000,31,1
29770,0,2,8749,1000,160000,31,1
29771,0,7,2400,0,20000,31,0
29772,0,2,7199,3000,10000,37,0
29784,0,2,48788,3800,90000,30,1
29788,0,2,51120,2061,50000,35,1
29800,0,5,20130,0,20000,33,0
29802,0,2,150147,5500,260000,33,0
29810,0,4,16780,0,20000,48,0
29825,0,2,14386,0,40000,47,0
29829,0,2,54570,2500,80000,37,0
29841,0,2,225021,0,320000,48,0
29849,0,2,87461,4000,100000,44,0
29854,0,2,33575,3000,50000,39,0
29856,0,2,64148,0,80000,44,1
29859,0,2,24801,3000,30000,41,1
29867,0,2,131024,3500,290000,30,1
29870,0,2,55691,2100,80000,31,0
29897,0,2,68957,0,70000,45,0
29977,0,2,46934,0,40000,47,0
29992,0,2,2500,0,210000,34,0
29995,0,2,81158,4000,80000,34,0
17,1,2,17905,1650,20000,24,0
23,1,2,46905,0,70000,26,0
51,1,2,38659,1500,70000,42,0
59,1,2,700,1200,200000,34,0
63,1,2,27667,1200,50000,29,0
66,1,2,8198,0,200000,57,1
69,1,2,10161,7319,130000,29,1
72,1,2,62307,2400,320000,29,0
73,1,2,3848,3165,200000,32,1
91,1,2,147124,5000,200000,53,0
103,1,2,471145,18000,480000,63,0
105,1,2,55447,3000,60000,26,0
113,1,2,152174,0,280000,41,0
116,1,3,20692,1000,30000,24,1
121,1,2,49318,2800,50000,37,0
136,1,2,14158,0,240000,34,0
151,1,2,58319,2100,140000,32,1
159,1,5,145533,11678,210000,45,0
161,1,2,27579,1200,30000,41,0
176,1,2,72796,0,130000,56,0
186,1,2,15868,1000,100000,38,1
188,1,2,200162,0,200000,47,0
190,1,3,20219,760,20000,31,0
192,1,2,22499,900,60000,27,1
196,1,2,39228,1600,50000,24,0
232,1,2,13454,1000,20000,23,1
234,1,2,140120,12118,190000,34,1
245,1,2,19,60,30000,40,0
249,1,2,39450,1023,330000,25,1
263,1,2,16578,12652,160000,38,1
293,1,2,2000,600,30000,43,0
309,1,3,13836,1500,30000,55,0
327,1,2,475,325,220000,41,1
328,1,2,29566,1300,60000,34,0
330,1,2,107147,4200,150000,40,0
373,1,2,49718,0,90000,34,0
388,1,2,72870,3500,80000,73,0
400,1,2,119311,0,120000,25,0
405,1,2,170098,0,160000,29,0
411,1,2,32349,1300,60000,23,0
436,1,2,223690,8000,270000,32,0
437,1,2,150,150,60000,27,1
442,1,2,93381,0,100000,32,1
457,1,2,77217,0,130000,39,0
482,1,2,140419,5300,140000,26,0
484,1,2,63228,1500,90000,48,0
492,1,2,20859,900,30000,43,0
500,1,2,20255,800,20000,38,0
501,1,2,25128,0,30000,38,1
502,1,2,31199,0,90000,35,0
514,1,2,32566,1200,50000,23,0
533,1,2,6652,244,10000,46,0
534,1,3,61198,2500,100000,50,0
540,1,2,99005,4000,110000,40,0
551,1,2,6144,2000,100000,52,0
558,1,2,81603,3100,110000,32,0
565,1,2,3346,1230,390000,45,1
578,1,2,538,4085,80000,31,1
606,1,2,25101,0,50000,34,0
608,1,2,42543,2000,110000,24,1
615,1,2,123528,4000,190000,37,0
626,1,2,15519,568,20000,24,1
649,1,2,199250,0,280000,44,0
650,1,4,18737,0,20000,46,0
665,1,2,29693,1400,40000,32,0
669,1,2,97266,8600,100000,35,0
671,1,2,37662,0,30000,34,0
674,1,7,2400,0,30000,25,0
676,1,2,29240,0,90000,42,0
677,1,2,165725,7000,190000,40,0
700,1,2,30155,561,300000,31,1
705,1,2,24569,2200,30000,22,0
708,1,2,13549,1500,30000,46,0
725,1,2,29385,2500,80000,34,0
730,1,2,732,582,60000,29,1
750,1,4,35229,0,50000,25,0
781,1,2,41278,3000,230000,29,0
783,1,2,85325,3332,100000,28,0
785,1,2,75211,3000,230000,32,1
799,1,2,17932,662,100000,48,0
808,1,2,20532,209,20000,36,0
815,1,2,70727,2800,120000,33,0
828,1,2,6963,2700,10000,37,1
832,1,4,21796,0,20000,24,0
837,1,2,25126,906,80000,23,0
849,1,2,143355,4388,150000,37,0
851,1,2,43317,2000,40000,23,0
857,1,2,33893,1300,40000,29,0
858,1,2,54199,0,100000,43,0
863,1,7,2450,0,30000,52,0
897,1,3,99260,4100,110000,55,0
898,1,2,136283,11000,170000,28,0
899,1,2,13904,510,90000,51,1
905,1,2,63976,0,80000,40,1
907,1,2,446,2300,50000,30,1
934,1,2,12923,0,30000,32,0
944,1,4,600,0,80000,24,0
956,1,2,17499,3000,160000,41,1
973,1,2,13621,2000,180000,39,0
980,1,2,151194,6000,150000,54,1
982,1,4,31332,0,30000,29,0
989,1,2,297916,0,360000,25,0
997,1,2,45433,1700,140000,45,1
1009,1,2,22779,3400,30000,34,0
1030,1,2,30124,0,30000,67,1
1036,1,2,50734,0,60000,27,1
1045,1,2,20437,0,20000,22,0
1047,1,2,181385,5255,220000,30,1
1051,1,2,129,200,110000,31,0
1082,1,2,10052,350,10000,32,0
1083,1,2,37893,0,60000,30,0
1084,1,2,50840,1900,50000,25,0
1095,1,2,19143,1204,50000,31,1
1102,1,2,27151,1500,30000,24,0
1103,1,2,21490,2000,260000,46,0
1105,1,2,19289,781,20000,35,0
1122,1,2,19690,500,20000,30,0
1130,1,2,52738,0,50000,23,0
1133,1,4,283545,0,270000,44,0
1136,1,2,29526,1073,60000,31,1
1145,1,2,96661,4005,100000,35,0
1147,1,7,2400,0,70000,31,0
1153,1,2,54123,2100,180000,42,0
1207,1,2,24930,1340,70000,49,0
1233,1,2,49947,5000,50000,47,0
1247,1,4,88018,0,170000,39,0
1250,1,7,2400,0,350000,52,0
1278,1,2,30098,3000,50000,26,1
1289,1,2,10400,0,20000,48,0
1328,1,2,8109,1000,180000,25,1
1337,1,2,47298,0,70000,26,0
1365,1,2,19091,1000,120000,46,0
1373,1,4,650,0,270000,42,0
1380,1,2,74397,7000,80000,26,0
1381,1,2,55213,4400,60000,31,0
1391,1,2,30505,2400,60000,37,0
1397,1,2,98404,7414,180000,24,0
1418,1,2,1521,0,80000,29,0
1428,1,2,18925,900,20000,32,0
1429,1,2,81462,3400,210000,37,0
1432,1,2,54653,2200,70000,42,0
1433,1,2,174794,12500,230000,32,0
1436,1,2,36942,0,100000,31,0
1441,1,2,55409,0,70000,24,0
1446,1,2,74801,0,80000,25,0
1454,1,2,15292,2500,20000,25,1
1461,1,3,1050,0,50000,37,0
1486,1,7,2400,0,20000,44,0
1490,1,2,13556,1200,50000,29,0
1510,1,2,56041,2500,180000,27,0
1518,1,2,185910,9300,190000,49,0
1519,1,2,273095,9701,290000,27,1
1522,1,3,9865,500,60000,40,0
1524,1,2,43148,3776,30000,27,0
1526,1,2,13040,1702,20000,35,0
1533,1,4,21109,0,20000,25,0
1538,1,2,240,930,120000,27,1
1548,1,2,27529,3000,50000,23,1
1559,1,2,42100,0,50000,31,0
1596,1,2,179179,9000,480000,35,1
1610,1,2,85802,3500,210000,43,1
1615,1,2,147152,5000,360000,44,1
1626,1,2,16725,800,20000,63,0
1629,1,2,94952,4700,140000,31,0
1630,1,2,37543,1546,50000,31,1
1645,1,2,40519,1620,50000,72,1
1647,1,2,42764,0,50000,27,0
1667,1,2,52607,2200,90000,36,0
1668,1,2,19572,1099,200000,42,1
1670,1,2,15438,2346,20000,40,0
1706,1,2,12274,3000,20000,32,0
1707,1,2,123740,0,230000,35,0
1711,1,2,50583,2846,100000,30,1
1722,1,2,66637,2500,90000,27,0
1740,1,2,19980,25065,20000,25,0
1752,1,3,1050,0,10000,38,0
1765,1,2,24315,0,130000,26,0
1776,1,2,18470,0,80000,37,0
1787,1,2,25384,2100,40000,25,0
1788,1,2,105275,20000,280000,27,1
1816,1,2,44789,4,80000,23,1
1834,1,2,30203,1500,60000,24,1
1836,1,2,18017,0,50000,37,0
1840,1,2,145488,12000,160000,51,0
1860,1,2,38381,2000,50000,39,0
1862,1,3,7075,0,10000,35,0
1870,1,2,36796,1400,40000,23,0
1876,1,2,145041,4994,210000,32,1
1880,1,2,17893,800,30000,47,0
1889,1,2,91105,24,90000,32,0
1895,1,7,105083,0,100000,30,0
1909,1,3,23447,2500,30000,36,0
1913,1,2,59358,2358,100000,42,1
1921,1,2,150,630,100000,51,1
1932,1,2,780,0,20000,24,0
1937,1,2,150,500,20000,24,1
1956,1,2,10417,0,10000,41,0
1957,1,2,2500,0,220000,42,0
1976,1,2,92853,3503,100000,27,1
1982,1,2,43083,1200,80000,40,0
1989,1,2,109353,0,140000,34,0
1993,1,4,503914,33000,580000,67,0
2011,1,2,36447,0,40000,26,1
2017,1,2,6655,647,20000,22,0
2029,1,2,50222,1754,70000,31,1
2046,1,2,63097,2600,110000,26,0
2047,1,2,46,5300,30000,40,1
2051,1,2,16063,1500,30000,47,1
2052,1,2,51740,0,50000,27,0
2054,1,2,144979,0,140000,37,0
2059,1,2,19745,1000,100000,35,0
2080,1,2,12834,1200,230000,43,0
2087,1,2,66995,0,110000,36,0
2090,1,2,84709,3100,90000,41,0
2092,1,2,10660,2000,270000,31,0
2102,1,2,60636,2000,140000,35,0
2103,1,2,4390,0,10000,53,0
2106,1,2,16908,1240,20000,23,0
2109,1,2,62835,0,160000,49,0
2115,1,2,13754,1200,70000,44,0
2119,1,3,20289,600,20000,39,0
2131,1,2,116396,1932,140000,57,0
2133,1,2,18524,731,50000,31,1
2135,1,2,73090,2700,160000,66,0
2145,1,2,6837,0,20000,27,1
2156,1,2,103591,8800,110000,29,0
2168,1,3,192680,6804,400000,49,0
2188,1,2,26768,1129,30000,57,0
2204,1,2,45481,3800,60000,30,1
2219,1,2,8263,1400,50000,58,0
2220,1,2,3094,14645,340000,41,1
2227,1,2,280905,9980,310000,43,1
2244,1,2,69397,2600,90000,28,1
2257,1,2,14930,1882,30000,25,0
2263,1,2,213824,800,220000,26,0
2269,1,2,16900,1000,30000,39,0
2270,1,2,47056,3308,70000,24,0
2273,1,2,244,0,360000,35,1
2293,1,2,76294,0,80000,43,0
2295,1,2,269,191,150000,29,1
2303,1,2,59017,7577,60000,29,0
2307,1,2,1123,2780,30000,26,1
2325,1,3,179272,85,200000,39,0
2363,1,4,21834,0,20000,24,0
2375,1,2,38424,1390,50000,25,0
2376,1,2,36704,4471,40000,38,0
2379,1,2,19167,0,60000,30,0
2393,1,2,42209,3600,50000,32,0
2397,1,2,49366,12,200000,29,0
2403,1,2,69270,2600,80000,29,0
2406,1,7,2400,0,50000,43,0
2408,1,2,92203,4000,420000,31,1
2418,1,2,30402,1117,30000,24,0
2422,1,2,16739,0,20000,24,0
2426,1,2,20329,1000,20000,22,0
2435,1,2,75122,2500,120000,25,0
2438,1,2,28625,2192,30000,24,1
2448,1,2,47535,2000,50000,41,0
2458,1,2,11165,0,30000,44,0
2459,1,2,32468,0,80000,25,0
2462,1,2,29978,0,30000,26,0
2464,1,2,20040,0,20000,27,0
2471,1,2,103214,0,140000,29,0
2472,1,2,11700,1000,20000,29,0
2475,1,2,161,7705,300000,30,1
2476,1,2,28534,2300,30000,25,1
2479,1,2,48269,2002,80000,27,1
2483,1,2,197,2720,200000,34,1
2489,1,2,108976,4428,110000,33,0
2490,1,2,9100,761,10000,23,1
2510,1,2,27462,1108,30000,28,0
2513,1,2,139245,20032,340000,34,1
2542,1,2,54563,2500,100000,35,0
2560,1,2,16582,0,80000,28,1
2562,1,2,153230,5389,210000,29,1
2563,1,2,140350,0,140000,40,0
2580,1,2,22265,0,20000,22,1
2609,1,2,18804,1000,20000,26,1
2636,1,2,566,416,210000,34,1
2641,1,2,72834,3043,80000,35,0
2642,1,2,43848,1600,50000,42,0
2653,1,2,102303,3900,170000,26,1
2657,1,2,39896,6440,100000,27,0
2658,1,2,40628,3700,40000,25,1
2659,1,2,95878,18000,180000,46,0
2702,1,2,21262,923,50000,47,1
2715,1,2,29587,1200,30000,35,0
2731,1,2,33966,1500,50000,30,0
2738,1,2,132651,10000,240000,47,0
2757,1,3,208432,600,200000,31,0
2773,1,2,45592,1800,50000,25,0
2777,1,2,179505,3775,180000,39,0
2797,1,2,2639,10500,200000,38,0
2802,1,2,74000,2600,140000,28,0
2811,1,2,17013,771,20000,45,1
2818,1,2,40313,1800,50000,24,0
2843,1,2,13763,600,110000,51,0
2844,1,2,111298,4000,120000,28,0
2853,1,2,85875,2299,90000,24,0
2855,1,2,18432,1000,50000,25,0
2863,1,2,32682,1400,50000,28,1
2865,1,2,32705,1500,50000,46,0
2917,1,4,27409,0,20000,26,0
2924,1,2,19403,2000,130000,26,0
2927,1,2,28241,500,30000,34,0
2929,1,2,47406,2055,50000,27,1
2945,1,2,89687,6700,90000,28,0
2963,1,2,821,671,100000,32,1
2964,1,2,49473,2000,140000,42,0
2969,1,2,97965,5000,170000,38,1
2974,1,2,150,150,30000,24,0
2991,1,2,33736,0,50000,52,1
3008,1,2,5208,500,10000,24,0
3019,1,2,12016,0,20000,34,0
3024,1,2,61145,2200,100000,36,0
3034,1,3,1115,0,50000,54,0
3041,1,2,35456,0,60000,38,1
3044,1,2,47624,1900,70000,40,0
3047,1,2,313710,978,330000,41,0
3066,1,2,4638,500,70000,25,0
3076,1,2,14275,2000,200000,29,1
3087,1,7,300,0,30000,24,0
3088,1,2,19050,21573,310000,29,1
3093,1,2,29292,1074,60000,27,0
3094,1,2,232724,32000,230000,30,0
3110,1,2,17191,72198,500000,48,1
3116,1,2,4944,4696,200000,46,1
3130,1,2,107500,0,180000,29,1
3144,1,2,54579,2200,70000,41,0
3157,1,2,31207,1500,70000,28,0
3192,1,2,19859,0,70000,23,1
3195,1,2,5126,1000,20000,38,0
3196,1,2,12091,500,20000,39,1
3202,1,2,9739,1000,20000,30,0
3211,1,2,233833,187,230000,30,0
3217,1,2,19748,0,20000,25,0
3234,1,2,27883,2400,30000,26,0
3240,1,2,2714,0,240000,44,0
3242,1,2,103401,8300,200000,40,0
3246,1,2,19480,632,30000,26,1
3257,1,3,81053,0,80000,24,0
3271,1,3,104313,3129,320000,29,1
3276,1,3,19303,0,20000,59,0
3279,1,2,18395,655,20000,23,0
3286,1,2,153181,50436,280000,35,1
3288,1,2,13036,2200,30000,30,0
3299,1,3,300,0,230000,26,0
3301,1,2,29229,1100,30000,41,1
3337,1,2,23229,0,80000,31,0
3339,1,2,8969,2000,10000,24,0
3345,1,2,30389,1000,30000,29,0
3349,1,2,64148,0,80000,44,1
3351,1,2,22783,1910,30000,44,0
3354,1,2,46495,1600,100000,33,0
3357,1,2,47885,1763,100000,27,1
3379,1,4,37,0,30000,28,0
3384,1,2,9298,5000,110000,36,1
3403,1,2,854,8000,710000,40,1
3442,1,2,49195,0,110000,33,0
3457,1,2,26548,0,50000,29,0
3458,1,2,203913,0,280000,46,0
3501,1,2,21666,0,30000,56,0
3513,1,2,47452,0,60000,28,0
3528,1,3,10361,0,20000,50,0
3536,1,2,19721,0,90000,35,0
3538,1,3,207114,6800,220000,28,0
3540,1,5,30217,0,30000,45,0
3561,1,2,10571,500,80000,57,0
3562,1,2,66639,2500,90000,33,0
3568,1,2,235290,8006,230000,39,0
3573,1,2,20337,0,20000,24,1
3576,1,2,58458,3654,60000,28,0
3578,1,2,700,550,50000,42,0
3580,1,2,9730,400,10000,56,0
3590,1,2,53345,0,70000,26,0
3606,1,2,31260,0,30000,31,1
3608,1,2,31378,1200,200000,59,0
3613,1,2,79906,0,80000,27,1
3637,1,2,9008,329,50000,30,1
3641,1,3,32587,0,50000,41,0
3657,1,2,112268,4000,110000,25,0
3664,1,3,1050,0,30000,24,0
3665,1,2,871,16391,110000,29,0
3674,1,2,17187,776,20000,47,0
3687,1,2,65139,2309,80000,28,0
3714,1,2,16427,3000,100000,38,1
3716,1,2,150627,5600,220000,27,0
3742,1,2,39354,1800,40000,47,0
3744,1,2,36781,1200,40000,45,0
3754,1,2,8956,316,140000,37,1
3767,1,2,51005,3000,100000,40,0
3777,1,2,1068,6000,250000,26,0
3786,1,3,74731,0,80000,43,0
3817,1,2,29818,10000,50000,32,1
3841,1,2,69170,3000,240000,54,1
3845,1,2,24237,4000,430000,33,1
3849,1,2,46646,2000,70000,29,0
3854,1,2,14916,1000,20000,28,1
3860,1,2,7833,620,20000,32,0
3873,1,2,30390,0,30000,49,0
3879,1,3,1050,0,20000,26,0
3902,1,2,11585,0,50000,27,0
3910,1,2,223986,4,220000,30,1
3932,1,2,119702,4100,120000,34,0
3936,1,2,121621,4700,130000,32,0
3938,1,2,44795,1800,60000,30,0
3959,1,2,38932,3500,50000,42,0
3964,1,2,21410,930,90000,23,0
3967,1,5,56225,0,60000,25,0
3991,1,2,147604,0,240000,47,0
3993,1,2,18419,2000,20000,22,0
3999,1,2,13104,0,20000,23,0
4001,1,2,4081,155,30000,29,1
4007,1,3,1050,0,10000,46,0
4014,1,2,19076,1700,20000,22,0
4016,1,2,85636,6803,100000,33,0
4020,1,2,29184,1087,30000,27,0
4035,1,2,9715,600,20000,50,1
4040,1,2,142950,0,140000,38,1
4042,1,3,14699,0,20000,36,0
4048,1,2,20986,2000,220000,60,0
4049,1,2,93323,0,150000,39,0
4057,1,2,55036,0,60000,26,1
4069,1,2,9191,3500,50000,43,1
4070,1,2,72015,5700,150000,30,0
4077,1,2,11731,422,90000,37,0
4085,1,2,12751,2500,30000,24,1
4093,1,2,5722,0,50000,33,0
4094,1,3,26669,0,100000,31,0
4096,1,2,10313,0,80000,43,0
4099,1,2,31277,1092,60000,49,1
4105,1,2,4727,1000,210000,25,1
4114,1,2,26408,1653,30000,25,1
4122,1,2,49934,2000,140000,41,1
4125,1,3,53584,2150,60000,43,1
4146,1,2,44970,3400,50000,46,0
4161,1,3,36396,0,50000,25,0
4166,1,2,34385,0,50000,51,0
4170,1,2,29176,0,60000,46,0
4189,1,2,285805,0,310000,43,0
4190,1,2,10056,0,10000,41,0
4193,1,2,13732,0,50000,51,0
4194,1,2,8388,1000,10000,22,0
4206,1,2,46812,2000,130000,25,0
4209,1,2,20589,13000,30000,23,0
4213,1,2,36663,0,70000,31,0
4218,1,2,41966,7800,50000,33,0
4249,1,3,54534,0,90000,42,0
4325,1,2,18740,1800,20000,49,0
4331,1,2,26886,5000,30000,26,0
4333,1,2,42788,0,300000,39,0
4337,1,4,352121,0,330000,39,0
4341,1,2,351089,13300,380000,34,0
4348,1,2,211,3448,370000,33,1
4354,1,2,14235,5000,20000,23,0
4355,1,2,39958,0,50000,25,1
4358,1,2,27833,3000,30000,43,1
4375,1,2,49145,1900,50000,54,0
4379,1,2,101828,4000,180000,34,0
4388,1,4,103816,0,90000,35,0
4405,1,4,59186,0,100000,25,0
4430,1,2,81244,3795,260000,35,1
4433,1,2,28545,0,30000,42,0
4441,1,2,23066,1000,140000,25,1
4445,1,4,102360,0,100000,36,0
4448,1,2,85868,6500,90000,52,0
4455,1,3,9022,0,30000,22,0
4471,1,2,51658,2100,70000,35,0
4475,1,2,72213,2900,120000,32,0
4481,1,2,414,1000,100000,40,1
4493,1,2,34548,3100,50000,26,0
4510,1,2,127434,5100,130000,42,0
4523,1,2,59973,2000,300000,37,1
4529,1,2,181658,6200,200000,31,0
4543,1,2,85574,0,100000,29,0
4547,1,2,179764,6118,220000,24,0
4570,1,2,17711,1581,30000,43,0
4573,1,2,6780,1000,10000,55,0
4580,1,2,163943,4526,200000,50,0
4584,1,2,60819,2400,110000,54,0
4609,1,2,81089,3200,160000,30,0
4612,1,2,2233,5000,350000,35,1
4618,1,2,13297,0,20000,24,0
4631,1,2,63827,5100,100000,35,0
4660,1,2,48420,1800,100000,50,0
4674,1,2,45751,2005,50000,27,0
4680,1,2,50524,2100,110000,37,1
4714,1,2,14733,505,20000,25,0
4729,1,2,9466,2000,50000,26,0
4746,1,2,162129,0,160000,28,0
4747,1,2,50644,2000,110000,27,0
4753,1,2,14717,2000,20000,56,1
4768,1,2,80430,3110,500000,50,0
4770,1,2,49666,2000,100000,29,1
4775,1,2,49392,2000,80000,42,0
4802,1,2,199480,142000,190000,35,0
4813,1,3,34203,1250,50000,27,1
4833,1,2,62839,5000,140000,24,1
4839,1,2,16253,2000,50000,22,0
4861,1,2,93852,3400,210000,41,0
4867,1,2,5178,0,130000,29,0
4874,1,2,56683,1000,210000,30,1
4876,1,2,22606,822,40000,41,0
4883,1,2,50774,0,50000,29,0
4885,1,2,22612,0,70000,30,0
4894,1,2,118353,0,160000,28,0
4905,1,2,28492,1800,30000,22,1
4910,1,2,17428,10000,30000,30,1
4916,1,2,11033,553,50000,45,1
4918,1,2,139432,5000,160000,35,0
4932,1,2,18727,0,30000,29,0
4958,1,2,29099,3000,60000,27,1
4982,1,2,2500,0,240000,43,0
4986,1,2,79893,0,150000,26,0
4991,1,2,15711,2058,20000,32,0
4993,1,2,76550,4000,80000,36,0
5008,1,2,14837,1495,20000,44,0
5013,1,2,40875,5000,30000,40,0
5018,1,2,94428,8000,190000,34,0
5032,1,2,18783,807,170000,49,0
5050,1,2,43155,2000,50000,61,0
5057,1,2,68565,2500,120000,34,0
5065,1,2,18806,3000,20000,53,0
5076,1,2,25859,4500,50000,27,1
5080,1,2,184201,7000,200000,43,0
5085,1,2,136247,4608,140000,45,0
5098,1,2,72042,0,280000,31,0
5113,1,2,79721,0,150000,33,0
5114,1,2,26776,2291,30000,36,0
5116,1,3,19836,0,20000,31,0
5136,1,2,84739,0,180000,32,0
5148,1,2,15737,2000,50000,25,0
5156,1,2,540,390,80000,27,1
5164,1,2,96409,3400,110000,26,0
5172,1,2,34137,0,70000,46,0
5178,1,2,74830,2650,190000,50,0
5189,1,2,115720,4000,140000,28,0
5191,1,2,1209,2000,100000,30,1
5203,1,2,23960,900,60000,58,1
5242,1,2,44109,0,140000,31,0
5243,1,2,6432,0,20000,50,0
5261,1,2,39875,0,40000,24,1
5274,1,2,59331,2361,60000,42,0
5285,1,3,300,0,80000,36,0
5303,1,2,3503,5693,90000,29,1
5304,1,2,50292,5739,200000,29,1
5339,1,4,1650,0,20000,25,0
5349,1,2,116021,0,220000,28,0
5350,1,2,51490,18,80000,23,1
5365,1,2,80079,1000,80000,30,0
5372,1,2,8312,1069,10000,40,0
5391,1,2,169029,6000,200000,37,0
5393,1,2,24404,3400,90000,28,1
5395,1,2,1953,1000,70000,29,1
5405,1,2,27982,0,130000,36,0
5413,1,2,19563,1000,50000,49,1
5429,1,2,17053,754,100000,42,0
5440,1,2,27701,1000,110000,42,0
5455,1,2,39982,5500,80000,31,0
5473,1,2,20560,0,20000,55,0
5475,1,2,161057,6818,290000,36,0
5486,1,2,1300,150,30000,28,0
5488,1,2,26927,0,30000,33,0
5499,1,2,151934,0,150000,66,0
5512,1,2,26823,2252,30000,36,1
5518,1,2,126146,5109,400000,31,1
5543,1,2,112607,4200,280000,30,0
5572,1,2,31059,2500,100000,30,0
5580,1,3,27616,1128,30000,58,0
5593,1,2,28642,0,30000,49,0
5611,1,2,155819,18100,160000,27,0
5643,1,2,70545,3000,80000,41,0
5651,1,2,89,500,30000,38,1
5675,1,2,94742,3600,100000,41,0
5682,1,2,15183,0,30000,23,0
5714,1,2,27209,3926,30000,22,1
5722,1,2,14123,1300,30000,27,0
5725,1,2,49904,4000,50000,25,0
5727,1,2,29217,0,120000,37,0
5732,1,2,5000,0,200000,48,1
5739,1,2,10304,1100,20000,23,0
5743,1,2,24531,2000,30000,59,0
5747,1,2,82715,3600,120000,38,0
5751,1,2,156921,5811,160000,37,0
5756,1,2,15501,0,30000,29,0
5757,1,2,155683,5847,260000,35,1
5794,1,2,18826,849,50000,48,0
5813,1,2,114223,4400,190000,36,0
5835,1,2,70042,5000,200000,47,1
5838,1,7,2400,0,10000,26,0
5846,1,3,56892,0,60000,59,0
5847,1,2,80073,10104,90000,43,1
5853,1,2,66388,6000,200000,28,1
5868,1,2,19645,2000,30000,24,0
5875,1,2,88899,7000,100000,35,1
5884,1,2,15429,379,20000,23,1
5886,1,2,13743,0,20000,29,0
5887,1,2,6524,2000,20000,23,0
5895,1,2,383,33500,230000,34,1
5902,1,2,123659,9874,140000,27,0
5903,1,2,24731,25000,50000,30,1
5904,1,2,16715,0,50000,45,0
5916,1,7,150,0,110000,41,0
5931,1,2,26631,998,50000,24,0
5933,1,2,115640,4200,130000,29,0
5964,1,2,20195,2000,220000,32,1
5980,1,2,16683,2353,70000,24,0
5986,1,2,31608,2600,100000,44,0
6003,1,2,75708,3950,90000,30,1
6032,1,2,150,200,330000,33,1
6041,1,7,2400,0,20000,23,0
6045,1,2,4957,0,500000,55,0
6046,1,2,181454,0,200000,27,0
6056,1,4,150,0,50000,49,0
6062,1,2,146736,5500,150000,36,0
6073,1,2,2685,190,50000,30,1
6079,1,2,145349,5300,150000,25,0
6083,1,2,15446,684,50000,41,0
6085,1,3,1050,0,10000,23,0
6086,1,2,135371,5500,140000,37,0
6089,1,2,34112,1200,90000,24,0
6109,1,2,115975,8000,120000,35,0
6112,1,2,116444,9000,120000,36,1
6113,1,2,969,6745,500000,28,1
6120,1,2,24851,0,50000,24,0
6123,1,2,69214,0,150000,39,0
6146,1,2,101891,0,100000,46,0
6147,1,2,33192,3000,100000,38,0
6155,1,2,25977,0,30000,34,0
6156,1,2,158,0,30000,24,1
6175,1,2,103867,9956,110000,32,1
6176,1,2,15611,5700,50000,25,0
6211,1,2,48322,1700,50000,34,0
6216,1,2,563,413,200000,41,0
6244,1,2,77213,6894,120000,36,1
6250,1,2,38698,2000,40000,36,0
6255,1,2,17067,620,60000,27,1
6269,1,2,93263,3500,120000,29,1
6272,1,7,2400,0,10000,23,0
6279,1,2,9153,500,20000,54,0
6286,1,2,78306,3000,140000,30,0
6294,1,2,2254,5375,280000,55,1
6301,1,2,9427,1000,30000,24,0
6321,1,3,25849,0,30000,51,0
6335,1,3,69180,2500,70000,33,0
6338,1,2,20438,805,20000,26,1
6344,1,2,19828,900,150000,53,0
6348,1,2,92447,5015,260000,31,0
6349,1,2,67007,2600,80000,34,0
6358,1,2,518,3000,50000,40,1
6369,1,2,20619,0,40000,26,0
6374,1,2,96238,3469,100000,52,0
6387,1,2,33360,0,50000,29,1
6396,1,2,1226,1052,50000,26,1
6417,1,2,106342,7800,110000,39,1
6436,1,2,2720,1000,230000,36,0
6454,1,2,30021,2000,60000,23,0
6456,1,2,57146,2300,80000,28,0
6460,1,2,72079,3001,180000,47,1
6486,1,2,30615,0,50000,25,1
6492,1,2,189423,7700,300000,38,0
6493,1,2,29936,1000,30000,40,0
6500,1,2,136379,4931,140000,26,1
6510,1,3,1050,0,50000,25,0
6528,1,2,32211,0,80000,49,0
6540,1,2,81693,0,80000,28,0
6541,1,2,52992,50000,60000,31,0
6557,1,2,38414,800,20000,22,0
6576,1,2,15204,2200,20000,23,1
6582,1,2,219202,8000,240000,40,0
6583,1,2,183704,6000,200000,29,0
6601,1,3,7945,0,20000,24,0
6624,1,2,11216,4000,20000,24,1
6628,1,2,55232,4301,60000,37,0
6630,1,2,21704,0,30000,44,0
6636,1,2,17385,1500,20000,24,1
6637,1,2,62348,0,80000,41,0
6643,1,2,164405,0,200000,29,0
6646,1,2,31326,0,30000,46,0
6648,1,2,13692,0,160000,45,0
6659,1,2,25318,0,90000,39,1
6668,1,2,39319,7,50000,39,0
6674,1,2,22289,1000,30000,34,0
6687,1,2,53535,0,220000,29,0
6703,1,2,67439,1925,200000,30,0
6724,1,2,97180,0,200000,46,0
6726,1,2,5603,1000,200000,36,0
6727,1,2,81943,0,160000,34,0
6751,1,3,24133,1500,30000,46,0
6753,1,2,25813,0,30000,50,0
6754,1,4,15624,0,20000,44,0
6760,1,2,94416,3700,180000,29,0
6784,1,2,31124,5100,70000,26,0
6828,1,2,46625,0,60000,24,0
6829,1,2,11460,3000,20000,26,0
6834,1,2,9611,1000,10000,42,1
6839,1,2,80315,3000,80000,42,0
6843,1,2,16724,2000,20000,25,0
6846,1,2,104042,3900,130000,34,1
6855,1,2,138325,10300,180000,35,0
6874,1,2,13420,490,20000,56,1
6882,1,2,170,2865,200000,38,1
6895,1,2,50608,1806,60000,43,0
6898,1,2,66345,3000,120000,32,0
6910,1,2,29442,1200,30000,29,0
6915,1,2,72756,5000,100000,27,0
6938,1,2,120780,5000,200000,27,0
6951,1,2,45886,3581,50000,27,0
6962,1,2,66948,5289,70000,47,1
6974,1,2,50836,2300,50000,24,0
6976,1,2,75366,2906,100000,36,0
6990,1,2,60135,2300,120000,26,0
6996,1,2,18571,1001,30000,41,0
7003,1,2,52118,0,80000,39,0
7005,1,2,1021,1666,210000,29,1
7023,1,3,63816,2400,100000,44,0
7029,1,2,71938,3000,100000,49,0
7038,1,3,118928,4800,120000,52,0
7049,1,2,340791,13000,350000,44,0
7054,1,2,21691,778,50000,46,0
7057,1,2,50417,2400,100000,29,0
7068,1,3,2450,0,90000,30,0
7069,1,2,67612,0,150000,37,0
7071,1,2,34513,1200,80000,40,0
7074,1,2,132540,5000,140000,31,0
7096,1,2,14871,1000,20000,23,1
7110,1,2,25637,1800,30000,28,1
7119,1,2,128857,4928,130000,30,0
7135,1,4,42009,0,60000,25,0
7138,1,2,52178,2000,180000,38,0
7144,1,2,23766,565,30000,39,1
7145,1,2,103300,0,100000,30,0
7155,1,2,33218,0,70000,27,0
7175,1,2,21143,1940,20000,36,0
7188,1,2,20450,1000,20000,25,0
7206,1,3,127980,4500,130000,25,1
7214,1,2,5215,8671,140000,32,0
7216,1,3,28544,1200,30000,56,0
7234,1,2,19632,1000,20000,38,1
7243,1,2,28424,25120,320000,47,1
7248,1,4,19759,0,20000,24,0
7262,1,2,8837,500,10000,25,0
7263,1,2,137275,3400,140000,32,1
7271,1,2,41529,2000,100000,38,0
7273,1,2,3328,30000,50000,31,1
7284,1,2,37842,3105,50000,54,0
7311,1,2,84395,2900,90000,23,0
7335,1,2,21162,0,30000,54,1
7340,1,2,78462,2800,110000,35,1
7352,1,2,84209,3000,210000,30,0
7369,1,2,16907,800,30000,27,0
7378,1,2,19084,1600,20000,24,1
7395,1,2,26098,0,30000,31,0
7400,1,2,28914,1200,40000,26,0
7409,1,2,28878,2462,30000,41,0
7423,1,2,28200,1173,60000,25,0
7428,1,2,57084,1000,150000,32,0
7469,1,2,13431,3000,20000,39,0
7486,1,2,25427,1000,30000,27,0
7491,1,2,18446,1000,20000,36,0
7505,1,2,29803,1350,120000,60,0
7528,1,2,10254,0,50000,49,0
7531,1,2,235931,8700,270000,28,0
7532,1,2,54839,0,70000,36,0
7536,1,2,59876,0,110000,47,0
7556,1,2,169250,6500,300000,58,0
7561,1,2,66207,2600,70000,28,0
7569,1,2,22762,900,30000,30,0
7574,1,2,276026,0,280000,26,1
7580,1,2,1996,0,260000,36,0
7592,1,2,18197,1000,170000,36,0
7609,1,3,1450,0,120000,33,1
7611,1,2,61865,3000,70000,24,0
7624,1,2,18422,800,20000,25,0
7625,1,2,23340,0,70000,29,1
7633,1,2,37065,0,80000,33,0
7636,1,2,11191,903,50000,24,1
7639,1,2,6635,762,20000,32,1
7659,1,2,61402,0,80000,31,1
7663,1,2,75508,3000,140000,58,0
7678,1,2,18752,900,20000,23,1
7680,1,2,26298,0,50000,41,0
7694,1,2,284430,16600,290000,39,1
7705,1,2,202139,0,200000,38,0
7708,1,2,11011,430,20000,37,1
7709,1,2,288820,0,380000,50,1
7715,1,2,103550,8100,130000,30,1
7725,1,2,10050,0,90000,23,0
7735,1,2,21632,1000,30000,52,0
7744,1,2,20512,800,20000,42,0
7756,1,2,1543,3557,60000,29,1
7769,1,2,57072,2300,70000,27,1
7776,1,2,27548,2600,30000,23,1
7783,1,2,50463,1642,50000,27,1
7789,1,2,2500,0,200000,49,0
7793,1,2,20540,850,20000,22,0
7803,1,2,33416,1400,50000,31,0
7811,1,2,228084,8500,270000,53,0
7817,1,2,4233,2000,10000,51,1
7818,1,2,19742,0,50000,27,0
7830,1,2,78305,0,140000,29,0
7836,1,2,69311,2685,100000,26,0
7840,1,4,600,0,30000,27,0
7857,1,2,311256,0,300000,25,0
7861,1,2,27691,1200,50000,25,0
7866,1,2,19500,800,50000,26,1
7877,1,2,27685,0,80000,24,0
7881,1,7,2400,0,50000,24,0
7902,1,2,57930,0,60000,29,0
7908,1,2,27315,1000,50000,29,0
7923,1,2,55904,0,50000,30,0
7924,1,2,24432,1100,30000,53,1
7926,1,2,35323,2000,50000,36,0
7940,1,2,142170,4913,140000,24,0
7947,1,3,20388,0,20000,50,0
7960,1,2,34950,1431,50000,58,0
7962,1,2,17816,636,20000,25,0
7969,1,2,12803,1260,20000,45,0
7988,1,2,30192,1500,60000,24,0
7993,1,2,34685,0,50000,23,0
8016,1,2,43264,1000,80000,26,0
8018,1,2,200720,15079,230000,28,0
8020,1,2,261,8300,300000,61,1
8033,1,2,46154,1508,50000,29,0
8047,1,2,29425,0,30000,39,0
8049,1,3,41352,4000,70000,41,0
8052,1,2,27535,1268,30000,36,0
8068,1,2,20258,0,50000,32,1
8083,1,2,13522,0,50000,65,0
8090,1,2,6099,1237,20000,24,0
8105,1,2,154531,0,260000,39,0
8111,1,2,46214,3600,50000,22,0
8115,1,3,13468,0,120000,26,0
8125,1,4,2500,0,200000,29,0
8157,1,2,8861,0,110000,29,0
8178,1,5,39787,3000,70000,32,0
8179,1,2,42822,2000,50000,29,0
8191,1,2,166414,6100,190000,36,0
8199,1,2,44498,1800,60000,27,1
8203,1,2,106519,4500,130000,44,0
8217,1,2,20385,0,20000,30,0
8220,1,2,18285,600,50000,51,0
8222,1,3,10396,0,10000,43,0
8224,1,2,29525,1030,30000,30,0
8225,1,2,28859,1190,30000,22,0
8226,1,2,19755,0,20000,33,0
8227,1,2,9735,790,10000,36,1
8231,1,2,30162,3100,50000,46,0
8236,1,2,253338,0,330000,28,1
8238,1,2,10023,1400,40000,26,1
8244,1,2,846,846,360000,38,1
8256,1,2,46888,2800,80000,28,1
8270,1,2,594,888,120000,37,0
8276,1,3,120000,7661,200000,27,0
8279,1,2,52123,0,110000,34,0
8286,1,2,26383,0,30000,25,1
8294,1,2,46272,3700,50000,23,0
8296,1,2,79901,3200,100000,29,0
8299,1,2,26319,2000,30000,24,0
8303,1,2,22701,1000,30000,24,0
8306,1,2,29063,1500,30000,47,1
8324,1,2,20300,1800,20000,39,0
8338,1,2,26435,0,30000,39,0
8341,1,2,59438,3687,180000,34,1
8350,1,2,69538,2600,80000,29,1
8390,1,2,17538,1401,20000,24,0
8401,1,2,60197,0,100000,32,1
8408,1,2,33807,1300,50000,28,0
8420,1,2,49115,1930,110000,46,1
8429,1,2,152044,20,150000,35,0
8431,1,7,2400,0,180000,31,0
8462,1,2,48372,2000,100000,27,1
8468,1,2,73677,3000,140000,45,0
8471,1,3,16197,800,30000,23,0
8495,1,2,4908,133,50000,61,1
8508,1,2,18679,1600,20000,53,0
8515,1,2,16411,1304,20000,50,0
8521,1,2,44299,1800,60000,29,0
8524,1,2,7384,0,40000,26,0
8526,1,3,138592,5300,150000,36,0
8547,1,3,19465,0,20000,26,0
8549,1,2,1496,7000,10000,28,1
8574,1,2,12077,0,20000,25,0
8577,1,2,149603,11000,170000,27,0
8603,1,2,30399,0,30000,47,1
8613,1,2,31714,0,30000,34,1
8636,1,2,14289,3500,20000,24,1
8650,1,2,6995,350,20000,22,1
8655,1,8,2400,0,30000,47,0
8657,1,2,30000,5000,30000,46,0
8699,1,2,38896,1537,200000,44,1
8709,1,2,102069,0,100000,29,0
8742,1,2,29974,1200,80000,26,0
8757,1,2,140419,5300,140000,28,1
8771,1,2,10149,2000,130000,29,1
8773,1,3,225044,0,220000,41,0
8784,1,2,1582,242,50000,34,1
8798,1,2,47835,1900,70000,37,0
8809,1,2,7053,443,80000,25,1
8815,1,2,16743,1500,80000,51,0
8822,1,2,29958,1200,30000,23,0
8832,1,2,29108,1500,50000,37,0
8844,1,5,23635,0,40000,24,0
8857,1,3,39816,1600,80000,52,0
8865,1,2,38081,1326,60000,51,0
8869,1,2,15496,1000,90000,24,1
8878,1,2,5594,573,30000,41,0
8884,1,2,15001,700,100000,24,0
8906,1,2,47003,2000,50000,25,0
8926,1,2,19462,0,20000,51,1
8930,1,3,8658,0,10000,29,0
8954,1,2,52639,7127,150000,29,0
8966,1,2,22276,1000,70000,31,1
8989,1,2,13742,5000,130000,41,0
8995,1,2,45473,4008,50000,30,0
8998,1,4,88878,0,80000,31,0
9007,1,2,148754,5700,150000,35,0
9013,1,2,84242,0,100000,29,0
9017,1,2,22661,1800,60000,31,1
9020,1,2,175581,7500,200000,34,0
9024,1,2,29933,1000,30000,27,1
9030,1,2,29826,2000,70000,24,1
9032,1,4,22173,0,50000,36,0
9034,1,2,73602,2900,160000,24,0
9048,1,2,338,1000,20000,25,0
9055,1,2,70252,2500,70000,30,1
9063,1,2,48651,2000,70000,34,0
9073,1,2,149472,0,500000,29,1
9075,1,2,31771,0,30000,33,0
9080,1,7,55033,0,50000,26,0
9085,1,2,49630,1700,50000,27,0
9090,1,2,79958,100000,180000,31,0
9099,1,2,46093,2000,130000,37,0
9103,1,2,82183,10000,140000,45,0
9108,1,2,102779,0,110000,32,0
9111,1,2,94617,3400,380000,46,0
9116,1,2,24192,2119,30000,22,1
9143,1,2,49057,3000,80000,34,0
9148,1,2,3871,0,50000,27,0
9149,1,3,5073,0,10000,46,0
9165,1,2,29513,0,30000,28,0
9167,1,2,22369,1800,30000,25,0
9188,1,2,29336,1100,30000,47,1
9195,1,5,2495,0,460000,39,0
9211,1,2,108614,4000,120000,31,1
9215,1,3,16713,0,20000,48,0
9223,1,2,30587,2700,50000,36,0
9234,1,2,109652,4183,140000,30,0
9264,1,2,60576,0,110000,30,0
9265,1,2,8345,500,10000,27,0
9272,1,2,55606,4727,60000,31,0
9273,1,2,47999,2000,100000,40,0
9281,1,2,92621,3403,500000,38,1
9284,1,2,238775,8600,240000,41,0
9287,1,2,49794,2000,100000,42,0
9290,1,2,100357,0,220000,30,0
9293,1,3,118091,7000,140000,30,0
9296,1,2,25030,912,30000,35,0
9306,1,2,109821,0,140000,45,0
9316,1,2,207919,5000,250000,26,0
9326,1,2,59823,0,80000,23,0
9344,1,2,130500,4700,210000,31,1
9380,1,2,20355,2732,20000,22,1
9382,1,2,42373,10022,240000,38,1
9388,1,2,25218,2000,150000,35,1
9390,1,2,40234,1500,40000,26,0
9397,1,2,12374,0,30000,23,0
9414,1,2,97670,6170,100000,39,0
9416,1,2,199417,8001,310000,27,1
9425,1,2,38066,2400,60000,31,1
9426,1,2,63243,2500,140000,45,0
9427,1,2,130728,0,180000,30,1
9429,1,2,46249,1850,50000,29,0
9452,1,2,16563,1400,50000,43,0
9484,1,2,72210,9,70000,59,0
9493,1,2,47020,1943,50000,38,0
9508,1,2,536,982,280000,35,1
9518,1,2,36692,2000,50000,24,0
9520,1,2,19364,1000,20000,25,0
9538,1,2,35125,2000,40000,24,0
9551,1,2,77459,1580,80000,30,0
9557,1,2,276403,8475,280000,29,0
9570,1,2,9101,481,20000,38,1
9583,1,2,18919,700,30000,23,1
9584,1,2,8016,1500,20000,23,0
9594,1,2,300,0,20000,26,0
9596,1,2,1285,1000,500000,41,1
9597,1,3,12538,0,30000,41,1
9614,1,2,104159,0,120000,34,0
9626,1,2,17075,3000,20000,24,1
9636,1,2,72447,3000,230000,24,1
9639,1,2,49207,3000,70000,25,1
9647,1,2,30483,0,30000,34,0
9651,1,2,68397,2500,70000,24,0
9661,1,2,29930,0,30000,35,0
9662,1,2,20783,1800,30000,36,0
9672,1,7,2400,0,170000,48,0
9677,1,2,50509,3000,60000,29,0
9692,1,2,78,0,130000,29,0
9695,1,3,18525,0,20000,23,0
9697,1,2,19249,0,50000,34,0
9700,1,2,130524,4000,130000,27,0
9707,1,2,46865,2000,100000,46,0
9715,1,2,9862,500,10000,24,0
9731,1,2,20844,0,20000,22,0
9732,1,2,156554,5700,160000,25,0
9740,1,2,28686,2631,30000,28,1
9756,1,2,54910,3513,140000,31,0
9762,1,6,370850,0,360000,33,0
9765,1,2,32085,1200,50000,50,0
9769,1,2,47500,1763,50000,61,1
9782,1,2,24093,1094,30000,34,0
9786,1,2,29822,3000,80000,25,1
9795,1,2,12690,3027,30000,24,0
9803,1,2,20038,0,20000,22,0
9812,1,2,80316,3500,90000,49,0
9821,1,2,28447,0,20000,26,0
9822,1,2,14422,5000,20000,23,0
9833,1,2,23472,0,100000,67,0
9836,1,2,68811,3000,80000,32,1
9839,1,2,106437,4600,150000,29,0
9843,1,2,30614,0,30000,25,0
9858,1,2,16546,600,70000,50,0
9871,1,2,600,0,110000,37,0
9881,1,2,172662,2304,180000,23,0
9889,1,2,114481,9502,160000,38,1
9893,1,2,146986,5400,150000,25,0
9903,1,3,300,0,60000,25,0
9910,1,2,43798,2000,50000,44,0
9921,1,2,192304,28,200000,34,0
9941,1,2,4912,0,160000,51,0
9950,1,2,16608,2000,30000,25,0
9953,1,2,17250,1500,20000,37,0
9958,1,2,31740,1515,30000,33,0
9980,1,4,31881,0,30000,38,0
10018,1,2,186172,5324,360000,47,1
10040,1,2,198862,0,200000,27,1
10043,1,2,14154,1400,30000,24,1
10054,1,2,49590,8695,400000,38,1
10064,1,2,133090,5000,140000,59,1
10098,1,2,90043,3128,90000,33,0
10106,1,2,8216,500,10000,23,0
10112,1,2,3436,19000,60000,28,1
10116,1,2,5937,1000,10000,24,0
10120,1,2,72818,3600,90000,26,1
10121,1,2,45983,20000,150000,48,0
10125,1,2,9378,0,20000,38,0
10130,1,2,248,3408,70000,25,1
10139,1,2,29981,1100,140000,34,0
10143,1,2,55077,1600,400000,39,0
10149,1,2,46644,3890,50000,47,1
10152,1,2,61808,0,60000,48,0
10156,1,2,9442,0,10000,22,0
10167,1,2,28720,1200,60000,26,1
10181,1,2,29816,1400,40000,25,1
10195,1,3,8836,0,10000,46,0
10197,1,2,29078,1500,50000,41,0
10211,1,2,26946,2000,90000,31,0
10231,1,2,141146,0,140000,38,0
10238,1,2,67411,5000,140000,41,0
10257,1,2,101872,0,100000,41,1
10265,1,2,19648,826,20000,47,0
10282,1,2,54065,4500,60000,26,1
10315,1,2,23781,2000,30000,50,1
10317,1,2,17097,2000,20000,23,0
10326,1,2,32479,0,30000,23,1
10329,1,2,42800,0,110000,32,0
10338,1,2,19840,0,20000,47,0
10339,1,2,22896,0,200000,32,0
10354,1,2,12333,0,20000,43,0
10357,1,3,25088,0,30000,48,0
10364,1,2,51543,0,80000,28,0
10390,1,4,1650,0,20000,25,0
10391,1,2,99894,0,200000,49,0
10405,1,2,50926,4500,210000,30,0
10410,1,2,41146,0,140000,27,0
10425,1,2,90750,0,140000,32,0
10457,1,2,73330,6103,80000,50,0
10460,1,2,48441,0,50000,48,0
10468,1,2,107970,0,110000,24,0
10498,1,3,15201,0,30000,43,0
10507,1,2,17941,1933,20000,22,0
10515,1,2,115681,0,240000,35,1
10522,1,2,55585,2500,100000,51,0
10534,1,2,4360,500,10000,52,0
10537,1,3,826,0,30000,25,0
10540,1,2,179703,0,220000,47,0
10547,1,2,29318,0,30000,56,0
10548,1,3,8349,500,80000,25,0
10570,1,3,75277,17000,50000,25,1
10576,1,2,90685,3700,100000,31,0
10594,1,2,15543,1000,20000,31,0
10632,1,2,79219,3000,120000,27,1
10637,1,2,24619,1000,80000,23,1
10647,1,2,14334,1500,30000,49,1
10656,1,2,1648,0,240000,38,0
10664,1,2,44955,0,50000,36,0
10667,1,2,83359,4000,100000,29,1
10698,1,2,5328,0,280000,57,0
10702,1,2,30287,1500,50000,31,0
10715,1,2,10339,1000,30000,38,1
10729,1,2,121325,4400,130000,47,0
10745,1,2,2482,0,280000,45,0
10759,1,2,47508,1900,70000,51,0
10776,1,2,68023,2471,100000,39,0
10785,1,2,58593,2200,80000,33,0
10802,1,7,2400,0,50000,36,0
10804,1,2,73932,3000,100000,41,0
10823,1,2,100979,0,140000,27,0
10835,1,2,5058,6177,270000,52,1
10839,1,2,87930,10000,140000,28,0
10843,1,2,50162,2000,50000,50,1
10860,1,2,2500,0,360000,38,1
10862,1,3,300,0,110000,29,0
10871,1,2,61938,2500,80000,37,0
10877,1,2,1072,4689,300000,36,1
10905,1,2,18955,800,20000,47,1
10908,1,2,20718,3000,150000,30,0
10913,1,2,4180,600,10000,40,0
10918,1,2,101400,0,200000,54,0
10937,1,2,104655,7700,180000,29,0
10964,1,2,26022,1100,60000,28,0
10975,1,2,25923,0,30000,29,0
10983,1,2,2500,0,300000,59,0
11009,1,2,13927,2000,70000,40,0
11035,1,2,7751,2000,30000,38,1
11037,1,3,20721,600,20000,33,1
11041,1,2,9513,0,400000,32,0
11044,1,2,112050,4100,120000,34,0
11048,1,2,5235,500,50000,28,1
11050,1,2,81056,3001,90000,33,0
11060,1,2,111053,57,320000,32,0
11075,1,2,2500,0,260000,43,0
11099,1,2,41394,1200,170000,27,1
11105,1,2,29439,1100,30000,23,0
11128,1,2,4180,0,80000,45,0
11131,1,2,47120,4000,50000,43,1
11152,1,2,10044,515,10000,58,0
11167,1,2,103988,8500,140000,35,1
11172,1,2,27026,0,70000,37,0
11205,1,2,30050,2000,50000,40,0
11207,1,7,2443,0,200000,28,0
11208,1,2,22400,3605,170000,36,1
11218,1,2,1320,390,30000,31,0
11226,1,2,10702,500,10000,23,0
11243,1,2,151978,5000,150000,26,0
11244,1,3,29594,2000,30000,23,0
11267,1,2,18966,900,70000,34,0
11276,1,2,48617,2000,60000,29,1
11284,1,2,28806,0,30000,25,0
11287,1,2,819,886,200000,42,1
11300,1,2,86858,5000,260000,41,0
11303,1,2,80021,4200,80000,34,0
11343,1,2,18735,1000,20000,41,0
11357,1,2,13548,1300,30000,43,0
11358,1,2,13735,800,50000,39,1
11409,1,2,183299,9013,240000,48,0
11425,1,2,39628,1600,40000,39,0
11436,1,2,9063,0,20000,23,0
11445,1,2,26079,2300,20000,27,0
11450,1,2,25861,2500,30000,26,1
11452,1,2,35551,0,50000,47,0
11485,1,2,29017,0,30000,23,0
11498,1,2,285901,8942,250000,42,0
11511,1,4,1650,0,20000,63,0
11517,1,2,83710,5900,100000,35,0
11555,1,4,151269,0,150000,42,0
11559,1,2,16026,0,30000,35,0
11573,1,2,8323,13000,240000,36,1
11578,1,2,26103,2028,100000,33,0
11585,1,2,170922,1000,170000,30,0
11590,1,2,19725,3000,30000,26,0
11609,1,2,25936,944,80000,43,1
11617,1,2,28840,0,30000,52,0
11618,1,2,109072,0,110000,32,0
11623,1,3,29323,0,90000,25,0
11626,1,2,14222,700,140000,28,0
11644,1,2,6008,0,80000,34,0
11649,1,2,24843,1000,50000,47,1
11661,1,2,14443,1600,80000,39,1
11662,1,2,20100,0,30000,23,0
11664,1,2,28685,2800,50000,27,0
11667,1,2,149807,5005,150000,48,1
11672,1,2,48026,8774,110000,56,0
11682,1,2,96397,1600,100000,29,0
11702,1,2,47120,0,130000,24,0
11705,1,4,28060,3000,30000,22,1
11706,1,3,1050,0,20000,25,0
11709,1,2,18540,1700,20000,25,0
11713,1,2,120370,9000,120000,47,0
11714,1,2,16741,2843,50000,29,1
11716,1,2,23808,1200,60000,28,1
11717,1,2,58151,4800,100000,34,0
11720,1,2,46490,2200,70000,29,0
11721,1,2,185247,6021,200000,58,1
11733,1,2,8535,313,10000,32,1
11735,1,2,57110,0,180000,28,0
11739,1,2,93857,7396,120000,30,1
11740,1,2,5000,0,300000,47,0
11744,1,3,9084,0,70000,31,0
11749,1,2,50149,2000,100000,34,0
11750,1,2,50015,0,50000,45,0
11785,1,4,9730,0,10000,23,0
11809,1,2,9359,350,50000,55,1
11814,1,2,47664,2000,120000,34,0
11818,1,2,30500,0,30000,23,0
11828,1,2,49418,1900,50000,30,0
11830,1,2,17869,0,30000,24,0
11831,1,2,14008,0,60000,35,0
11838,1,2,28496,1642,30000,29,0
11842,1,2,222304,0,370000,45,1
11845,1,5,1200,0,30000,24,0
11855,1,2,35180,1500,70000,27,0
11874,1,3,89429,3400,100000,29,0
11893,1,2,503,0,260000,37,0
11908,1,2,21625,0,130000,43,0
11914,1,3,6463,0,20000,24,1
11930,1,2,14741,1000,20000,32,0
11934,1,2,29433,1251,50000,43,1
11947,1,2,31203,0,30000,25,0
11976,1,2,20389,0,70000,25,0
11978,1,2,194206,9200,280000,30,0
11981,1,2,4009,5180,230000,30,1
11983,1,2,799,4305,250000,30,1
11984,1,2,54924,2800,100000,31,1
11988,1,3,1050,0,20000,36,0
11994,1,2,33102,1771,100000,28,0
11995,1,2,26141,1115,30000,22,0
12004,1,3,30071,0,30000,35,1
12011,1,2,86445,6500,90000,39,0
12018,1,2,15917,0,50000,47,0
12019,1,2,2500,0,260000,64,0
12022,1,2,2855,0,80000,52,0
12025,1,2,46284,2200,90000,28,1
12036,1,7,2646,0,30000,44,0
12052,1,2,19986,2100,50000,26,0
12067,1,2,58053,2300,70000,53,0
12073,1,2,57532,2000,120000,36,1
12079,1,2,24022,2000,30000,46,0
12090,1,2,97451,1900,160000,32,0
12094,1,2,27396,1400,70000,43,0
12099,1,2,7361,2000,120000,28,1
12101,1,2,44509,2000,120000,41,0
12122,1,2,38244,871,40000,27,0
12132,1,2,47604,1367,70000,23,1
12145,1,2,14216,1000,190000,32,0
12150,1,2,35536,1600,300000,42,0
12157,1,2,29408,1000,30000,51,1
12163,1,2,59367,2114,120000,31,0
12164,1,2,48037,396,50000,42,0
12168,1,2,35766,1100,500000,32,1
12177,1,2,47440,3758,50000,53,0
12192,1,4,420,0,10000,55,0
12197,1,2,17583,1708,20000,35,0
12202,1,2,26298,2400,50000,25,0
12207,1,4,21057,5000,30000,36,0
12217,1,2,201410,7300,280000,39,0
12231,1,2,27798,0,30000,37,0
12234,1,2,8749,1000,160000,31,1
12236,1,2,17889,1007,20000,36,1
12238,1,2,38584,0,50000,30,0
12261,1,4,39093,0,90000,23,0
12279,1,2,9785,855,20000,47,0
12281,1,4,12139,0,100000,36,0
12282,1,2,20129,700,50000,37,1
12287,1,2,61691,3000,60000,36,0
12298,1,2,39696,300,100000,22,1
12308,1,2,310308,11000,320000,40,0
12322,1,2,112011,4005,200000,26,0
12345,1,2,17954,1000,30000,53,0
12347,1,2,171923,0,190000,28,0
12362,1,2,99732,3800,100000,26,0
12363,1,2,44929,4000,50000,32,0
12370,1,2,19795,0,20000,42,0
12372,1,2,20430,1000,40000,28,0
12385,1,2,327750,8567,330000,27,1
12388,1,2,31133,1500,70000,42,0
12391,1,2,77273,1000,150000,32,0
12393,1,2,28104,1300,30000,47,0
12395,1,2,16934,1700,20000,45,0
12407,1,2,142913,5600,160000,33,0
12409,1,2,61682,5010,80000,30,1
12417,1,2,10851,1000,60000,27,0
12424,1,2,76549,4000,110000,25,0
12431,1,4,1650,0,20000,24,0
12433,1,4,1650,0,20000,24,0
12451,1,2,23489,1000,40000,24,0
12482,1,2,48757,1834,80000,26,0
12489,1,2,955,1170,30000,36,1
12497,1,2,261,6500,60000,31,0
12498,1,2,129942,0,200000,34,0
12501,1,2,32890,1400,70000,38,0
12503,1,2,60881,707,400000,27,0
12508,1,2,56699,0,80000,24,0
12520,1,2,101280,2000,100000,27,0
12521,1,2,190198,5600,200000,33,1
12523,1,2,15484,0,20000,48,0
12536,1,2,10632,0,20000,28,0
12538,1,2,19342,660,50000,23,1
12547,1,2,51988,5000,90000,27,0
12574,1,2,1138,182,10000,49,1
12605,1,2,10109,1000,10000,22,1
12623,1,2,147262,12000,170000,37,0
12642,1,2,146651,2500,140000,24,1
12656,1,2,86705,5100,350000,24,1
12674,1,2,308523,15000,430000,42,0
12677,1,2,29054,0,200000,36,0
12713,1,2,9290,5000,360000,33,1
12716,1,2,217830,9078,250000,35,0
12722,1,2,40920,1600,90000,25,1
12724,1,2,65761,2600,70000,27,0
12733,1,2,18004,2000,70000,34,0
12746,1,3,41357,1000,50000,52,0
12761,1,2,40009,5000,50000,30,0
12768,1,2,165872,11000,180000,27,1
12773,1,2,3023,2000,70000,36,0
12775,1,4,20638,0,20000,23,0
12781,1,2,56517,26000,60000,38,1
12801,1,2,8785,320,10000,36,1
12803,1,2,148107,0,260000,53,0
12811,1,2,28952,3000,50000,25,0
12812,1,4,69424,0,100000,54,0
12813,1,2,121365,7200,130000,29,0
12819,1,2,28039,1200,70000,25,0
12820,1,2,38852,1500,50000,47,0
12823,1,2,142019,5,140000,50,0
12825,1,7,2400,0,50000,36,0
12832,1,2,7923,0,20000,24,0
12835,1,2,20897,0,40000,26,0
12846,1,2,90545,3500,90000,42,0
12877,1,4,21596,0,20000,28,0
12898,1,3,10529,0,20000,22,1
12909,1,2,113328,9200,120000,37,0
12923,1,2,63979,5000,90000,33,1
12931,1,2,34668,0,50000,24,0
12937,1,2,219064,7500,220000,32,0
12947,1,2,131154,9800,140000,34,0
12953,1,2,32854,1641,40000,23,0
12956,1,2,2500,0,280000,62,0
12967,1,3,381863,2281,400000,40,0
12970,1,2,29742,1400,50000,34,1
12978,1,2,120714,5000,160000,33,1
13021,1,2,20122,0,20000,56,0
13047,1,2,111423,10000,660000,40,1
13056,1,2,237399,0,230000,29,0
13059,1,2,29123,1216,50000,26,0
13065,1,2,27801,1500,30000,23,1
13068,1,2,28656,1000,50000,30,0
13101,1,2,7906,0,60000,35,0
13152,1,2,152219,0,180000,34,0
13189,1,2,58455,0,300000,36,0
13219,1,2,5791,0,20000,23,0
13222,1,2,45679,1500,50000,24,0
13232,1,6,1800,0,20000,23,0
13255,1,4,12582,0,20000,25,0
13259,1,2,188683,10000,200000,55,0
13262,1,4,63449,0,60000,60,0
13263,1,2,31548,0,40000,24,0
13265,1,2,46528,0,50000,23,1
13278,1,2,3673,6134,150000,32,1
13290,1,2,205949,7500,230000,34,0
13291,1,2,10418,0,20000,41,0
13292,1,2,48358,0,50000,22,0
13298,1,2,53589,2200,80000,36,0
13301,1,2,51400,0,100000,41,0
13314,1,2,28819,1000,30000,26,0
13334,1,2,10746,500,50000,25,1
13341,1,2,279294,9500,350000,47,0
13354,1,2,17762,0,140000,29,0
13365,1,2,50758,0,110000,23,0
13370,1,2,123191,11781,150000,31,0
13389,1,2,18356,2000,20000,45,1
13401,1,2,48537,0,50000,32,0
13407,1,7,2400,0,10000,23,0
13418,1,2,16485,0,50000,32,0
13422,1,2,79292,3100,100000,29,0
13441,1,2,36935,0,40000,23,0
13445,1,2,225021,0,320000,48,0
13454,1,2,13371,608,20000,29,1
13466,1,2,27211,0,140000,26,0
13479,1,2,17760,0,30000,43,0
13480,1,2,179140,6500,390000,41,0
13489,1,2,64351,4000,80000,26,0
13501,1,2,48150,1800,140000,36,0
13529,1,2,16472,5782,20000,31,0
13562,1,2,327542,0,320000,46,0
13571,1,2,914,16,20000,45,0
13576,1,2,10521,0,40000,26,0
13600,1,2,6598,10000,120000,41,1
13606,1,2,36216,1500,50000,27,0
13624,1,2,3395,1000,10000,23,0
13636,1,4,21662,0,20000,36,0
13656,1,2,17704,1000,30000,29,0
13675,1,2,14596,0,30000,35,0
13680,1,2,41241,3500,60000,28,0
13690,1,2,79311,3200,110000,25,1
13696,1,3,19897,500,20000,29,0
13697,1,2,31775,0,30000,49,0
13712,1,2,2500,0,200000,30,0
13713,1,4,18577,0,20000,40,0
13715,1,2,13525,2000,30000,54,0
13718,1,2,60367,2400,70000,30,0
13720,1,3,29903,1600,30000,27,0
13731,1,2,607,3076,280000,47,1
13737,1,2,24131,5000,30000,27,0
13739,1,2,29071,1001,30000,22,0
13740,1,7,2400,0,40000,43,0
13744,1,2,2497,0,260000,29,0
13745,1,2,34419,0,100000,58,0
13779,1,2,26353,1100,30000,25,0
13781,1,3,9863,0,20000,34,0
13784,1,2,8224,0,10000,22,0
13786,1,2,35238,1400,240000,35,0
13788,1,2,49142,4200,160000,41,1
13808,1,2,27204,0,50000,26,0
13811,1,2,14386,0,40000,47,0
13814,1,2,18013,1700,240000,36,1
13845,1,2,30690,1049,30000,25,0
13861,1,2,37259,2088,150000,32,1
13868,1,2,194710,8000,380000,31,1
13896,1,2,1340,0,20000,50,1
13898,1,2,47722,1569,80000,54,0
13902,1,2,11188,3000,40000,26,0
13905,1,2,27302,1500,50000,26,0
13909,1,2,169075,6200,180000,28,0
13923,1,2,37296,1500,40000,24,1
13933,1,2,17380,0,50000,27,0
13945,1,2,77417,6250,90000,32,0
13952,1,2,125874,5000,130000,34,0
13957,1,2,14654,0,70000,46,0
13958,1,2,16525,0,20000,33,0
13961,1,2,83581,0,120000,38,0
13967,1,7,2400,0,40000,55,0
13971,1,2,43576,2001,50000,23,0
13992,1,2,199689,6622,230000,46,0
13993,1,2,19390,1000,20000,30,1
13995,1,2,916,2133,160000,36,1
13998,1,5,83401,0,90000,31,0
14006,1,2,101568,2843,500000,35,1
14018,1,4,30149,0,50000,45,0
14026,1,2,48677,0,50000,31,0
14045,1,2,76831,4000,80000,45,1
14063,1,2,13707,1000,30000,26,0
14072,1,2,6495,80900,100000,24,0
14075,1,2,65579,3000,90000,28,0
14082,1,2,83897,0,80000,41,0
14085,1,2,81533,0,200000,36,0
14087,1,3,11922,587,30000,54,1
14097,1,3,14510,550,20000,61,0
14102,1,2,107145,3785,110000,29,1
14109,1,2,30268,1319,60000,23,0
14122,1,2,195475,10000,200000,32,1
14142,1,2,13442,1000,30000,28,1
14149,1,2,18438,1200,20000,23,1
14163,1,2,9320,254,230000,24,1
14212,1,2,55956,3000,190000,39,1
14217,1,2,71179,0,70000,38,0
14221,1,2,48678,0,70000,42,0
14226,1,3,1050,0,50000,29,0
14245,1,7,2400,0,10000,50,0
14259,1,2,7800,0,50000,27,0
14281,1,2,135859,2300,140000,38,0
14282,1,2,48220,1600,80000,27,1
14293,1,2,35836,699,50000,23,1
14295,1,4,1650,0,20000,24,0
14299,1,2,32739,1150,30000,37,0
14304,1,2,18037,900,20000,27,0
14315,1,2,52279,1800,80000,60,0
14323,1,2,150,925,440000,62,1
14328,1,2,15983,0,20000,26,0
14330,1,2,1000,0,20000,25,0
14331,1,2,12147,400,150000,46,0
14341,1,2,22622,900,30000,28,0
14345,1,2,7396,1000,230000,42,1
14368,1,2,98283,1600,100000,51,0
14375,1,2,49640,0,160000,42,0
14377,1,2,23725,0,30000,47,0
14379,1,2,47654,2000,50000,26,0
14393,1,2,8864,500,80000,41,0
14402,1,2,540,390,160000,52,1
14411,1,2,5569,400,10000,24,0
14417,1,2,8061,294,20000,48,1
14419,1,2,19517,1000,20000,40,0
14420,1,2,1321,8480,440000,45,0
14425,1,2,118722,4500,210000,27,0
14429,1,3,1050,0,30000,25,0
14440,1,2,34032,0,50000,31,0
14447,1,2,68247,4000,80000,39,0
14453,1,2,19978,868,50000,31,1
14454,1,2,11,0,330000,28,0
14468,1,4,26889,3000,60000,37,0
14472,1,2,89025,7000,110000,28,0
14479,1,2,31208,0,30000,23,0
14486,1,2,19682,0,90000,27,0
14500,1,2,48135,3000,60000,24,0
14501,1,2,211373,8229,240000,29,0
14506,1,2,26798,2500,30000,49,1
14510,1,2,29887,1000,30000,27,1
14543,1,2,32185,1400,50000,38,0
14547,1,2,134665,10000,140000,35,1
14558,1,2,188375,0,200000,39,1
14563,1,2,47993,5000,240000,39,0
14582,1,2,21652,2000,130000,47,0
14589,1,2,154010,6267,280000,50,0
14615,1,6,142,0,10000,29,0
14624,1,2,29329,1000,30000,23,0
14631,1,2,9933,1000,10000,23,0
14634,1,2,50713,2400,50000,25,0
14650,1,2,175918,6600,200000,33,0
14653,1,2,15700,1500,30000,25,0
14683,1,2,47220,4005,50000,25,0
14692,1,2,14706,0,20000,28,0
14693,1,2,55912,2200,170000,34,0
14696,1,2,29858,580,30000,59,0
14697,1,2,97711,4000,300000,39,1
14707,1,2,38512,0,100000,34,0
14709,1,2,61811,2500,80000,37,0
14712,1,2,9694,500,50000,22,1
14723,1,2,45058,1900,80000,30,0
14729,1,2,66520,3000,110000,30,0
14761,1,2,19930,900,20000,42,1
14794,1,3,6991,27150,20000,25,0
14797,1,2,45310,0,50000,43,0
14806,1,2,19446,0,20000,24,0
14810,1,2,61240,1200,130000,45,0
14811,1,2,10352,3000,250000,44,0
14831,1,2,1680,5285,20000,48,1
14861,1,2,78257,3200,80000,34,0
14862,1,7,2550,0,30000,24,0
14881,1,2,117729,5000,120000,32,0
14884,1,2,13817,1000,20000,26,0
14892,1,7,2550,0,50000,29,0
14894,1,2,24051,3000,70000,32,0
14915,1,2,200,0,30000,26,0
14933,1,2,12894,0,20000,26,0
14946,1,2,40689,1500,40000,24,1
14951,1,2,2487,0,250000,51,0
14955,1,3,17336,0,20000,40,0
14973,1,3,882,0,150000,28,0
14974,1,7,2395,0,30000,55,0
14977,1,2,29239,1185,30000,58,0
14981,1,2,30525,0,30000,23,0
15009,1,2,22818,2029,30000,43,0
15014,1,2,16832,0,20000,40,0
15019,1,2,44357,0,50000,41,0
15021,1,2,11865,450,70000,45,0
15031,1,2,40150,3000,150000,46,0
15034,1,2,120528,5000,180000,36,0
15038,1,2,77373,3000,100000,35,0
15044,1,2,94518,484,100000,40,1
15049,1,2,3630,3615,340000,42,1
15053,1,2,8415,8013,350000,34,1
15063,1,2,72705,2800,100000,35,0
15112,1,2,23494,0,50000,50,0
15120,1,2,11748,900,20000,56,0
15139,1,7,2395,0,30000,55,0
15141,1,2,21942,712,50000,55,0
15185,1,2,18766,0,20000,25,0
15186,1,2,8153,155,30000,25,0
15191,1,7,300,0,30000,24,0
15194,1,2,113035,0,110000,24,0
15209,1,2,59275,0,140000,27,1
15210,1,2,50995,0,70000,27,0
15226,1,2,88261,3300,90000,40,0
15229,1,2,93136,0,130000,29,0
15234,1,2,67873,2600,100000,38,0
15245,1,2,34184,0,80000,37,0
15248,1,2,14979,1000,30000,29,1
15296,1,2,10022,1065,30000,41,0
15307,1,2,145,1200,60000,34,0
15309,1,2,17257,1000,50000,43,0
15351,1,2,27019,0,50000,37,0
15352,1,2,2753,0,160000,44,0
15370,1,2,61374,3000,140000,45,1
15384,1,2,23253,3000,20000,45,0
15428,1,2,2500,0,360000,30,0
15446,1,2,48057,1968,50000,25,0
15470,1,2,43401,0,120000,40,0
15490,1,2,58016,2204,30000,28,1
15496,1,2,7972,0,30000,30,0
15498,1,2,54764,5000,150000,34,0
15513,1,2,20651,1801,30000,37,0
15537,1,2,34579,1600,50000,39,0
15571,1,2,64665,5300,130000,40,0
15576,1,2,111811,3991,110000,55,1
15586,1,2,78735,3100,500000,50,0
15598,1,2,11888,900,20000,22,1
15600,1,2,30789,1050,90000,56,0
15616,1,2,9413,15997,60000,28,1
15673,1,2,12758,1300,30000,31,0
15676,1,2,16475,5889,80000,24,1
15751,1,2,66832,3500,90000,23,1
15757,1,2,29002,3158,60000,22,1
15761,1,3,13437,0,20000,22,0
15764,1,2,97560,0,100000,23,0
15766,1,2,17738,0,30000,22,0
15773,1,2,31012,0,30000,24,1
15775,1,2,52201,4300,140000,24,0
15779,1,2,13801,0,20000,24,0
15784,1,2,17644,1000,50000,23,1
15785,1,2,45099,2083,50000,23,1
15789,1,2,30584,0,30000,26,0
15796,1,2,28633,0,70000,25,1
15800,1,2,17499,650,20000,23,1
15827,1,2,43123,1528,50000,27,0
15843,1,2,204067,0,230000,28,0
15851,1,2,51911,0,50000,28,0
15854,1,4,62945,0,60000,27,0
15856,1,2,121084,4500,150000,25,0
15857,1,2,12134,500,30000,27,0
15863,1,2,84532,0,100000,29,0
15868,1,2,127114,5000,110000,30,0
15872,1,2,22124,1000,30000,28,0
15889,1,2,74183,0,80000,35,0
15890,1,2,52676,2200,70000,27,1
15894,1,2,17920,0,150000,29,1
15896,1,3,20510,0,20000,29,0
15899,1,3,95233,4200,110000,25,0
15903,1,2,60875,3000,200000,30,0
15910,1,2,42683,2000,50000,28,0
15925,1,2,41428,5000,60000,31,0
15930,1,2,23099,1000,60000,32,0
15936,1,2,31262,0,30000,25,0
15938,1,2,23287,0,50000,26,0
15948,1,7,2400,0,30000,30,0
15960,1,2,57755,2000,50000,34,0
15973,1,2,30472,0,30000,48,0
15976,1,2,19195,2000,60000,35,1
15982,1,2,27216,2351,30000,49,1
15988,1,2,32071,1300,50000,31,0
15991,1,2,104972,4600,120000,30,0
15992,1,2,38074,3000,100000,32,0
15998,1,2,36614,1509,50000,24,0
16001,1,7,2400,0,20000,44,0
16007,1,2,29892,1107,210000,34,1
16017,1,2,90756,3000,140000,47,0
16030,1,2,840,931,80000,39,0
16034,1,2,103112,2800,150000,43,0
16040,1,2,5000,0,200000,31,0
16045,1,2,11658,1000,80000,26,0
16053,1,2,29819,1500,30000,48,0
16061,1,2,23159,1798,50000,47,0
16092,1,2,61621,2278,100000,40,1
16093,1,2,27352,1100,40000,37,0
16098,1,4,20116,0,30000,42,0
16099,1,2,26477,1500,70000,46,0
16104,1,2,2641,0,10000,37,0
16106,1,2,81803,2900,220000,46,0
16137,1,2,167294,7250,220000,37,0
16141,1,2,22299,10000,120000,35,0
16142,1,2,75527,3000,120000,39,0
16151,1,2,10962,0,200000,48,0
16155,1,2,22382,1000,80000,38,1
16158,1,2,17014,3000,30000,46,0
16173,1,2,26279,975,30000,38,1
16178,1,2,29639,0,50000,29,0
16210,1,2,20139,0,20000,46,0
16212,1,2,19832,804,20000,34,0
16223,1,3,71908,5700,80000,43,0
16224,1,2,32633,2000,50000,31,0
16227,1,2,67401,2700,80000,34,0
16229,1,2,9549,508,10000,37,1
16236,1,3,52956,2500,70000,41,0
16247,1,2,39004,3069,40000,38,0
16248,1,2,35129,1500,50000,38,0
16249,1,2,138733,1200,170000,45,1
16252,1,2,29484,1300,30000,25,0
16255,1,2,62420,2400,80000,29,0
16259,1,2,109293,0,110000,33,0
16295,1,2,99700,0,110000,44,0
16296,1,2,78456,0,120000,39,1
16310,1,2,43771,1700,100000,34,0
16317,1,2,72451,10015,160000,36,1
16322,1,2,3482,4479,180000,44,1
16326,1,2,13929,0,20000,42,0
16331,1,2,27408,0,30000,45,0
16340,1,2,18131,0,30000,43,0
16354,1,2,30159,0,70000,37,1
16375,1,2,21003,0,80000,42,0
16377,1,2,12651,0,30000,48,0
16380,1,2,27744,2253,30000,46,0
16381,1,2,37325,3000,90000,33,0
16401,1,2,10762,0,10000,44,0
16404,1,2,13490,2000,20000,44,1
16416,1,2,21802,0,50000,36,0
16424,1,2,28537,2300,30000,54,1
16447,1,3,18835,0,20000,54,0
16452,1,2,17386,0,30000,56,0
16454,1,2,24959,1100,50000,55,0
16455,1,2,69787,300,80000,56,0
16462,1,2,15183,1400,20000,50,1
16468,1,2,32392,1294,100000,50,0
16470,1,2,20141,0,30000,53,0
16474,1,2,106721,5000,110000,50,0
16476,1,3,13542,2000,20000,56,0
16478,1,2,50170,4200,80000,54,0
16480,1,2,13508,0,20000,56,1
16490,1,3,1050,0,30000,22,0
16491,1,2,24985,700,30000,23,0
16498,1,2,18646,1200,20000,26,0
16506,1,2,8268,0,10000,22,0
16512,1,2,17756,700,20000,24,0
16513,1,2,14683,700,100000,24,0
16515,1,3,20170,0,20000,24,0
16518,1,2,39408,2300,40000,24,0
16525,1,2,20859,0,20000,28,0
16527,1,2,25563,851,30000,25,0
16536,1,2,42605,0,50000,26,0
16541,1,2,24309,3219,30000,27,1
16543,1,3,4500,0,10000,27,0
16544,1,3,12173,0,20000,28,1
16549,1,2,20697,0,20000,30,0
16555,1,7,2300,0,10000,30,0
16559,1,4,1650,0,30000,27,0
16562,1,2,16043,595,120000,28,0
16567,1,2,18152,0,20000,29,0
16568,1,2,67567,3000,80000,29,1
16579,1,2,30257,1300,30000,29,0
16582,1,3,1800,0,20000,29,0
16593,1,2,36990,1500,70000,29,0
16594,1,2,150,1150,20000,28,0
16595,1,3,8023,200,10000,28,0
16601,1,2,7159,1000,10000,29,0
16603,1,2,79128,5000,80000,29,1
16620,1,2,120794,5100,320000,35,0
16626,1,2,33755,1500,50000,32,0
16629,1,2,57367,0,170000,34,1
16638,1,2,10160,357,10000,30,0
16640,1,2,25776,0,30000,48,0
16650,1,2,13391,1000,50000,46,0
16663,1,2,114389,5300,160000,28,0
16668,1,2,19056,389,20000,32,0
16675,1,2,15969,2000,100000,48,0
16680,1,2,75255,2000,140000,32,0
16684,1,2,14883,850,20000,44,0
16690,1,2,88526,3400,260000,46,0
16694,1,2,182914,7000,250000,35,0
16697,1,2,44939,2000,50000,44,0
16698,1,2,49150,4000,80000,40,0
16700,1,2,187000,14004,220000,47,0
16730,1,2,36918,0,50000,34,0
16733,1,2,209834,0,240000,42,0
16741,1,2,14223,1500,20000,41,0
16744,1,2,20285,0,50000,39,0
16749,1,2,91355,3500,150000,36,0
16765,1,2,67453,6639,120000,42,1
16769,1,2,150,805,50000,35,0
16771,1,2,39720,1565,40000,38,1
16783,1,2,17294,0,20000,31,1
16789,1,7,2379,0,30000,37,0
16790,1,2,187984,7000,220000,39,0
16793,1,3,23289,0,30000,34,0
16802,1,2,18500,3500,20000,35,0
16813,1,2,76797,3000,100000,40,0
16823,1,2,12137,0,20000,38,0
16834,1,2,7169,3000,10000,45,0
16839,1,2,17888,1500,30000,43,0
16854,1,4,600,0,80000,36,0
16859,1,2,65152,0,160000,47,0
16870,1,2,16477,0,20000,36,0
16875,1,2,121292,5002,140000,48,0
16881,1,2,28024,1200,50000,39,0
16890,1,2,37765,3200,150000,37,0
16895,1,2,56999,5000,140000,32,1
16915,1,2,13197,0,20000,50,0
16920,1,4,40806,1500,50000,52,0
16926,1,2,27571,2332,30000,52,0
16933,1,7,2255,0,20000,53,0
16938,1,4,19616,0,20000,59,0
16943,1,3,27344,0,30000,57,0
16954,1,3,16109,0,20000,57,0
16956,1,2,112063,4300,190000,50,1
16957,1,2,202394,32236,270000,50,0
16961,1,2,45377,3800,50000,48,0
16964,1,2,59620,2300,110000,54,0
16978,1,2,28511,2900,30000,30,0
16991,1,2,29647,2000,50000,22,0
16992,1,2,13996,1206,50000,22,0
17005,1,2,20108,0,50000,22,0
17007,1,2,16996,1500,20000,24,1
17009,1,2,51045,2100,50000,24,0
17018,1,2,36519,1400,40000,24,0
17021,1,2,60435,3190,60000,24,1
17032,1,2,45701,1900,50000,23,0
17034,1,7,2400,0,10000,23,0
17040,1,2,102803,0,100000,24,0
17044,1,2,48003,3906,50000,26,0
17049,1,2,31602,1200,60000,24,0
17056,1,2,45189,1900,50000,22,0
17064,1,2,18770,1001,30000,23,0
17071,1,2,76113,17500,250000,26,0
17077,1,2,90614,0,100000,24,0
17078,1,2,111130,4000,140000,24,0
17084,1,2,29824,0,50000,25,0
17086,1,2,9736,500,10000,22,0
17087,1,2,30363,0,30000,23,0
17088,1,3,28038,0,30000,23,0
17092,1,2,18281,2000,30000,25,0
17101,1,2,150,150,60000,24,0
17103,1,2,39908,2000,50000,24,1
17122,1,4,29048,1600,30000,27,0
17130,1,2,27064,1200,80000,24,0
17140,1,2,45516,1700,50000,25,0
17141,1,2,36808,1600,50000,25,0
17143,1,3,37721,3000,80000,26,0
17149,1,2,22274,1000,50000,27,0
17156,1,2,11006,1600,30000,26,0
17166,1,2,14339,5000,180000,29,1
17171,1,2,10561,537,100000,26,1
17188,1,2,43763,3600,70000,29,0
17189,1,2,12019,435,20000,31,0
17190,1,2,19487,16000,60000,28,1
17191,1,2,58453,2800,80000,29,0
17197,1,2,55681,0,150000,28,1
17204,1,2,48027,1751,50000,29,0
17208,1,2,35433,1500,50000,27,0
17214,1,2,19990,0,50000,24,1
17219,1,2,23863,0,30000,23,0
17231,1,2,99786,5,100000,39,0
17233,1,2,11411,0,10000,46,0
17236,1,2,24811,0,40000,39,0
17240,1,7,2400,0,10000,41,0
17245,1,2,48811,160,50000,36,0
17248,1,2,2500,0,360000,31,0
17249,1,2,18043,0,20000,38,0
17252,1,2,19140,1000,20000,37,1
17255,1,2,28389,1100,80000,29,1
17256,1,2,21520,774,60000,47,0
17266,1,2,156565,0,310000,31,1
17279,1,2,45290,3760,50000,34,0
17282,1,2,20906,0,20000,39,0
17295,1,2,29731,1053,30000,31,0
17317,1,2,18100,816,50000,39,1
17319,1,4,104886,4600,120000,25,0
17320,1,3,142795,0,200000,25,0
17325,1,2,73678,4874,150000,32,0
17340,1,2,28245,745,30000,31,0
17350,1,3,82525,0,100000,44,1
17352,1,2,13962,0,20000,43,0
17359,1,2,30868,0,120000,42,0
17361,1,2,66249,2066,150000,36,1
17363,1,2,8385,1600,50000,38,1
17364,1,3,50865,0,50000,36,0
17367,1,2,2843,255,30000,35,1
17369,1,2,70768,3000,140000,27,0
17380,1,2,15780,600,30000,28,0
17387,1,2,18121,0,20000,48,0
17389,1,2,81311,3200,130000,44,0
17394,1,2,47759,0,100000,46,0
17396,1,2,77908,0,80000,29,0
17403,1,2,9982,400,50000,46,0
17414,1,2,17521,800,30000,47,0
17417,1,2,20445,1000,30000,49,1
17432,1,2,8274,1000,20000,31,0
17446,1,2,186443,7035,260000,39,1
17447,1,2,24368,0,30000,43,0
17450,1,2,56889,5000,100000,43,0
17459,1,2,65000,2210,140000,30,1
17465,1,2,44722,2000,200000,37,1
17478,1,2,17504,2000,60000,30,1
17485,1,4,57150,0,120000,39,0
17486,1,2,25857,1000,50000,41,0
17513,1,2,26401,0,40000,33,0
17520,1,2,15529,1400,20000,33,0
17526,1,2,28183,2300,110000,41,0
17540,1,2,29969,1000,30000,47,0
17541,1,2,34147,2000,100000,36,0
17545,1,2,10001,350,20000,35,0
17547,1,2,36803,1500,50000,42,1
17559,1,2,17442,1000,30000,45,0
17562,1,2,48286,2000,50000,35,0
17586,1,3,16119,1000,20000,39,0
17588,1,2,23596,0,70000,38,0
17595,1,2,46480,2800,50000,33,1
17599,1,2,27754,1001,30000,30,1
17615,1,2,44013,1900,80000,30,0
17620,1,2,125273,11000,180000,33,0
17623,1,2,28082,1500,30000,31,0
17635,1,4,65245,0,80000,30,0
17650,1,2,130946,5000,130000,47,0
17654,1,2,8889,2000,10000,46,0
17657,1,2,11532,10000,20000,44,0
17660,1,2,27855,2400,30000,44,0
17664,1,2,29070,1118,80000,40,1
17688,1,2,55027,4500,70000,35,0
17702,1,2,2230,2275,360000,43,1
17703,1,2,6515,1500,60000,35,0
17707,1,2,7154,5000,120000,34,1
17713,1,2,20256,1000,90000,44,0
17715,1,2,600,1450,10000,50,0
17719,1,2,150,1000,220000,51,0
17729,1,3,50404,2000,50000,51,0
17747,1,2,13017,1200,30000,58,0
17748,1,4,28094,0,30000,54,0
17750,1,2,4579,0,10000,52,0
17757,1,7,2400,0,10000,51,0
17764,1,2,25175,2100,30000,56,0
17779,1,4,58079,0,60000,59,0
17786,1,2,308637,0,310000,62,0
17794,1,2,75255,5000,160000,51,1
17802,1,2,30127,1000,30000,23,0
17807,1,2,25579,0,30000,35,0
17809,1,3,1050,0,10000,24,0
17811,1,2,23922,2100,50000,24,0
17813,1,2,9413,0,10000,22,0
17837,1,2,102220,7500,110000,24,0
17843,1,2,17735,2000,20000,24,0
17847,1,2,154294,5000,200000,26,0
17863,1,7,2400,0,10000,26,0
17864,1,2,14881,1406,30000,26,0
17872,1,2,27977,2500,70000,28,0
17875,1,7,2400,0,30000,30,0
17882,1,2,29827,955,60000,27,1
17896,1,2,9627,2000,20000,28,1
17904,1,4,400,0,50000,29,0
17910,1,2,17431,1000,20000,25,0
17911,1,2,25759,2000,100000,28,1
17916,1,2,41526,1500,50000,32,0
17919,1,2,89605,7100,120000,33,0
17922,1,3,91151,0,100000,29,0
17925,1,2,28723,0,40000,44,0
17927,1,3,1050,0,10000,40,0
17932,1,2,234032,0,230000,32,1
17941,1,2,46996,1853,70000,44,0
17945,1,2,11420,1000,120000,42,0
17951,1,2,101837,3700,200000,43,0
17960,1,2,72524,3000,80000,33,0
17963,1,2,126780,5000,220000,48,1
17967,1,2,9212,0,20000,31,0
17974,1,2,22983,3000,30000,33,0
17989,1,2,45645,1700,50000,48,0
18004,1,7,38318,1000,70000,33,0
18006,1,2,32456,0,90000,39,0
18013,1,2,65413,2300,110000,30,0
18017,1,2,13561,435,20000,40,0
18020,1,3,133248,22,130000,48,0
18034,1,2,215633,0,280000,32,0
18039,1,2,51286,4800,400000,39,0
18040,1,2,29397,1200,30000,45,0
18043,1,2,50217,1,110000,42,1
18063,1,2,20722,2000,50000,31,0
18067,1,2,75385,5000,100000,38,0
18070,1,2,110532,4200,140000,29,1
18072,1,2,52602,2000,60000,36,0
18073,1,2,5626,2000,10000,29,0
18074,1,2,80262,3500,110000,34,0
18095,1,3,1050,0,20000,42,0
18099,1,2,49504,2000,50000,41,0
18100,1,2,28807,0,30000,39,0
18102,1,2,174420,7000,200000,40,0
18108,1,2,16437,23,420000,36,0
18110,1,2,46388,1900,120000,43,0
18117,1,2,7332,500,60000,42,0
18123,1,2,57311,0,150000,33,0
18124,1,2,37269,1430,60000,35,1
18136,1,3,1050,0,10000,46,0
18138,1,2,45576,1800,100000,33,0
18150,1,2,222139,7951,310000,32,1
18159,1,2,91888,3400,210000,41,0
18180,1,2,974,650,120000,38,1
18189,1,2,9656,2000,50000,48,1
18193,1,2,37596,3055,70000,39,0
18199,1,3,11503,0,20000,40,0
18216,1,2,117299,0,200000,50,0
18221,1,2,8563,1500,10000,50,0
18228,1,2,55151,2126,100000,56,0
18229,1,2,17972,780,20000,62,0
18230,1,2,37318,3036,50000,54,0
18242,1,2,22732,0,190000,50,0
18243,1,2,124622,9500,160000,51,0
18257,1,2,9966,0,10000,54,0
18260,1,2,21318,0,20000,61,0
18271,1,2,49523,2000,50000,57,1
18278,1,2,39474,1600,180000,58,0
18279,1,2,47727,2500,170000,59,0
18285,1,2,7963,299,10000,54,0
18291,1,2,15252,1500,30000,28,1
18315,1,2,19528,800,20000,31,0
18332,1,2,7496,500,50000,46,1
18342,1,2,9602,2000,20000,21,1
18358,1,2,15909,1500,20000,22,0
18369,1,2,30174,40,30000,22,0
18370,1,2,19556,0,30000,22,0
18376,1,2,31601,1400,60000,23,0
18397,1,2,19563,356,20000,24,0
18420,1,2,30493,1100,30000,22,0
18438,1,2,14713,0,30000,26,0
18443,1,2,16149,2390,20000,22,1
18445,1,2,19229,651,20000,26,0
18479,1,2,17185,2000,20000,25,0
18486,1,2,134230,0,130000,26,0
18496,1,2,13272,639,100000,25,1
18519,1,2,28522,1000,40000,26,0
18580,1,2,15506,580,30000,25,1
18610,1,2,50950,2000,80000,25,0
18623,1,2,44731,1900,50000,27,0
18626,1,2,34329,0,50000,26,0
18629,1,2,54225,1500,190000,26,0
18640,1,2,42729,0,70000,25,0
18644,1,2,2500,0,200000,27,0
18656,1,2,54548,2000,90000,26,0
18657,1,2,92840,0,90000,26,0
18658,1,2,53034,2000,80000,27,0
18659,1,2,34629,0,40000,28,0
18688,1,2,51468,4019,60000,28,0
18695,1,2,39386,702,150000,26,0
18701,1,2,39101,2000,70000,25,0
18704,1,2,15611,0,30000,27,0
18707,1,2,32592,1500,100000,28,1
18719,1,2,44006,3601,70000,26,1
18721,1,2,52439,2071,130000,27,1
18726,1,2,97375,7800,140000,28,0
18735,1,2,31064,0,50000,25,0
18736,1,2,59080,2090,70000,25,0
18748,1,2,15295,2000,130000,25,0
18749,1,2,40629,1619,60000,26,0
18758,1,2,144602,6000,160000,30,0
18796,1,2,20000,0,80000,29,0
18826,1,2,33213,2000,250000,28,1
18827,1,2,13770,1810,80000,24,0
18852,1,2,26831,1300,30000,30,0
18868,1,4,181137,6000,180000,28,0
18893,1,2,184620,8000,200000,28,0
18911,1,4,600,0,110000,29,0
18914,1,2,48258,1000,50000,28,0
18919,1,2,168592,6000,190000,28,0
18926,1,2,30223,1600,30000,29,0
18937,1,2,57800,1764,60000,28,0
18939,1,2,30248,0,50000,28,0
18952,1,2,9424,349,40000,23,0
18958,1,2,125296,4639,140000,28,0
18962,1,2,65106,6918,100000,29,0
18967,1,2,22238,2000,70000,29,1
18973,1,2,51951,2083,100000,28,1
18989,1,2,100787,3300,100000,30,0
19000,1,2,77084,5364,70000,29,0
19022,1,2,44750,1700,60000,34,0
19033,1,2,29779,0,30000,34,0
19036,1,2,26158,2000,50000,41,0
19050,1,4,102742,0,100000,30,0
19053,1,2,20898,0,20000,26,0
19056,1,2,52734,4200,70000,35,0
19060,1,2,68585,2700,80000,27,1
19070,1,2,27936,2600,30000,35,0
19078,1,2,41698,3434,90000,40,0
19083,1,2,10852,2000,70000,32,1
19092,1,2,44220,1800,50000,31,0
19101,1,2,8624,1300,20000,28,0
19105,1,2,15346,1500,30000,39,0
19116,1,2,3597,30006,30000,36,0
19118,1,2,11400,0,20000,44,0
19131,1,2,19933,2000,90000,30,0
19146,1,2,65784,4600,100000,40,0
19168,1,2,56101,1900,200000,33,0
19195,1,2,354765,12800,380000,33,0
19201,1,3,19525,0,20000,46,0
19207,1,2,27949,2300,30000,25,0
19215,1,5,122161,10000,150000,34,0
19250,1,2,150,0,220000,38,0
19261,1,2,126129,3900,250000,29,0
19265,1,2,32334,3000,70000,47,0
19316,1,7,150,0,110000,41,0
19318,1,2,20940,2000,50000,44,0
19323,1,3,63073,0,60000,38,0
19329,1,2,35965,1500,140000,40,1
19345,1,2,15509,1452,20000,48,0
19352,1,3,62251,2500,120000,40,0
19376,1,2,75536,2375,200000,35,1
19413,1,2,40109,3400,60000,27,0
19423,1,2,59902,1500,110000,27,1
19426,1,2,96079,0,190000,34,0
19441,1,2,39193,0,150000,42,0
19448,1,2,32684,1500,80000,28,0
19461,1,2,70306,5300,70000,33,0
19471,1,2,23985,1500,30000,31,1
19472,1,2,17172,2000,180000,32,0
19490,1,2,146312,5300,180000,42,0
19515,1,2,16625,800,210000,30,1
19521,1,2,23688,800,30000,35,0
19529,1,2,11181,16,150000,38,0
19534,1,3,10269,0,40000,43,0
19578,1,2,57469,2100,80000,45,0
19588,1,2,16492,0,40000,30,0
19596,1,2,294527,19000,430000,42,0
19606,1,2,167235,15000,180000,31,0
19637,1,2,1835,5658,120000,29,1
19640,1,3,80740,4000,90000,31,0
19650,1,2,123040,8200,180000,33,0
19660,1,2,25111,1000,50000,33,1
19698,1,2,68186,2000,120000,38,0
19712,1,2,5568,500,220000,29,0
19717,1,2,14647,2000,430000,34,1
19727,1,2,140116,10000,300000,30,0
19758,1,2,87914,3700,90000,33,1
19771,1,2,15758,0,30000,37,0
19776,1,2,7709,500,110000,42,0
19794,1,2,18487,1000,60000,42,0
19799,1,2,21361,1000,70000,32,0
19802,1,2,2069,0,10000,41,1
19819,1,2,29866,0,30000,42,0
19856,1,2,71426,2821,70000,38,1
19862,1,2,51187,0,50000,27,1
19866,1,2,10861,0,100000,33,0
19928,1,2,404,24420,330000,39,1
19934,1,2,2825,0,150000,45,0
19957,1,2,24262,1058,180000,45,1
19983,1,2,5000,0,300000,47,0
19989,1,2,39702,0,50000,42,0
20040,1,2,90052,2764,420000,40,1
20055,1,2,16866,1000,80000,33,1
20111,1,2,300,578,220000,36,1
20141,1,2,12311,0,50000,35,0
20221,1,2,12467,0,100000,52,0
20224,1,2,15251,1285,70000,52,1
20230,1,2,17308,640,20000,50,1
20255,1,7,2400,0,350000,52,0
20282,1,3,24711,0,30000,50,0
20283,1,2,41998,1493,50000,50,0
20285,1,2,29770,2382,40000,55,0
20308,1,2,120846,0,130000,53,0
20315,1,2,4807,1000,110000,55,1
20336,1,2,87466,3300,90000,54,0
20339,1,2,42188,2000,50000,58,0
20347,1,4,61670,5000,60000,66,0
20360,1,3,20043,0,20000,22,0
20365,1,2,14069,1000,20000,22,0
20368,1,2,12595,1900,20000,23,0
20380,1,3,19228,1400,20000,24,0
20416,1,2,13228,1325,20000,25,0
20421,1,2,2634,547,40000,25,0
20428,1,2,150,1150,20000,26,0
20429,1,4,10406,0,20000,24,1
20438,1,2,30525,0,30000,22,0
20441,1,2,35246,0,50000,26,0
20447,1,2,24817,919,90000,25,0
20465,1,2,161874,5118,150000,26,0
20473,1,2,76621,3200,80000,34,0
20495,1,2,118967,45,120000,28,1
20497,1,2,136283,6000,140000,26,0
20524,1,2,39423,0,60000,29,0
20526,1,2,68427,2700,90000,30,0
20546,1,2,20556,0,20000,30,0
20560,1,2,10970,1000,20000,26,0
20562,1,2,1038,0,180000,28,0
20563,1,2,5692,3002,140000,30,1
20573,1,2,30052,1,30000,28,1
20597,1,2,112545,5000,200000,32,0
20606,1,2,187714,11013,200000,30,0
20640,1,2,193673,6500,260000,37,0
20652,1,3,26154,0,30000,22,0
20653,1,2,11444,0,30000,27,0
20662,1,2,63835,765,100000,41,1
20666,1,2,478,950,190000,41,1
20669,1,2,47176,2000,60000,30,0
20671,1,2,43346,1600,70000,49,1
20673,1,2,44090,5700,100000,32,0
20674,1,7,20298,0,20000,35,0
20685,1,2,37302,2000,50000,29,0
20688,1,2,131569,296,180000,28,0
20702,1,2,26987,1300,30000,33,0
20704,1,2,56885,2103,120000,35,0
20710,1,2,56071,4000,70000,44,0
20722,1,7,2400,0,20000,37,0
20725,1,2,273783,111,270000,38,0
20728,1,2,25919,2038,30000,36,0
20734,1,2,31288,2000,50000,41,0
20738,1,2,18767,0,20000,24,0
20739,1,3,28628,4000,30000,30,0
20755,1,2,16809,1600,20000,40,0
20757,1,2,33581,0,40000,46,0
20771,1,3,50023,4300,50000,34,0
20809,1,2,37764,2053,160000,39,0
20813,1,2,13405,643,20000,42,1
20830,1,2,89208,2800,100000,44,1
20834,1,2,15041,0,20000,47,0
20849,1,2,18035,1000,50000,39,1
20853,1,2,49634,0,50000,32,0
20867,1,2,52960,0,60000,32,0
20868,1,2,19422,500,170000,35,0
20869,1,2,37416,1500,50000,46,1
20871,1,2,194368,7000,200000,31,0
20878,1,2,14418,1366,210000,40,1
20882,1,2,94309,3600,110000,30,0
20884,1,2,4769,5000,100000,41,0
20886,1,2,155355,10000,200000,34,1
20893,1,2,823540,18373,550000,35,0
20903,1,7,2443,0,200000,28,0
20904,1,7,250,0,20000,48,0
20907,1,2,161870,6500,190000,40,0
20921,1,2,121283,78,500000,39,0
20925,1,2,3589,0,20000,45,0
20933,1,2,72383,6000,130000,39,0
20968,1,2,143972,5000,150000,38,0
20987,1,2,18446,0,30000,45,0
20991,1,2,171041,15000,180000,31,0
20992,1,2,37154,0,210000,38,0
20993,1,2,304319,0,460000,44,0
20997,1,2,176805,7000,230000,38,0
21013,1,2,2500,0,200000,43,0
21034,1,2,20041,0,20000,36,0
21037,1,2,55949,0,50000,40,1
21047,1,2,33,1100,230000,34,0
21053,1,2,64470,2508,70000,37,0
21057,1,2,26109,2000,100000,34,0
21058,1,3,101540,27,160000,38,0
21077,1,2,203018,0,230000,46,0
21098,1,2,180078,7000,200000,42,0
21099,1,2,15490,2000,270000,34,1
21176,1,2,26775,0,40000,33,0
21182,1,2,22438,0,50000,36,0
21199,1,3,300,0,130000,31,0
21202,1,5,20175,2000,20000,30,0
21216,1,2,79623,2926,140000,44,1
21221,1,2,1126,0,200000,41,0
21222,1,2,71774,0,80000,38,0
21225,1,3,40085,0,40000,47,0
21247,1,2,30020,600,100000,37,0
21266,1,2,18135,0,20000,50,0
21274,1,2,44700,1800,70000,50,0
21276,1,2,106149,4100,120000,53,0
21285,1,2,43517,3982,50000,51,1
21293,1,2,33522,1500,140000,52,1
21318,1,2,99683,3500,150000,55,0
21322,1,2,264114,10000,300000,50,0
21343,1,2,16582,1000,150000,57,0
21349,1,2,2,0,70000,67,0
21352,1,2,151108,0,200000,60,0
21363,1,2,18000,1000,20000,56,0
21381,1,2,32087,0,50000,54,0
21393,1,2,27143,1000,150000,54,0
21402,1,2,87893,0,120000,59,0
21411,1,2,18818,5000,30000,24,0
21417,1,2,8758,500,180000,27,1
21419,1,2,28921,1200,60000,27,0
21421,1,2,23541,0,50000,27,1
21442,1,2,34734,1200,120000,51,0
21450,1,2,47458,1800,70000,27,0
21463,1,2,22273,900,30000,29,0
21471,1,2,19221,1000,50000,26,0
21481,1,4,20073,0,20000,24,0
21501,1,2,43515,7000,160000,39,0
21510,1,3,31632,0,30000,23,0
21517,1,2,60218,6,60000,26,0
21531,1,2,30077,1300,60000,22,0
21533,1,2,7614,500,10000,23,0
21537,1,2,14081,0,30000,22,0
21538,1,2,10868,2000,50000,22,1
21549,1,2,27170,2500,30000,22,0
21559,1,2,29914,1070,70000,22,1
21565,1,2,74021,3000,80000,23,0
21583,1,4,1650,0,20000,22,0
21585,1,2,21959,1000,20000,23,1
21629,1,2,20231,3100,70000,24,1
21636,1,2,24806,0,80000,23,0
21648,1,2,67740,5156,70000,25,0
21652,1,2,8329,0,10000,26,0
21659,1,2,12709,5000,30000,27,1
21668,1,2,322,0,20000,24,0
21702,1,2,22319,2000,70000,25,1
21709,1,2,30334,8507,230000,23,0
21716,1,2,27189,2500,30000,24,0
21737,1,2,25350,102,30000,21,1
21801,1,2,44561,1900,50000,25,0
21810,1,2,117100,4200,170000,26,1
21812,1,3,20266,700,20000,24,0
21841,1,2,19105,1000,50000,24,0
21848,1,2,30112,2500,50000,26,0
21869,1,2,98,2500,130000,27,0
21892,1,2,55666,2200,70000,26,0
21900,1,2,40465,0,40000,27,0
21910,1,2,19610,3004,30000,23,1
21914,1,2,13374,0,30000,23,0
21953,1,2,134038,5200,280000,27,0
21961,1,7,2400,0,50000,28,0
21972,1,2,79636,0,80000,24,0
21984,1,2,8538,1000,200000,28,1
21986,1,2,316147,0,300000,28,0
22011,1,2,74496,2760,100000,28,0
22016,1,2,39697,3200,70000,25,1
22017,1,2,19985,2044,30000,26,1
22061,1,2,28021,0,70000,28,0
22064,1,3,117767,0,130000,29,0
22079,1,2,55201,15000,80000,29,0
22081,1,2,27615,1100,100000,28,0
22083,1,2,44000,2500,90000,28,0
22095,1,2,36730,2000,230000,28,0
22108,1,2,194817,5307,240000,28,0
22125,1,2,46860,6000,80000,26,0
22131,1,2,41495,1700,50000,23,1
22203,1,2,39606,1500,320000,27,0
22213,1,2,802,0,150000,29,1
22231,1,2,2183,1004,50000,31,1
22234,1,2,80069,3000,180000,32,1
22246,1,2,19305,2000,30000,22,0
22286,1,2,30309,0,30000,29,0
22288,1,2,2048,2732,200000,32,1
22290,1,2,25967,1400,90000,31,1
22291,1,2,17614,1500,20000,32,1
22311,1,2,34647,1400,100000,30,0
22313,1,2,168519,7000,300000,30,1
22353,1,2,283684,10104,350000,32,1
22366,1,2,20052,800,150000,32,0
22375,1,2,14502,1386,30000,29,0
22377,1,2,8580,0,60000,27,0
22387,1,2,168094,5500,170000,30,0
22402,1,2,149356,400,150000,28,0
22415,1,2,51332,5000,60000,37,0
22421,1,2,8885,429,10000,23,1
22430,1,2,21353,0,150000,35,0
22431,1,2,42191,2000,90000,35,0
22460,1,2,17131,1500,170000,36,0
22465,1,2,20272,637,50000,41,0
22473,1,2,121853,5000,200000,39,0
22479,1,2,28291,0,50000,44,0
22480,1,2,56,880,200000,31,0
22503,1,2,19623,707,50000,44,0
22507,1,2,46215,1800,60000,37,0
22523,1,2,19114,901,20000,34,0
22537,1,2,107529,8500,130000,48,0
22541,1,2,24018,0,260000,46,0
22567,1,2,74827,3000,120000,30,0
22585,1,3,300,0,180000,39,1
22611,1,2,149244,5000,200000,30,0
22621,1,2,26295,9648,20000,43,0
22623,1,2,8258,300,60000,36,0
22626,1,2,343612,13150,380000,34,0
22657,1,2,333278,13000,350000,44,0
22689,1,2,44256,4000,50000,33,0
22692,1,2,27231,0,120000,32,1
22704,1,2,219642,16302,240000,31,1
22725,1,3,750,0,100000,38,0
22760,1,3,2650,0,460000,40,0
22812,1,2,173687,6000,210000,33,0
22813,1,2,45971,2500,70000,35,0
22816,1,2,1320,257,210000,33,1
22831,1,2,22822,0,50000,37,0
22832,1,2,51044,800,50000,29,0
22856,1,2,83680,7000,90000,31,0
22859,1,2,31976,1030,30000,33,0
22863,1,2,24006,3000,150000,31,0
22879,1,2,227226,18000,290000,34,0
22881,1,2,26938,0,30000,39,0
22898,1,2,42635,3500,100000,31,0
22901,1,2,20670,0,30000,35,0
22902,1,2,17908,0,30000,43,0
22994,1,3,48980,2000,50000,41,0
23024,1,2,22720,1500,70000,39,0
23031,1,2,111687,4000,150000,33,0
23040,1,4,227800,0,220000,41,0
23050,1,2,156864,5900,200000,41,1
23064,1,2,23430,2000,30000,46,1
23066,1,2,73377,3000,150000,41,0
23083,1,2,20,0,100000,47,0
23088,1,2,76918,6500,100000,36,0
23089,1,2,71248,1782,70000,37,1
23096,1,2,221296,17000,250000,32,1
23100,1,2,71322,0,60000,44,0
23110,1,2,124578,5000,130000,42,0
23170,1,2,315291,1,320000,37,0
23211,1,2,99578,7700,110000,43,0
23253,1,2,25218,0,290000,33,0
23282,1,2,27994,0,30000,44,0
23293,1,2,73312,0,150000,30,0
23302,1,2,39573,2235,90000,35,0
23316,1,2,7212,500,90000,40,0
23339,1,2,79781,3000,200000,36,0
23356,1,5,1200,0,30000,28,0
23360,1,2,40263,3179,300000,39,0
23385,1,2,28769,0,50000,44,0
23386,1,2,6344,3000,300000,40,0
23409,1,2,10037,0,50000,48,0
23416,1,2,15901,800,20000,46,0
23437,1,2,116284,9000,190000,37,0
23459,1,4,600,0,80000,44,1
23465,1,2,14750,0,20000,32,0
23469,1,2,30079,0,50000,39,0
23470,1,2,14772,1000,70000,31,0
23478,1,2,34951,0,100000,30,1
23482,1,2,13743,2500,100000,30,0
23496,1,2,26877,0,60000,31,0
23503,1,2,66828,3033,310000,31,0
23506,1,2,73741,0,120000,33,0
23510,1,4,94687,5000,110000,31,0
23608,1,2,175678,7000,240000,37,0
23618,1,2,19604,0,20000,42,0
23619,1,2,14972,2200,20000,46,0
23624,1,2,800,0,80000,32,0
23646,1,2,113988,4300,240000,38,0
23663,1,2,66267,3500,70000,48,0
23688,1,2,29858,2000,50000,50,0
23690,1,2,18302,1000,30000,51,0
23692,1,2,8797,0,20000,54,0
23705,1,2,44193,1500,50000,53,0
23711,1,2,50176,2000,100000,55,0
23716,1,2,132758,5000,280000,47,0
23749,1,2,30552,0,50000,59,1
23778,1,2,23772,1700,70000,49,0
23798,1,2,9731,4000,240000,49,1
23826,1,2,27232,3001,30000,51,0
23834,1,2,3914,1073,80000,50,0
23847,1,2,71981,0,290000,52,0
23853,1,2,72335,4500,140000,58,0
23864,1,2,23332,1896,50000,30,0
23866,1,2,61061,2000,90000,28,1
23867,1,2,165582,6200,180000,28,1
23888,1,2,26000,0,80000,27,1
23896,1,2,96576,3500,130000,29,0
23899,1,2,14014,0,50000,26,0
23910,1,2,316,0,80000,26,1
23920,1,2,16704,700,20000,22,0
23927,1,2,88714,7062,110000,26,0
23932,1,2,7204,0,20000,22,0
23935,1,3,19240,0,20000,22,0
23939,1,2,32102,1300,70000,27,0
23942,1,2,853,48280,100000,26,1
23944,1,2,17967,0,20000,24,0
23956,1,2,29384,1003,50000,24,1
23965,1,2,17690,1000,20000,24,0
23969,1,2,10325,500,120000,25,0
23987,1,2,51518,108,50000,25,0
23992,1,2,49083,0,50000,25,1
24004,1,2,20113,0,20000,27,0
24022,1,2,26403,1104,60000,25,0
24026,1,3,1050,0,20000,26,0
24028,1,2,50758,3000,190000,26,0
24029,1,2,49643,0,130000,25,0
24033,1,4,46212,0,50000,25,0
24035,1,2,9279,844,20000,27,1
24039,1,3,62867,2500,70000,27,0
24042,1,5,1200,0,20000,27,0
24043,1,2,39041,1700,50000,27,0
24075,1,2,29901,20000,50000,27,0
24107,1,2,10764,350,50000,24,1
24114,1,2,3072,3330,280000,29,0
24133,1,2,42198,5232,50000,29,0
24156,1,4,2500,0,200000,29,0
24158,1,2,34233,3000,60000,28,0
24165,1,2,110876,4000,110000,28,0
24166,1,2,12283,1100,80000,29,0
24168,1,7,2400,0,20000,22,0
24177,1,2,59308,2062,110000,30,1
24193,1,2,19905,1566,20000,30,0
24198,1,2,71902,2800,80000,30,0
24229,1,2,48809,1815,50000,30,1
24230,1,2,93629,5000,200000,32,0
24236,1,2,96980,3297,190000,31,0
24240,1,2,46783,2000,50000,30,0
24257,1,2,116930,0,280000,30,0
24258,1,2,15647,1700,30000,31,0
24287,1,4,184570,3000,200000,30,0
24300,1,2,122588,0,200000,29,0
24303,1,2,95602,2400,100000,31,0
24318,1,2,31574,3000,70000,35,0
24325,1,2,50337,0,50000,49,0
24328,1,2,165924,0,170000,35,0
24343,1,2,18626,0,20000,42,1
24346,1,2,2500,0,200000,45,0
24355,1,2,89867,5,120000,39,0
24363,1,2,24292,899,40000,37,1
24382,1,2,108326,4200,160000,33,0
24383,1,2,19697,1000,50000,32,0
24398,1,3,1050,0,20000,36,0
24401,1,2,55796,1500,140000,38,0
24441,1,2,47442,4000,80000,42,0
24460,1,2,13907,0,270000,31,0
24472,1,2,46431,0,130000,44,0
24500,1,3,30448,0,100000,42,0
24501,1,2,56556,4000,60000,36,1
24503,1,2,50693,1000,50000,34,0
24507,1,2,22253,3000,30000,32,0
24519,1,3,15932,2500,20000,46,0
24549,1,2,84165,6500,190000,37,0
24553,1,2,133030,10500,150000,34,0
24559,1,2,10540,600,20000,46,0
24571,1,3,1050,0,50000,31,0
24591,1,2,72165,0,70000,32,0
24599,1,2,39689,2000,80000,45,0
24618,1,2,111871,4300,190000,36,0
24635,1,2,7784,12332,60000,36,1
24636,1,2,30065,24897,410000,32,1
24639,1,2,160805,6200,250000,28,0
24666,1,3,29738,0,30000,45,0
24712,1,2,100148,5000,180000,41,1
24715,1,2,9216,1000,20000,43,0
24718,1,2,13320,1400,30000,29,1
24751,1,2,31352,2002,50000,38,0
24759,1,2,85411,4000,100000,40,0
24760,1,2,202036,2000,220000,35,1
24766,1,3,136604,0,50000,44,1
24769,1,2,22132,0,40000,35,0
24776,1,2,14352,531,20000,46,1
24782,1,2,77748,6000,120000,44,0
24797,1,2,28174,2500,70000,46,1
24798,1,2,6429,900,20000,33,1
24802,1,2,93145,4000,100000,26,0
24842,1,2,30534,1000,370000,36,1
24845,1,2,40637,2000,90000,44,0
24874,1,2,34557,1500,70000,36,0
24877,1,2,74964,2577,410000,46,0
24878,1,2,47880,30000,120000,32,1
24885,1,2,18704,780,20000,34,0
24888,1,2,111387,7000,140000,32,1
24890,1,2,158294,10800,170000,40,0
24891,1,2,63815,3228,80000,30,0
24893,1,2,20225,1500,130000,38,1
24930,1,2,71313,2500,350000,38,1
24939,1,2,110114,4000,210000,40,0
24951,1,2,46790,1558,50000,35,1
24969,1,2,44117,1900,100000,37,1
25006,1,2,3794,2000,220000,40,1
25009,1,4,18063,0,20000,50,0
25025,1,2,39488,1500,190000,50,0
25033,1,2,23636,2100,70000,55,0
25044,1,2,142241,5578,150000,52,0
25049,1,5,71105,0,100000,54,1
25054,1,2,4957,0,500000,55,0
25122,1,2,2457,2500,160000,51,1
25123,1,2,11326,43100,220000,50,0
25144,1,4,28172,0,30000,56,0
25154,1,2,23658,0,50000,27,0
25156,1,2,30373,0,30000,24,0
25159,1,2,1470,0,30000,22,1
25161,1,2,44924,0,80000,29,0
25170,1,2,50546,0,50000,23,0
25176,1,2,28867,967,50000,22,0
25186,1,2,28181,1600,30000,22,0
25191,1,2,1997,100,20000,22,0
25192,1,2,48425,2000,50000,23,0
25193,1,3,31641,2000,30000,25,0
25197,1,2,14603,1400,30000,23,0
25221,1,2,9264,900,10000,24,1
25224,1,2,16467,0,40000,23,0
25227,1,2,31986,1139,80000,25,0
25234,1,2,40036,1700,80000,25,0
25249,1,5,1250,0,120000,23,0
25260,1,2,45907,0,50000,24,0
25281,1,2,100535,4000,160000,26,1
25286,1,2,125865,4800,140000,26,0
25310,1,2,16121,1500,20000,24,1
25317,1,2,36571,0,50000,26,0
25330,1,2,27185,2200,30000,25,0
25370,1,2,689,2040,210000,27,1
25398,1,2,19042,235,340000,26,0
25416,1,2,58957,2500,70000,30,0
25429,1,2,50677,1853,50000,22,0
25431,1,2,62975,3000,160000,27,0
25434,1,5,1250,0,100000,28,0
25454,1,2,53124,2124,140000,28,0
25468,1,2,27201,0,110000,33,0
25511,1,2,88304,4000,100000,24,0
25515,1,2,83733,0,200000,26,1
25528,1,2,8336,2000,10000,33,1
25531,1,2,34186,1000,130000,34,0
25533,1,2,36208,2000,50000,33,0
25549,1,2,19560,2000,30000,49,0
25570,1,2,19950,2000,130000,43,0
25585,1,2,24924,2026,30000,35,0
25588,1,2,201634,7500,230000,34,0
25605,1,2,32732,1211,50000,39,0
25634,1,2,47562,2000,70000,34,0
25646,1,2,39795,1601,40000,44,0
25728,1,2,310361,11700,320000,26,0
25740,1,2,49628,2000,90000,45,0
25769,1,3,118144,2002,240000,41,0
25778,1,2,91392,7300,110000,33,0
25798,1,2,40835,1500,100000,38,0
25803,1,2,1696,0,150000,38,0
25805,1,2,72375,2500,80000,27,1
25835,1,2,28660,1800,50000,47,0
25870,1,4,443657,0,510000,40,0
25875,1,2,140987,5500,170000,35,0
25879,1,2,74225,5300,200000,34,0
25887,1,2,18385,0,40000,37,0
25893,1,2,32141,5000,210000,28,1
25924,1,2,411,0,60000,31,0
25956,1,2,6208,128,150000,42,1
25975,1,3,72540,0,70000,33,0
25985,1,2,25970,1000,30000,46,0
26013,1,2,12880,0,50000,27,0
26058,1,2,39731,1265,50000,27,1
26063,1,2,45059,35000,90000,29,0
26083,1,2,19806,0,20000,36,0
26099,1,2,147962,11500,160000,37,0
26125,1,2,50690,1836,70000,33,1
26139,1,2,62586,3100,100000,29,0
26150,1,2,21304,0,250000,39,0
26151,1,2,44837,2000,50000,34,0
26169,1,2,30498,0,30000,47,0
26174,1,2,5450,0,10000,46,0
26235,1,2,49376,1915,50000,35,0
26244,1,2,8177,1000,60000,45,1
26277,1,2,3400,500,60000,36,0
26298,1,2,229706,9000,240000,32,0
26314,1,2,131682,6250,260000,34,1
26315,1,2,13006,1055,20000,29,0
26327,1,2,91875,4000,160000,47,1
26328,1,2,31886,2600,50000,33,0
26359,1,2,21890,1000,80000,32,1
26373,1,2,19813,1001,20000,35,0
26375,1,2,7913,0,100000,39,0
26379,1,2,99578,4000,180000,34,0
26406,1,2,150,2478,200000,43,1
26413,1,3,13721,441,20000,38,0
26419,1,2,673,38100,150000,36,1
26441,1,2,79736,0,130000,50,0
26455,1,2,92754,3600,120000,50,1
26458,1,2,12022,500,70000,49,0
26503,1,2,85444,3400,120000,58,0
26507,1,2,47211,0,100000,52,0
26512,1,3,1470,0,100000,55,1
26513,1,2,46771,1100,240000,53,1
26525,1,2,27509,1017,90000,58,0
26527,1,2,60816,1936,60000,52,1
26536,1,2,19008,750,30000,51,0
26561,1,2,34817,2000,50000,51,0
26565,1,2,165807,7000,200000,55,0
26580,1,3,20019,0,50000,51,0
26585,1,2,8382,500,10000,24,1
26588,1,2,1686,0,70000,28,0
26606,1,7,2400,0,20000,23,0
26610,1,4,18948,0,20000,23,0
26615,1,2,18044,2577,20000,23,1
26620,1,2,9079,321,10000,23,0
26637,1,3,6118,0,30000,24,1
26641,1,2,8294,0,20000,23,0
26644,1,2,12250,0,20000,24,0
26648,1,2,39103,1600,40000,26,0
26652,1,2,9525,0,10000,24,0
26654,1,2,24887,0,30000,24,1
26662,1,2,20101,1000,50000,24,1
26674,1,2,18235,1600,20000,27,1
26681,1,2,59253,2078,90000,27,0
26687,1,2,19291,1700,50000,26,1
26695,1,2,61149,2300,80000,27,0
26703,1,2,39479,0,40000,29,0
26713,1,2,17692,0,30000,26,0
26716,1,2,69808,2000,80000,27,0
26720,1,2,15663,2000,30000,25,1
26737,1,2,55823,3500,80000,27,0
26739,1,2,8855,2,50000,23,0
26747,1,2,34320,0,220000,29,0
26762,1,2,24200,3000,50000,25,0
26774,1,2,8959,1000,50000,25,0
26775,1,2,29879,996,30000,32,0
26782,1,3,60669,0,70000,27,0
26785,1,2,153311,12000,160000,26,0
26802,1,2,2500,0,200000,30,0
26804,1,2,71,3800,50000,27,1
26827,1,3,7231,300,20000,27,0
26836,1,2,99917,3480,170000,40,1
26849,1,2,33316,1500,70000,46,0
26850,1,2,9294,1100,20000,26,1
26852,1,2,41338,0,140000,32,0
26866,1,2,91661,0,140000,48,0
26880,1,2,146702,6100,150000,32,0
26881,1,2,20280,858,50000,39,0
26911,1,2,4893,1000,80000,46,1
26915,1,2,38810,36,150000,36,0
26919,1,2,55865,0,120000,34,0
26930,1,2,138771,4800,140000,38,0
26937,1,2,85764,3220,210000,44,1
26943,1,2,6811,0,10000,28,0
26971,1,2,18419,1000,20000,35,1
26997,1,2,65614,2600,80000,34,0
27001,1,2,68661,10000,110000,30,1
27007,1,2,34226,2000,70000,34,1
27011,1,2,48237,4500,160000,39,0
27014,1,2,260,800,50000,43,1
27022,1,2,11400,1000,100000,32,1
27028,1,2,150,930,50000,36,0
27049,1,2,61167,3000,130000,43,0
27054,1,2,26022,2013,30000,28,0
27068,1,2,53,700,230000,39,1
27069,1,2,12578,1600,60000,35,1
27072,1,3,450,0,110000,35,0
27083,1,2,57405,2400,80000,39,0
27111,1,2,32169,0,130000,37,0
27112,1,2,14096,0,70000,46,0
27123,1,2,120660,4500,150000,31,0
27130,1,2,82350,7000,110000,42,1
27140,1,2,79104,3000,200000,46,0
27151,1,2,18380,2000,50000,46,1
27155,1,4,19657,0,20000,43,0
27157,1,3,30136,0,30000,29,0
27158,1,2,13882,500,90000,29,0
27160,1,2,46134,0,100000,30,1
27161,1,2,300,0,20000,40,0
27164,1,2,7701,359,10000,42,0
27193,1,2,2500,0,250000,32,0
27197,1,2,1573,0,20000,48,1
27210,1,2,50540,302,50000,40,0
27214,1,2,39494,900,100000,27,0
27215,1,2,23011,1000,60000,35,0
27217,1,2,73591,2900,130000,49,0
27222,1,2,291883,8838,300000,36,0
27229,1,2,14488,0,30000,40,0
27255,1,2,43892,0,80000,46,0
27262,1,2,15073,0,20000,34,0
27263,1,2,35367,2900,50000,38,0
27268,1,2,15969,2000,160000,42,1
27277,1,2,47401,2000,200000,30,0
27299,1,2,18885,2000,50000,32,0
27309,1,2,19543,0,20000,33,0
27321,1,2,117450,5000,180000,41,0
27368,1,2,43700,2000,50000,28,0
27440,1,2,129080,10200,150000,32,0
27454,1,2,20323,0,50000,49,0
27459,1,3,70451,3000,100000,50,0
27474,1,2,25229,0,150000,51,1
27477,1,2,162808,3300,170000,50,0
27485,1,2,86803,3500,100000,54,0
27486,1,2,165556,6500,300000,58,0
27495,1,2,9233,360,10000,57,0
27500,1,2,7930,1000,20000,59,0
27511,1,2,79359,2150,70000,62,0
27522,1,2,12393,1000,20000,56,0
27536,1,3,14582,0,20000,53,0
27537,1,2,2487,0,250000,51,0
27543,1,2,58134,1000,30000,52,0
27549,1,2,144862,4241,150000,52,0
27550,1,2,21059,3000,30000,53,0
27557,1,2,24135,2005,80000,59,0
27567,1,2,17501,1500,100000,52,0
27580,1,2,96603,3800,240000,55,0
27600,1,2,41595,2500,80000,26,0
27606,1,2,15525,0,150000,26,1
27613,1,2,37105,1500,50000,25,0
27614,1,2,8054,1000,100000,26,1
27616,1,2,99423,11345,120000,27,0
27640,1,2,3748,4999,50000,23,0
27651,1,2,19715,1000,20000,54,0
27653,1,2,19807,0,50000,23,0
27665,1,2,29053,0,80000,23,0
27666,1,2,6701,19000,50000,24,0
27682,1,2,30632,0,60000,23,1
27686,1,2,26228,0,30000,24,1
27702,1,2,27375,2000,30000,25,0
27705,1,2,38171,2000,50000,24,0
27723,1,2,4460,5000,140000,24,1
27728,1,2,25357,930,30000,23,1
27731,1,2,11223,1042,30000,25,0
27743,1,2,38638,1183,30000,23,0
27748,1,2,35334,1500,40000,26,0
27759,1,2,24050,20000,40000,23,1
27791,1,2,50923,2200,60000,24,1
27800,1,2,45112,1528,50000,26,0
27801,1,2,38619,0,100000,26,0
27839,1,2,355,0,80000,26,0
27841,1,2,51648,4600,70000,24,0
27846,1,2,24872,1100,30000,27,0
27848,1,2,32690,2500,60000,27,0
27853,1,2,48377,2000,50000,27,1
27858,1,2,14029,1473,20000,23,0
27881,1,2,127159,6000,130000,26,0
27914,1,2,5951,400,10000,26,0
27916,1,7,300,0,50000,27,0
27920,1,2,2946,57,80000,27,0
27921,1,2,31519,6724,50000,27,1
27923,1,2,24972,1000,30000,28,0
27936,1,2,27184,1155,50000,28,1
27951,1,2,174748,7400,200000,27,0
27958,1,2,31022,1160,50000,26,0
27959,1,2,19143,3000,20000,28,0
27972,1,2,8682,602,110000,29,0
28055,1,7,2400,0,20000,32,0
28056,1,2,22989,0,50000,34,0
28058,1,2,34245,0,50000,34,0
28060,1,2,74463,0,80000,35,0
28062,1,2,33162,0,140000,40,0
28082,1,2,8579,0,10000,44,0
28085,1,2,65455,2007,290000,36,1
28102,1,2,100951,4200,200000,30,1
28109,1,2,1188,0,120000,37,0
28151,1,5,22192,0,20000,48,0
28171,1,2,23626,2129,50000,45,0
28215,1,2,902,544,500000,39,0
28221,1,7,2400,0,30000,33,0
28262,1,2,19978,1000,20000,42,0
28298,1,2,25294,2200,30000,31,0
28302,1,3,9722,0,60000,34,0
28305,1,2,78188,5700,80000,29,0
28320,1,2,14416,0,50000,27,0
28324,1,2,108476,11,180000,29,0
28350,1,2,128078,4500,180000,36,0
28352,1,2,29739,0,30000,44,0
28365,1,2,34802,0,80000,35,0
28367,1,2,9447,1000,20000,39,0
28373,1,2,36916,0,100000,41,0
28393,1,2,37029,0,50000,31,1
28398,1,2,57870,2180,60000,33,1
28427,1,2,46469,2000,50000,30,0
28482,1,2,98097,4000,110000,31,0
28504,1,2,114268,4400,150000,36,0
28521,1,2,13862,659,50000,47,0
28532,1,2,87003,3500,200000,40,0
28533,1,4,16341,0,50000,44,0
28538,1,2,124155,15000,140000,32,0
28577,1,2,70930,2650,110000,30,0
28591,1,2,46132,2000,80000,34,0
28598,1,2,45918,3000,60000,46,0
28604,1,2,42090,1800,110000,44,0
28625,1,2,304508,4320,340000,31,0
28634,1,2,34488,0,60000,35,0
28636,1,2,103384,0,100000,35,0
28638,1,2,1807,11811,350000,44,0
28642,1,2,8823,3530,150000,33,0
28645,1,2,105598,3600,100000,44,0
28658,1,2,816,1000,50000,46,1
28663,1,2,44644,0,50000,44,0
28665,1,2,12581,270,60000,27,1
28673,1,2,12331,1000,20000,27,1
28684,1,2,228022,8500,230000,30,0
28712,1,3,55489,3000,80000,44,0
28748,1,7,2400,0,50000,28,0
28788,1,2,32110,6360,340000,36,1
28842,1,2,9594,500,40000,37,1
28852,1,2,2500,0,220000,42,0
28859,1,2,86365,6200,90000,32,0
28880,1,2,239299,2000,230000,43,0
28882,1,2,23552,1000,60000,39,1
28891,1,2,25193,1100,50000,33,1
28951,1,2,88281,0,280000,33,0
28959,1,2,140513,173,150000,29,1
28975,1,2,41373,1600,110000,42,0
28988,1,2,218383,8000,260000,41,1
28996,1,2,46160,3000,100000,40,0
29053,1,2,8325,400,10000,52,0
29054,1,2,501,1100,20000,50,1
29065,1,2,78883,2900,240000,55,1
29079,1,2,30444,2400,100000,56,1
29088,1,2,16066,2000,140000,56,0
29106,1,2,457,5523,50000,50,0
29110,1,2,18721,0,140000,54,0
29116,1,2,12721,0,20000,59,0
29119,1,2,54723,5000,200000,49,0
29122,1,2,179061,6700,290000,50,0
29128,1,2,68002,3000,80000,52,0
29130,1,2,21822,641,30000,52,1
29139,1,2,46611,1800,70000,51,0
29152,1,7,1950,0,30000,60,0
29155,1,3,1450,0,140000,56,0
29161,1,3,19118,0,20000,53,0
29190,1,2,18854,2000,50000,28,0
29196,1,2,11951,1000,10000,22,0
29206,1,2,12421,0,50000,23,0
29242,1,2,15022,2237,20000,23,0
29250,1,4,1650,0,20000,25,0
29269,1,3,35421,2000,50000,26,0
29287,1,2,2500,0,200000,26,0
29301,1,2,155981,5800,200000,25,0
29302,1,2,48731,2200,50000,25,0
29313,1,2,85576,3000,110000,30,0
29323,1,3,41023,3000,40000,27,0
29324,1,2,124279,4800,180000,26,1
29339,1,2,29215,1015,30000,26,0
29343,1,2,24420,0,30000,24,0
29346,1,2,19687,1000,20000,27,0
29348,1,4,18073,0,20000,27,0
29355,1,2,24441,0,30000,29,0
29357,1,2,10463,1000,20000,28,1
29367,1,2,300,0,20000,26,0
29379,1,2,10153,0,290000,28,0
29399,1,2,63699,5000,70000,29,1
29414,1,3,91181,4000,100000,30,0
29419,1,3,1050,0,10000,30,0
29452,1,2,8292,1604,10000,29,1
29467,1,2,8269,0,50000,29,0
29478,1,2,16016,0,50000,37,0
29494,1,2,58761,2400,100000,33,0
29498,1,2,162163,11365,200000,41,1
29501,1,2,9586,0,10000,42,0
29504,1,2,34228,1600,60000,36,0
29505,1,3,19049,0,20000,40,0
29510,1,2,128087,0,200000,41,0
29524,1,7,2400,0,50000,36,0
29525,1,2,26194,2400,30000,42,0
29539,1,2,120662,0,120000,34,0
29549,1,2,147656,12000,220000,31,0
29557,1,2,74967,0,80000,33,0
29558,1,2,930,4110,70000,44,1
29571,1,2,79571,0,140000,41,0
29577,1,2,68937,3000,120000,45,0
29580,1,7,2400,0,20000,36,0
29621,1,2,27123,965,50000,36,0
29623,1,2,42492,1463,110000,39,0
29643,1,2,84028,3600,110000,29,1
29666,1,2,22857,0,20000,36,0
29669,1,4,64221,3100,70000,42,0
29701,1,2,15123,0,20000,32,1
29708,1,2,8945,0,10000,36,0
29712,1,2,30313,1033,30000,38,0
29727,1,7,2400,0,60000,36,0
29745,1,4,19992,0,30000,38,0
29771,1,7,2400,0,20000,31,0
29772,1,2,7463,0,10000,37,0
29800,1,6,21026,0,20000,33,0
29802,1,2,145630,7000,260000,33,0
29807,1,2,188930,7500,200000,34,1
29810,1,5,17630,0,20000,48,0
29825,1,2,12595,2000,40000,47,0
29829,1,2,55589,0,80000,37,0
29841,1,2,220977,7700,320000,48,0
29844,1,2,8898,1000,10000,42,1
29846,1,2,4779,3000,10000,37,0
29849,1,2,82613,6200,100000,44,0
29854,1,2,31597,2500,50000,39,1
29870,1,3,56728,0,80000,31,1
29897,1,2,70769,2600,70000,45,0
29908,1,2,57554,2000,240000,29,0
29931,1,2,7136,182,20000,43,0
29942,1,2,20483,729,50000,45,1
29955,1,2,1415,57317,180000,30,1
29968,1,2,40590,1600,50000,32,1
29977,1,2,47151,3520,40000,47,0
29992,1,2,2500,0,210000,34,0
29995,1,2,82607,0,80000,34,0
17,2,2,18338,0,20000,24,0
23,2,2,44006,3601,70000,26,1
45,2,2,25209,2000,40000,30,1
51,2,2,39423,0,70000,42,0
59,2,2,1166,0,200000,34,0
63,2,2,25865,2225,50000,29,0
72,2,2,58622,4800,320000,29,0
91,2,2,144098,5500,200000,53,0
103,2,2,487066,0,480000,63,1
105,2,2,60218,6,60000,26,0
113,2,2,144401,14850,280000,41,0
121,2,3,48851,1400,50000,37,0
136,2,2,13269,1000,240000,34,1
143,2,2,19996,700,50000,23,0
149,2,2,9898,379,80000,23,0
159,2,4,137277,11078,210000,45,0
161,2,2,28168,0,30000,41,0
176,2,2,68557,5500,130000,56,0
188,2,2,196186,7134,200000,47,0
190,2,4,20835,0,20000,31,0
196,2,2,38462,1532,50000,24,0
214,2,2,12992,1000,30000,39,1
215,2,2,479978,10484,470000,27,0
245,2,2,19,0,30000,40,0
293,2,2,2182,0,30000,43,0
309,2,3,12841,1500,30000,55,0
313,2,2,10411,3000,20000,40,1
314,2,2,54723,5000,200000,49,0
328,2,2,30184,0,60000,34,0
330,2,2,104975,4000,150000,40,0
368,2,2,2813,0,10000,24,0
373,2,2,42451,8000,90000,34,1
384,2,2,5464,296,170000,28,1
388,2,2,70646,3500,80000,73,1
400,2,2,116313,5000,120000,25,0
405,2,2,166893,5800,160000,29,0
411,2,2,31601,1400,60000,23,0
427,2,2,12583,3123,20000,49,0
436,2,2,217644,16000,270000,32,0
450,2,2,65000,2210,140000,30,1
457,2,2,72383,6000,130000,39,0
478,2,2,71248,1782,70000,37,1
482,2,2,144035,550,140000,26,0
484,2,2,67009,1600,90000,48,0
492,2,2,24368,0,30000,43,0
493,2,2,108724,2003,260000,30,1
500,2,2,20705,0,20000,38,1
502,2,2,27320,4500,90000,35,0
514,2,2,31924,1300,50000,23,0
530,2,2,362,22073,20000,21,0
533,2,2,6908,0,10000,46,0
534,2,3,62470,0,100000,50,1
540,2,2,97004,3700,110000,40,0
543,2,2,27533,1100,30000,36,0
551,2,2,6781,0,100000,52,0
558,2,2,79829,3200,110000,32,0
606,2,2,23437,2200,50000,34,0
615,2,2,116284,9000,190000,37,0
649,2,2,195517,7000,280000,44,0
650,2,5,19617,0,20000,46,0
665,2,2,29107,1200,40000,32,1
669,2,2,103384,0,100000,35,0
671,2,2,37075,1325,30000,34,0
674,2,7,2400,0,30000,25,0
676,2,2,31641,2500,90000,42,0
677,2,2,161870,6500,190000,40,0
705,2,3,25110,0,30000,22,0
708,2,2,12758,1000,30000,46,0
709,2,2,688,0,20000,24,1
725,2,2,30003,0,80000,34,1
726,2,2,9508,400,10000,45,1
740,2,2,22768,816,80000,25,1
744,2,2,41112,1500,70000,51,1
750,2,5,36374,0,50000,25,0
781,2,2,44020,0,230000,29,0
783,2,2,83609,3200,100000,28,0
799,2,2,18365,0,100000,48,0
808,2,2,19245,1600,20000,36,0
815,2,2,69387,2600,120000,33,0
823,2,2,35037,2000,150000,50,1
832,2,5,22719,0,20000,24,0
837,2,2,24562,1100,80000,23,0
848,2,2,32177,1072,50000,42,1
849,2,3,147989,0,150000,37,0
851,2,2,24050,20000,40000,23,1
857,2,2,29361,5000,40000,29,0
858,2,2,52691,2500,100000,43,0
863,2,7,2450,0,30000,52,0
892,2,2,12599,7040,400000,37,0
897,2,2,101140,0,110000,55,0
898,2,2,138604,0,170000,28,0
911,2,2,88533,4000,90000,25,0
922,2,2,31090,1400,50000,24,1
926,2,2,13440,0,180000,27,0
934,2,2,11112,2000,30000,32,1
939,2,2,17172,2000,180000,32,0
944,2,5,1200,0,80000,24,0
973,2,2,13979,0,180000,39,0
982,2,5,32391,0,30000,29,0
989,2,2,294308,5800,360000,25,0
1009,2,3,23289,0,30000,34,0
1045,2,2,19572,1538,20000,22,0
1048,2,2,45422,1833,140000,24,0
1050,2,2,22160,558,100000,49,1
1051,2,3,279,0,110000,31,0
1061,2,2,12352,700,60000,34,1
1070,2,2,36163,1600,110000,35,0
1082,2,2,9180,1022,10000,32,0
1083,2,2,37133,1500,60000,30,0
1084,2,2,49847,1900,50000,25,0
1102,2,2,27734,0,30000,24,0
1103,2,2,24018,0,260000,46,0
1105,2,3,20419,0,20000,35,0
1111,2,2,84001,3400,110000,29,0
1122,2,3,19860,0,20000,30,0
1130,2,2,51713,1950,50000,23,1
1133,2,4,278509,10000,270000,44,0
1135,2,2,16594,2000,20000,28,0
1145,2,2,99322,2,100000,35,1
1147,2,7,2400,0,70000,31,0
1153,2,2,52917,2200,180000,42,0
1160,2,2,75724,3000,80000,26,0
1207,2,2,23772,1700,70000,49,0
1233,2,2,50807,0,50000,47,0
1247,2,2,89991,0,170000,39,0
1250,2,7,2400,0,350000,52,0
1268,2,2,26456,2500,70000,34,0
1289,2,3,17055,0,20000,48,0
1297,2,2,38924,1600,50000,29,0
1309,2,2,9761,463,110000,24,1
1337,2,3,46487,1700,70000,26,0
1354,2,2,15252,1500,30000,28,1
1365,2,2,18536,1000,120000,46,0
1369,2,2,124080,4600,180000,27,0
1373,2,5,1250,0,270000,42,0
1380,2,2,75732,0,80000,26,0
1381,2,3,56243,0,60000,31,1
1382,2,2,18395,1000,30000,52,1
1391,2,2,29729,1400,60000,37,0
1397,2,2,111345,0,180000,24,0
1418,2,2,317,1204,80000,29,1
1428,2,2,19521,0,20000,32,0
1429,2,2,80399,2500,210000,37,0
1432,2,2,53560,2100,70000,42,0
1433,2,2,182671,500,230000,32,0
1436,2,2,34700,2800,100000,31,0
1437,2,2,80422,3000,80000,29,1
1441,2,2,51648,4600,70000,24,0
1446,2,2,73116,3000,80000,25,0
1448,2,2,1714,17694,20000,23,1
1458,2,2,1924,7000,500000,42,0
1461,2,3,1050,0,50000,37,0
1486,2,7,2400,0,20000,44,0
1490,2,2,13922,0,50000,29,0
1498,2,2,63800,2670,130000,34,1
1510,2,2,58244,0,180000,27,0
1518,2,2,180312,8700,190000,49,0
1522,2,4,10320,0,60000,40,0
1524,2,2,29862,900,30000,27,0
1526,2,2,13398,0,20000,35,0
1533,2,2,22033,0,20000,25,0
1540,2,2,80446,3100,110000,28,0
1549,2,2,614,3000,500000,42,1
1559,2,2,40906,2000,50000,31,0
1564,2,2,24396,903,30000,56,0
1573,2,2,37419,1535,110000,40,1
1581,2,2,49049,30000,240000,42,1
1611,2,2,19610,3004,30000,23,1
1626,2,2,17128,0,20000,63,0
1629,2,2,94623,1900,140000,31,0
1638,2,2,24514,909,30000,40,0
1647,2,2,38387,5000,50000,27,0
1661,2,2,47579,2000,50000,55,0
1667,2,2,51840,1750,90000,36,0
1670,2,3,15831,0,20000,40,0
1706,2,2,12619,0,20000,32,0
1707,2,2,121464,5000,230000,35,0
1722,2,2,65233,2600,90000,27,1
1730,2,2,35651,1500,70000,41,0
1740,2,2,20355,10000,20000,25,0
1752,2,3,1050,0,10000,38,0
1765,2,2,22984,2000,130000,26,0
1776,2,2,17250,1500,80000,37,0
1783,2,2,66020,2377,160000,28,0
1787,2,2,25936,0,40000,25,0
1836,2,2,16684,1600,50000,37,0
1840,2,2,147955,0,160000,51,0
1848,2,2,29504,1251,30000,26,0
1860,2,3,37131,2000,50000,39,0
1862,2,4,7481,0,10000,35,0
1866,2,2,26479,1500,50000,23,1
1870,2,2,36173,1500,40000,23,0
1880,2,2,17521,800,30000,47,0
1889,2,2,86365,6200,90000,32,0
1895,2,6,96593,10000,100000,30,0
1909,2,2,24111,0,30000,36,0
1932,2,2,930,240,20000,24,1
1956,2,2,10140,584,10000,41,0
1957,2,2,2500,0,220000,42,0
1977,2,2,38339,5000,180000,31,1
1982,2,2,42264,1600,80000,40,0
1989,2,2,111478,3600,140000,34,0
1993,2,3,486776,25703,580000,67,0
2017,2,2,6911,0,20000,22,0
2046,2,2,61938,2300,110000,26,0
2052,2,2,50982,3400,50000,27,0
2054,2,2,136438,10800,140000,37,0
2059,2,2,20207,0,100000,35,0
2065,2,2,2594,171716,180000,26,1
2080,2,2,13148,0,230000,43,0
2087,2,2,57964,10000,110000,36,0
2090,2,2,82890,3300,90000,41,0
2092,2,2,13907,0,270000,31,0
2096,2,2,93562,5000,150000,36,1
2102,2,2,59379,2200,140000,35,0
2103,2,2,3856,900,10000,53,0
2106,2,2,17322,0,20000,23,0
2109,2,2,59180,4611,160000,49,0
2115,2,2,14123,0,70000,44,0
2119,2,2,20906,0,20000,39,0
2123,2,2,18853,1000,50000,36,0
2131,2,2,113622,4747,140000,57,0
2135,2,2,71739,2600,160000,66,0
2156,2,2,106506,0,110000,29,0
2168,2,2,196029,4,400000,49,0
2188,2,3,27344,0,30000,57,0
2219,2,2,8086,293,50000,58,0
2235,2,2,18703,685,20000,30,0
2243,2,2,9736,500,10000,22,0
2248,2,2,170028,7000,280000,36,0
2257,2,2,15318,0,30000,25,0
2263,2,2,216988,0,220000,26,0
2269,2,2,17317,0,30000,39,0
2270,2,2,47956,0,70000,24,0
2284,2,2,50594,2046,70000,29,0
2287,2,2,41434,5000,50000,27,0
2293,2,3,71908,5700,80000,43,0
2303,2,3,57889,2013,60000,29,1
2325,2,4,181866,39,200000,39,0
2341,2,2,45312,1680,80000,25,0
2363,2,5,22757,0,20000,24,0
2375,2,2,37421,1750,50000,25,0
2376,2,2,33917,3500,40000,38,0
2379,2,2,17919,1500,60000,30,1
2393,2,2,41526,1500,50000,32,0
2397,2,2,48367,1904,200000,29,1
2403,2,2,55201,15000,80000,29,0
2406,2,7,2400,0,50000,43,0
2418,2,2,31012,0,30000,24,1
2422,2,2,15492,1500,20000,24,0
2426,2,2,21178,0,20000,22,0
2433,2,2,30727,1000,30000,34,0
2435,2,2,76326,3200,120000,25,0
2445,2,2,19321,1000,50000,54,1
2448,2,2,46885,1500,50000,41,0
2458,2,2,11096,392,30000,44,0
2459,2,2,31986,1139,80000,25,0
2462,2,2,28071,2500,30000,26,0
2464,2,2,18648,2000,20000,27,0
2471,2,2,101562,3193,140000,29,0
2472,2,2,11080,800,20000,29,0
2489,2,2,112475,0,110000,33,0
2508,2,2,10440,680,20000,48,1
2510,2,2,26022,2013,30000,28,0
2524,2,2,8761,1000,70000,30,1
2542,2,2,53568,2000,100000,35,1
2558,2,2,44234,1604,200000,28,0
2563,2,2,133147,12000,140000,40,1
2569,2,2,7963,299,10000,54,0
2583,2,2,100188,3685,110000,46,0
2637,2,2,63626,2000,130000,31,0
2641,2,2,74463,0,80000,35,0
2642,2,3,44696,0,50000,42,0
2657,2,2,39494,900,100000,27,0
2659,2,2,97554,0,180000,46,0
2699,2,2,58024,1304,150000,47,1
2715,2,2,27897,2300,30000,35,0
2731,2,2,31777,2700,50000,30,0
2738,2,2,134749,0,240000,47,0
2754,2,2,28392,1000,30000,22,1
2757,2,4,217600,0,200000,31,0
2773,2,2,44561,1900,50000,25,0
2777,2,2,183007,0,180000,39,0
2779,2,2,186443,7035,260000,39,1
2792,2,2,17687,1000,20000,33,1
2797,2,2,7250,0,200000,38,0
2802,2,3,82362,0,140000,28,0
2818,2,2,39598,1500,50000,24,0
2836,2,2,46192,1700,50000,27,0
2843,2,2,12468,1500,110000,51,1
2844,2,2,112819,400,120000,28,0
2853,2,2,86373,1500,90000,24,0
2855,2,2,17213,1500,50000,25,0
2865,2,2,30062,3300,50000,46,0
2878,2,2,95115,3200,160000,23,0
2902,2,2,125,1000,210000,39,0
2917,2,5,31539,0,20000,26,0
2924,2,2,19862,0,130000,26,1
2927,2,2,27834,1000,30000,34,0
2942,2,2,66033,6000,90000,26,1
2945,2,2,91204,0,90000,28,0
2964,2,2,50411,0,140000,42,0
2974,2,2,150,0,30000,24,0
3008,2,2,4837,600,10000,24,0
3011,2,2,92195,3000,210000,32,1
3019,2,2,8436,4000,20000,34,1
3024,2,2,59253,3000,100000,36,0
3027,2,2,22812,5000,350000,31,1
3034,2,2,1415,0,50000,54,0
3044,2,2,44639,3707,70000,40,1
3047,2,2,306752,12000,330000,41,0
3050,2,2,823,1089,210000,37,1
3066,2,2,4859,0,70000,25,0
3072,2,2,101550,4751,180000,28,1
3087,2,7,300,0,30000,24,0
3093,2,2,29906,0,60000,27,1
3094,2,2,228022,8500,230000,30,0
3141,2,2,18950,1000,20000,49,0
3144,2,2,53390,2200,70000,41,0
3157,2,2,31850,0,70000,28,0
3165,2,2,6068,2000,50000,32,1
3171,2,2,11440,1500,20000,23,0
3187,2,2,47427,2000,70000,26,0
3195,2,3,5495,0,20000,38,1
3202,2,2,10044,0,20000,30,0
3211,2,3,233210,6508,230000,30,0
3217,2,2,17095,3500,20000,25,0
3223,2,2,100464,4000,200000,33,0
3234,2,2,30584,0,30000,26,0
3240,2,2,1437,1479,240000,44,1
3242,2,2,101169,4000,200000,40,1
3248,2,2,112404,3400,120000,28,0
3257,2,2,82581,0,80000,24,0
3276,2,4,19616,0,20000,59,0
3279,2,2,19702,0,20000,23,0
3288,2,3,13394,0,30000,30,0
3292,2,2,31630,3000,120000,31,1
3299,2,4,600,0,230000,26,1
3303,2,2,16605,1000,20000,23,0
3330,2,2,6393,3425,320000,35,1
3337,2,2,21576,2000,80000,31,0
3338,2,2,29384,1003,50000,24,1
3339,2,2,9229,0,10000,24,0
3345,2,2,31011,0,30000,29,0
3351,2,2,23296,0,30000,44,0
3354,2,2,45576,1800,100000,33,0
3358,2,2,39731,1265,50000,27,1
3365,2,2,3277,2964,140000,28,1
3367,2,2,255409,9394,260000,26,0
3379,2,4,37,0,30000,28,0
3414,2,2,88399,3300,150000,33,0
3442,2,2,48236,1876,110000,33,0
3457,2,2,26112,1000,50000,29,0
3458,2,2,192140,15000,280000,46,0
3501,2,2,20645,1500,30000,56,0
3510,2,2,43123,1528,50000,27,0
3513,2,2,44569,3600,60000,28,0
3528,2,2,10821,0,20000,50,0
3536,2,2,18574,1600,90000,35,0
3538,2,4,210438,0,220000,28,0
3540,2,3,31262,0,30000,45,0
3561,2,2,9629,1100,80000,57,0
3562,2,2,65236,2600,90000,33,0
3568,2,2,255954,0,230000,39,0
3576,2,2,60716,0,60000,28,0
3578,2,2,1400,0,50000,42,0
3580,2,2,10029,0,10000,56,0
3584,2,2,5820,300,10000,51,0
3590,2,2,52479,2000,70000,26,0
3608,2,2,29516,2500,200000,59,1
3641,2,2,33393,0,50000,41,0
3649,2,2,150,921,230000,36,1
3657,2,2,113879,0,110000,25,0
3664,2,3,1050,0,30000,24,0
3665,2,2,6712,0,110000,29,0
3674,2,2,17608,0,20000,47,0
3687,2,2,69355,7,80000,28,0
3694,2,2,23896,3000,50000,29,1
3716,2,3,154721,0,220000,27,0
3742,2,3,40085,0,40000,47,0
3744,2,2,37246,0,40000,45,0
3767,2,2,49827,2000,100000,40,0
3777,2,2,1231,0,250000,26,0
3778,2,2,8090,450,10000,24,1
3786,2,4,75393,0,80000,43,0
3821,2,2,1502,3003,220000,42,0
3823,2,2,51537,1790,80000,27,0
3837,2,2,1129,1000,240000,27,1
3849,2,2,43763,3600,70000,29,0
3858,2,2,46326,1666,50000,28,1
3860,2,2,11653,0,20000,32,0
3862,2,2,121232,5000,170000,39,1
3867,2,2,23552,1000,60000,39,1
3873,2,2,29646,1363,30000,49,0
3879,2,3,1050,0,20000,26,0
3902,2,2,9751,2000,50000,27,0
3932,2,2,112027,9500,120000,34,1
3936,2,2,114168,9500,130000,32,0
3938,2,2,43845,1800,60000,30,0
3943,2,2,58698,2300,60000,29,1
3959,2,2,39702,0,50000,42,0
3964,2,2,18884,3000,90000,23,0
3967,2,6,57663,0,60000,25,0
3968,2,2,9047,1000,50000,53,0
3991,2,2,144457,5600,240000,47,0
3993,2,3,19240,0,20000,22,0
3999,2,2,12957,500,20000,23,0
4007,2,3,1050,0,10000,46,0
4014,2,2,19530,0,20000,22,0
4016,2,2,87150,0,100000,33,0
4020,2,2,27633,2309,30000,27,0
4042,2,2,15227,0,20000,36,0
4047,2,2,20483,729,50000,45,1
4048,2,2,21468,0,220000,60,0
4049,2,2,85084,9717,150000,39,1
4070,2,2,73312,0,150000,30,0
4077,2,2,12065,0,90000,37,0
4093,2,2,5392,1000,50000,33,1
4094,2,2,27304,0,100000,31,0
4096,2,2,10493,3313,80000,43,1
4140,2,2,126780,5000,220000,48,1
4146,2,2,45816,0,50000,46,0
4148,2,2,10970,1000,20000,26,0
4161,2,4,37264,0,50000,25,0
4162,2,2,6216,2000,200000,44,0
4165,2,2,2700,1218,380000,42,1
4166,2,2,25017,10000,50000,51,1
4170,2,2,27473,2289,60000,46,0
4189,2,2,280240,10000,310000,43,0
4190,2,2,9169,1002,10000,41,0
4193,2,2,12737,1200,50000,51,1
4194,2,2,8672,0,10000,22,0
4206,2,2,49643,0,130000,25,0
4209,2,2,21231,0,30000,23,0
4213,2,2,34225,3000,70000,31,0
4214,2,2,16738,700,50000,31,1
4218,2,2,42781,0,50000,33,0
4230,2,2,1992,0,30000,49,1
4249,2,3,53614,2052,90000,42,0
4264,2,2,2890,2500,30000,52,0
4325,2,3,19188,0,20000,49,1
4331,2,2,22436,5000,30000,26,0
4333,2,2,40263,3179,300000,39,0
4337,2,5,358145,0,330000,39,0
4341,2,2,343612,13150,380000,34,0
4354,2,2,18391,0,20000,23,0
4375,2,2,50036,0,50000,54,0
4378,2,2,23440,6000,100000,52,0
4379,2,2,99578,4000,180000,34,0
4388,2,5,106001,0,90000,35,0
4405,2,4,61693,0,100000,25,0
4433,2,2,28179,1100,30000,42,0
4445,2,5,104554,0,100000,36,0
4448,2,2,91280,0,90000,52,0
4455,2,2,9453,0,30000,22,1
4471,2,2,50517,2100,70000,35,0
4475,2,2,70891,2600,120000,32,0
4489,2,2,56999,5000,140000,32,1
4493,2,2,35246,0,50000,26,0
4506,2,2,34817,2000,50000,51,0
4508,2,2,29999,1054,30000,42,0
4510,2,2,124578,5000,130000,42,0
4528,2,2,47771,1800,60000,27,0
4529,2,2,179026,5000,200000,31,0
4543,2,2,83961,3100,100000,29,0
4547,2,2,183890,0,220000,24,0
4560,2,2,219615,10000,350000,30,1
4570,2,2,18131,0,30000,43,0
4573,2,2,7031,0,10000,55,0
4580,2,2,171377,5921,200000,50,0
4584,2,2,59620,2300,110000,54,0
4609,2,2,79362,3152,160000,30,0
4618,2,2,12398,1100,20000,24,0
4631,2,2,64994,0,100000,35,0
4635,2,2,116284,5000,160000,27,0
4656,2,2,46817,2500,100000,46,1
4660,2,2,48678,1900,100000,50,0
4674,2,2,36724,10000,50000,27,0
4690,2,2,161137,6000,170000,39,0
4714,2,2,14614,500,20000,25,0
4729,2,2,9767,0,50000,26,0
4746,2,2,161469,6000,160000,28,0
4747,2,2,48421,3000,110000,27,0
4749,2,2,173,3438,80000,24,1
4760,2,2,24262,1058,180000,45,1
4768,2,2,78735,3100,500000,50,0
4775,2,2,48312,2000,80000,42,0
4802,2,3,202639,0,190000,35,0
4839,2,2,16662,0,50000,22,0
4858,2,2,46455,1432,50000,32,0
4861,2,2,91888,3400,210000,41,0
4863,2,2,71681,2850,80000,32,0
4867,2,2,4236,1000,130000,29,0
4876,2,2,23114,0,40000,41,0
4883,2,2,48703,3000,50000,29,0
4885,2,2,22170,942,70000,30,0
4894,2,2,115543,4800,160000,28,0
4918,2,2,136520,5252,160000,35,0
4921,2,2,25484,1000,30000,26,1
4926,2,2,30155,1068,30000,42,1
4932,2,2,17504,1500,30000,29,0
4982,2,2,2500,0,240000,43,0
4986,2,2,76363,5137,150000,26,0
4991,2,3,17063,7,20000,32,1
4993,2,2,81325,0,80000,36,0
5008,2,3,15223,0,20000,44,0
5013,2,2,44430,2000,30000,40,0
5018,2,2,96079,0,190000,34,0
5032,2,2,19050,0,170000,49,0
5046,2,2,40335,2051,270000,36,1
5050,2,2,43992,0,50000,61,1
5057,2,2,67290,2500,120000,34,0
5065,2,2,20223,0,20000,53,0
5080,2,2,180784,7000,200000,43,0
5085,2,2,136280,5091,140000,45,0
5098,2,2,68277,4800,280000,31,1
5100,2,2,49009,1800,50000,29,0
5108,2,2,142201,5245,180000,29,1
5113,2,2,76350,6000,150000,33,0
5114,2,2,27353,0,30000,36,0
5116,2,4,20182,0,20000,31,0
5123,2,2,12434,600,50000,23,1
5129,2,2,23524,1500,60000,38,0
5136,2,2,82645,3500,180000,32,0
5148,2,2,16135,0,50000,25,0
5164,2,2,94376,3700,110000,26,0
5172,2,2,33316,1500,70000,46,0
5178,2,2,73366,2650,190000,50,0
5189,2,2,114653,4000,140000,28,0
5209,2,2,30124,1100,50000,35,1
5226,2,2,56492,2100,60000,24,1
5242,2,2,43051,1892,140000,31,1
5243,2,2,5856,822,20000,50,0
5249,2,2,16690,1500,30000,28,1
5255,2,2,42630,1570,70000,29,0
5274,2,2,55566,4675,60000,42,1
5285,2,4,600,0,80000,36,0
5291,2,2,107782,5000,180000,42,1
5320,2,2,12677,1000,30000,60,1
5339,2,4,1650,0,20000,25,0
5349,2,2,116915,8500,220000,28,1
5365,2,2,79659,1800,80000,30,1
5372,2,3,8594,0,10000,40,0
5384,2,2,17259,800,20000,25,0
5391,2,2,164182,7500,200000,37,0
5405,2,2,26210,2197,130000,36,0
5429,2,2,18239,0,100000,42,0
5440,2,2,29447,0,110000,42,0
5445,2,2,185477,6497,140000,47,0
5452,2,2,24396,1310,50000,31,0
5455,2,2,40766,0,80000,31,1
5456,2,2,70779,3000,70000,28,0
5458,2,2,48876,1603,100000,28,0
5461,2,2,53,700,230000,39,1
5467,2,2,28852,1033,80000,37,0
5473,2,2,19128,1744,20000,55,0
5475,2,2,177186,0,290000,36,0
5486,2,2,300,1000,30000,28,0
5488,2,2,26987,1300,30000,33,0
5498,2,2,13626,2000,50000,49,1
5499,2,2,149166,5110,150000,66,1
5513,2,2,2500,0,200000,69,0
5529,2,2,27534,946,70000,30,1
5541,2,2,17175,1818,20000,23,1
5543,2,2,116930,0,280000,30,0
5572,2,2,31625,0,100000,30,0
5580,2,2,28588,0,30000,58,0
5593,2,2,28227,1000,30000,49,0
5605,2,2,60332,2300,70000,29,1
5611,2,2,161481,0,160000,27,0
5631,2,2,39082,1400,40000,25,1
5643,2,2,69465,2500,80000,41,0
5649,2,2,19052,782,50000,33,1
5652,2,2,2863,0,20000,27,1
5656,2,2,20270,1000,20000,24,0
5659,2,2,49788,1280,50000,38,0
5675,2,2,97576,0,100000,41,0
5682,2,2,14564,1000,30000,23,0
5708,2,2,19542,686,20000,28,1
5722,2,2,14498,0,30000,27,0
5725,2,2,50799,0,50000,25,0
5727,2,2,28318,1500,120000,37,0
5730,2,2,30250,1000,110000,27,1
5739,2,3,10618,0,20000,23,0
5743,2,2,25001,0,30000,59,0
5747,2,2,80853,3300,120000,38,0
5751,2,2,147962,11500,160000,37,0
5756,2,2,14502,1386,30000,29,0
5786,2,2,120142,2297,60000,26,0
5794,2,2,19273,0,50000,48,0
5813,2,2,111871,4300,190000,36,0
5832,2,2,100326,4000,140000,34,0
5838,2,7,2400,0,10000,26,0
5846,2,4,58079,0,60000,59,0
5851,2,2,2669,6177,200000,28,0
5868,2,3,19945,0,30000,24,0
5886,2,2,13006,1055,20000,29,0
5887,2,2,6778,0,20000,23,0
5902,2,3,125776,0,140000,27,0
5904,2,2,15379,1500,50000,45,1
5916,2,7,150,0,110000,41,0
5931,2,2,27206,0,50000,24,0
5933,2,3,117767,0,130000,29,0
5942,2,2,27754,1001,30000,30,1
5980,2,2,17099,0,70000,24,0
5986,2,2,32259,0,100000,44,0
6024,2,2,54425,2033,70000,71,1
6026,2,2,149363,6000,440000,31,0
6039,2,2,94692,3482,130000,23,0
6041,2,7,2400,0,20000,23,0
6045,2,2,4957,0,500000,55,0
6046,2,2,174547,13300,200000,27,0
6056,2,4,150,0,50000,49,0
6062,2,2,143966,5200,150000,36,0
6079,2,2,145037,5300,150000,25,0
6083,2,2,16962,2,50000,41,0
6085,2,3,1050,0,10000,23,0
6086,2,2,137675,0,140000,37,0
6089,2,2,30922,4000,90000,24,0
6090,2,2,100724,4000,130000,52,0
6094,2,2,679,5000,20000,24,1
6109,2,2,120538,0,120000,35,0
6120,2,2,23231,2000,50000,24,1
6123,2,2,71245,2000,150000,39,0
6146,2,2,98047,7500,100000,46,0
6147,2,2,33871,0,100000,38,0
6155,2,2,25624,903,30000,34,0
6167,2,2,12718,465,30000,27,0
6176,2,3,18968,3,50000,25,0
6182,2,2,58296,1206,100000,35,0
6199,2,2,15891,589,30000,49,0
6211,2,2,45290,3760,50000,34,0
6216,2,2,1126,0,200000,41,0
6250,2,2,39464,0,40000,36,0
6256,2,2,51546,2100,130000,39,0
6272,2,7,2400,0,10000,23,0
6279,2,2,9833,0,20000,54,0
6286,2,2,81236,0,140000,30,0
6301,2,2,9725,0,30000,24,0
6306,2,2,20847,800,30000,43,0
6321,2,2,26549,0,30000,51,0
6328,2,2,7835,900,20000,22,0
6335,2,2,70580,0,70000,33,0
6344,2,2,20294,0,150000,53,0
6348,2,2,94069,0,260000,31,0
6349,2,2,65614,2600,80000,34,0
6353,2,2,22790,1500,50000,33,0
6364,2,2,10055,1100,120000,27,1
6369,2,2,18438,5000,40000,26,1
6374,2,3,97883,0,100000,52,0
6427,2,2,101783,3873,100000,24,0
6436,2,2,4824,0,230000,36,0
6454,2,2,30632,0,60000,23,1
6456,2,2,55788,2400,80000,28,0
6492,2,2,177363,15150,300000,38,1
6493,2,3,29834,1100,30000,40,0
6510,2,3,1050,0,50000,25,0
6528,2,2,31745,4500,80000,49,0
6540,2,2,80584,3000,80000,28,0
6541,2,2,57558,0,60000,31,0
6557,2,3,19194,800,20000,22,0
6582,2,2,211132,16000,240000,40,0
6583,2,2,180259,6500,200000,29,0
6586,2,2,23000,2000,100000,26,0
6596,2,2,61392,3091,80000,23,0
6601,2,2,8367,0,20000,24,0
6605,2,2,11932,3380,20000,27,0
6628,2,3,58868,0,60000,37,0
6630,2,2,21432,760,30000,44,0
6637,2,2,61129,2341,80000,41,0
6643,2,2,152040,15000,200000,29,1
6646,2,2,30548,1400,30000,46,0
6648,2,2,12396,1500,160000,45,0
6668,2,2,37212,3007,50000,39,0
6674,2,2,22794,0,30000,34,0
6687,2,2,89608,2500,220000,29,0
6688,2,2,208821,7800,260000,42,0
6703,2,3,68468,0,200000,30,0
6718,2,2,9609,2000,140000,27,1
6724,2,2,58257,40000,200000,46,0
6726,2,2,5840,0,200000,36,0
6727,2,2,75370,7500,160000,34,0
6751,2,2,24815,0,30000,46,0
6753,2,2,27468,3000,30000,50,0
6754,2,5,16445,0,20000,44,0
6760,2,2,108628,0,180000,29,1
6783,2,1,64178,15000,500000,32,0
6784,2,2,31767,0,70000,26,0
6827,2,2,108106,4000,110000,37,0
6828,2,2,43974,3500,60000,24,0
6829,2,3,11790,0,20000,26,0
6839,2,2,78683,3000,80000,42,0
6843,2,2,17140,0,20000,25,0
6855,2,2,139976,700,180000,35,0
6862,2,2,125887,4000,210000,31,0
6895,2,2,49559,2000,60000,43,0
6898,2,2,64524,3000,120000,32,0
6899,2,2,130814,4500,130000,39,1
6910,2,2,28755,1300,30000,29,1
6915,2,3,74062,0,100000,27,1
6938,2,2,118764,4001,200000,27,0
6951,2,2,46767,0,50000,27,1
6974,2,2,51899,105,50000,24,0
6976,2,2,80708,2805,100000,36,0
6990,2,2,56019,5200,120000,26,0
6995,2,2,343283,12005,410000,28,0
6996,2,2,19017,0,30000,41,1
7003,2,2,51081,2001,80000,39,0
7023,2,2,65130,0,100000,44,0
7029,2,2,67546,5500,100000,49,1
7038,2,2,119620,1500,120000,52,0
7047,2,2,10777,1500,80000,53,0
7049,2,2,333278,13000,350000,44,0
7054,2,2,23845,0,50000,46,1
7057,2,2,51361,0,100000,29,0
7061,2,2,14313,626,120000,37,1
7065,2,2,20508,2000,50000,23,1
7068,2,3,750,2000,90000,30,0
7069,2,2,78497,1800,150000,37,0
7071,2,2,30787,4246,80000,40,0
7074,2,2,129869,4900,140000,31,0
7113,2,2,1607,57000,250000,30,1
7119,2,2,131057,0,130000,30,0
7135,2,2,43261,0,60000,25,0
7138,2,2,51102,2000,180000,38,0
7145,2,2,100555,4500,100000,30,0
7155,2,2,32350,1532,70000,27,0
7175,2,2,22857,0,20000,36,0
7188,2,2,20899,0,20000,25,0
7193,2,2,18241,1000,60000,49,0
7201,2,2,41462,3000,80000,39,1
7203,2,2,26989,10000,150000,26,1
7207,2,2,1623,1623,450000,41,1
7214,2,2,5841,0,140000,32,0
7216,2,2,29297,0,30000,56,0
7240,2,2,94909,3545,190000,41,1
7248,2,2,20648,0,20000,24,0
7254,2,2,20378,2000,50000,26,0
7262,2,3,9111,0,10000,25,0
7271,2,2,40835,1500,100000,38,0
7284,2,3,38564,0,50000,54,1
7311,2,2,82117,3600,90000,23,0
7323,2,2,2500,0,360000,30,0
7332,2,2,18020,1000,150000,27,0
7352,2,2,90779,0,210000,30,0
7369,2,2,16518,800,30000,27,0
7372,2,2,136331,5100,140000,36,0
7376,2,2,52439,2071,130000,27,1
7395,2,2,24288,2200,30000,31,0
7400,2,2,28522,1000,40000,26,0
7409,2,3,29485,0,30000,41,0
7423,2,2,26317,2310,60000,25,1
7428,2,2,57210,222,150000,32,0
7469,2,2,13795,0,20000,39,0
7481,2,2,110876,4000,110000,28,0
7485,2,2,32493,1500,30000,28,0
7486,2,2,24872,1100,30000,27,0
7491,2,2,20381,0,20000,36,0
7505,2,2,29321,1100,120000,60,0
7528,2,2,9404,1000,50000,49,1
7531,2,2,230751,9000,270000,28,0
7532,2,2,50675,5000,70000,36,0
7536,2,2,58460,2500,110000,47,0
7542,2,2,19121,1000,50000,22,0
7547,2,2,135,1006,350000,35,0
7556,2,2,165556,6500,300000,58,0
7561,2,2,64585,2800,70000,28,0
7569,2,2,21761,1500,30000,30,0
7580,2,2,1277,1020,260000,36,0
7585,2,2,86706,3000,90000,28,0
7592,2,2,17131,1500,170000,36,0
7611,2,2,58318,4500,70000,24,1
7624,2,2,17412,1600,20000,25,0
7633,2,2,35784,2000,80000,33,0
7663,2,2,72335,4500,140000,58,0
7680,2,2,25857,1000,50000,41,0
7693,2,2,98219,3628,230000,45,0
7705,2,2,190960,14184,200000,38,1
7725,2,2,9601,2000,90000,23,1
7735,2,2,21118,1000,30000,52,0
7737,2,2,22994,1000,50000,24,0
7744,2,2,19978,1000,20000,42,0
7789,2,2,2500,0,200000,49,0
7793,2,2,19415,1800,20000,22,0
7796,2,2,16025,19120,500000,38,1
7803,2,2,32787,1300,50000,31,0
7811,2,2,214795,17000,270000,53,0
7818,2,2,19483,1560,50000,27,0
7830,2,2,73909,5763,140000,29,0
7836,2,2,70566,0,100000,26,0
7840,2,5,1200,0,30000,27,0
7847,2,2,27831,1050,30000,24,0
7857,2,3,306395,10000,300000,25,0
7861,2,2,28280,0,50000,25,0
7877,2,2,27064,1200,80000,24,0
7880,2,2,232995,7641,240000,44,1
7881,2,7,2400,0,50000,24,0
7887,2,2,62450,500,500000,34,1
7899,2,2,33177,1378,40000,47,0
7902,2,2,56352,2801,60000,29,0
7908,2,2,27898,0,50000,29,0
7923,2,2,55405,4000,50000,30,1
7926,2,2,33668,2200,50000,36,0
7940,2,2,140813,5000,140000,24,1
7947,2,4,21000,0,20000,50,0
7960,2,2,32849,2795,50000,58,0
7962,2,3,18248,0,20000,25,0
7969,2,2,13157,0,20000,45,0
7983,2,2,143259,5099,150000,38,0
7988,2,2,29819,1000,60000,24,0
7993,2,3,34076,1300,50000,23,0
8016,2,2,41595,2500,80000,26,0
8018,2,2,204067,0,230000,28,0
8022,2,2,80838,1920,80000,40,0
8026,2,2,11949,500,30000,23,1
8027,2,2,112063,4300,190000,50,1
8033,2,2,51034,0,50000,29,0
8047,2,2,26818,3200,30000,39,0
8049,2,3,42306,0,70000,41,0
8052,2,2,25919,2038,30000,36,0
8075,2,2,40052,1700,80000,30,1
8083,2,2,12780,1100,50000,65,0
8085,2,2,59253,2078,90000,27,0
8090,2,2,6346,0,20000,24,0
8105,2,2,143637,12766,260000,39,1
8106,2,2,3500,0,500000,34,1
8111,2,2,45189,1900,50000,22,0
8115,2,2,13958,100,120000,26,0
8125,2,4,2500,0,200000,29,0
8135,2,2,21826,516,50000,35,0
8145,2,2,16894,1200,50000,23,0
8149,2,2,18527,679,30000,30,0
8157,2,2,8682,602,110000,29,0
8161,2,2,10852,2000,70000,32,1
8178,2,4,37954,3000,70000,32,0
8179,2,2,42045,1600,50000,29,0
8183,2,2,93557,3500,130000,32,1
8186,2,2,13221,458,20000,41,1
8188,2,2,75255,5000,160000,51,1
8189,2,2,177,8068,250000,37,0
8191,2,2,155932,13000,190000,36,0
8201,2,2,48598,2200,50000,24,0
8203,2,2,104139,4200,130000,44,0
8217,2,2,19155,1525,20000,30,1
8220,2,2,18181,600,50000,51,1
8222,2,4,10852,0,10000,43,0
8224,2,2,29887,15,30000,30,0
8225,2,2,29462,0,30000,22,0
8226,2,2,18453,1600,20000,33,0
8231,2,3,30748,0,50000,46,0
8270,2,2,1188,0,120000,37,0
8274,2,2,41393,1700,80000,28,1
8276,2,2,115000,5000,200000,27,0
8279,2,2,47900,5000,110000,34,0
8294,2,2,47147,0,50000,23,0
8296,2,2,78308,3000,100000,29,0
8299,2,2,29565,0,30000,24,1
8303,2,2,23192,0,30000,24,0
8324,2,2,20750,3,20000,39,0
8338,2,2,25896,1100,30000,39,0
8390,2,2,17967,0,20000,24,0
8408,2,2,32482,2000,50000,28,0
8429,2,2,148507,5322,150000,35,0
8431,2,7,2400,0,180000,31,0
8468,2,2,64940,10000,140000,45,0
8469,2,2,20840,844,50000,36,0
8471,2,2,16752,0,30000,23,0
8508,2,3,19118,0,20000,53,0
8513,2,2,8603,260,50000,27,0
8515,2,2,16820,0,20000,50,0
8521,2,2,43342,1800,60000,29,0
8524,2,2,7146,500,40000,26,0
8526,2,4,139097,2000,150000,36,0
8547,2,2,18553,1400,20000,26,0
8562,2,2,45324,2033,80000,38,1
8574,2,2,10402,2000,20000,25,0
8577,2,2,146641,5800,170000,27,0
8578,2,2,45680,1858,220000,37,1
8583,2,2,266246,8500,360000,47,0
8584,2,2,176099,6431,180000,25,1
8600,2,2,19712,727,20000,46,0
8609,2,2,29879,996,30000,32,0
8642,2,2,19160,788,20000,23,0
8655,2,8,2400,0,30000,47,0
8657,2,3,30321,0,30000,46,0
8709,2,2,96287,7629,100000,29,0
8724,2,2,19209,674,50000,34,0
8742,2,2,29396,1200,80000,26,0
8773,2,4,227800,0,220000,41,0
8798,2,2,45029,3700,70000,37,0
8815,2,2,17160,0,80000,51,0
8822,2,3,29176,1400,30000,23,0
8832,2,2,28209,1500,50000,37,0
8836,2,2,77875,2500,430000,32,1
8844,2,6,24579,0,40000,24,0
8857,2,3,40748,0,80000,52,0
8858,2,2,66,66,190000,29,0
8865,2,3,39952,0,60000,51,1
8878,2,2,5833,0,30000,41,0
8884,2,2,14683,700,100000,24,0
8906,2,3,45785,2100,50000,25,0
8930,2,2,9089,0,10000,29,0
8954,2,2,53979,0,150000,29,0
8988,2,2,133431,5122,150000,35,0
8989,2,2,14890,0,130000,41,0
8995,2,2,49351,1200,50000,30,0
8998,2,5,97622,0,80000,31,0
9007,2,2,146838,5500,150000,35,0
9013,2,2,82710,3000,100000,29,0
9020,2,2,178528,0,200000,34,0
9029,2,2,150,2558,30000,22,1
9032,2,5,23114,0,50000,36,0
9034,2,2,72267,2800,160000,24,0
9048,2,2,587,0,20000,25,0
9063,2,2,47562,2000,70000,34,0
9075,2,2,31103,1300,30000,33,0
9080,2,8,55815,0,50000,26,0
9085,2,2,48542,2000,50000,27,0
9090,2,3,81162,0,180000,31,0
9099,2,2,45365,1600,130000,37,0
9103,2,2,83643,0,140000,45,0
9108,2,2,100532,4000,110000,32,0
9111,2,2,92492,3500,380000,46,0
9128,2,2,19527,708,200000,44,1
9143,2,2,48183,1800,80000,34,0
9147,2,2,27590,1010,70000,35,0
9148,2,2,71,3800,50000,27,1
9149,2,2,5450,0,10000,46,0
9152,2,2,168,2777,440000,33,1
9165,2,2,28719,2400,30000,28,1
9167,2,3,23259,0,30000,25,0
9171,2,2,32203,1200,70000,30,1
9190,2,2,18024,700,20000,35,0
9191,2,2,31602,1200,60000,24,0
9195,2,5,2495,0,460000,39,0
9215,2,2,17270,0,20000,48,0
9223,2,2,31224,0,50000,36,0
9232,2,2,1562,20030,450000,31,1
9234,2,2,113942,0,140000,30,0
9264,2,2,59308,2062,110000,30,1
9265,2,2,9389,0,10000,27,1
9272,2,2,58828,0,60000,31,0
9273,2,2,46900,2000,100000,40,0
9284,2,2,238940,9000,240000,41,0
9287,2,2,48925,1800,100000,42,0
9290,2,2,100198,5000,220000,30,0
9293,2,4,120270,0,140000,30,0
9296,2,2,25579,0,30000,35,0
9306,2,2,107690,4000,140000,45,0
9316,2,2,212608,3000,250000,26,1
9326,2,2,55983,6278,80000,23,0
9330,2,2,16105,800,20000,25,1
9374,2,2,28268,3000,30000,45,0
9385,2,2,8660,468,10000,26,0
9390,2,2,38897,2500,40000,26,0
9397,2,2,12216,500,30000,23,0
9409,2,2,24963,1078,170000,34,0
9414,2,2,99786,5,100000,39,0
9426,2,2,61374,3000,140000,45,1
9429,2,2,47133,0,50000,29,0
9452,2,2,16977,0,50000,43,0
9463,2,2,50737,1900,50000,36,0
9484,2,2,68443,5001,70000,59,0
9493,2,3,47917,0,50000,38,0
9518,2,2,34933,2900,50000,24,0
9520,2,2,20241,0,20000,25,0
9522,2,2,128157,4561,220000,39,0
9538,2,2,39361,0,40000,24,0
9551,2,2,76618,3000,80000,30,0
9557,2,2,281455,0,280000,29,1
9563,2,2,78128,2703,80000,39,0
9580,2,2,14353,2000,50000,50,1
9584,2,2,8294,0,20000,23,0
9585,2,2,30603,1300,100000,44,0
9594,2,2,300,0,20000,26,0
9614,2,2,101937,4000,120000,34,0
9647,2,2,28276,2666,30000,34,0
9651,2,2,63609,6000,70000,24,0
9661,2,2,27936,2600,30000,35,0
9662,2,2,21261,0,30000,36,0
9668,2,2,16418,610,20000,48,1
9672,2,7,2400,0,170000,48,0
9677,2,2,50360,1100,60000,29,0
9692,2,2,78,0,130000,29,0
9695,2,2,19111,0,20000,23,0
9697,2,2,17622,2000,50000,34,0
9700,2,2,127534,5000,130000,27,0
9707,2,2,47759,0,100000,46,0
9715,2,2,9264,900,10000,24,1
9731,2,2,20409,900,20000,22,0
9732,2,2,163617,14,160000,25,0
9750,2,2,29256,1080,50000,60,0
9756,2,2,55932,0,140000,31,1
9762,2,7,377145,0,360000,33,0
9765,2,2,30134,2600,50000,50,0
9782,2,2,24627,0,30000,34,0
9795,2,2,13042,0,30000,24,0
9803,2,2,19509,1600,20000,22,1
9812,2,2,78730,3000,90000,49,0
9816,2,2,48286,2000,50000,35,0
9821,2,2,25938,6500,20000,26,0
9822,2,2,9599,5000,20000,23,0
9833,2,2,22915,1000,100000,67,0
9839,2,2,105272,3000,150000,29,0
9843,2,2,30107,900,30000,25,0
9858,2,2,30432,0,70000,50,0
9871,2,2,600,0,110000,37,0
9881,2,2,168487,7000,180000,23,0
9883,2,2,28346,2001,70000,47,1
9893,2,2,143848,5600,150000,25,0
9903,2,4,600,0,60000,25,0
9910,2,2,44644,0,50000,44,0
9921,2,3,189225,7269,200000,34,0
9928,2,2,154,1626,300000,38,1
9933,2,2,7013,500,20000,22,0
9941,2,2,2457,2500,160000,51,1
9945,2,2,33247,1546,20000,33,1
9950,2,2,17018,0,30000,25,0
9953,2,2,17672,0,20000,37,0
9958,2,2,33808,0,30000,33,1
9968,2,2,22217,2000,30000,24,1
9980,2,5,32960,0,30000,38,0
10062,2,2,24663,887,50000,61,1
10089,2,2,67132,1866,70000,47,0
10096,2,2,150,1150,30000,26,0
10098,2,2,87914,3700,90000,33,1
10106,2,2,8995,0,10000,23,0
10116,2,2,6182,0,10000,24,0
10121,2,2,59255,0,150000,48,0
10122,2,2,67626,2700,80000,26,1
10125,2,2,9199,471,20000,38,0
10129,2,2,68904,2700,130000,37,0
10139,2,2,30609,0,140000,34,0
10143,2,2,51286,4800,400000,39,0
10148,2,2,12418,500,20000,35,1
10152,2,3,60501,2400,60000,48,0
10156,2,2,8634,948,10000,22,1
10195,2,4,9269,0,10000,46,0
10197,2,2,29684,0,50000,41,0
10211,2,2,25967,1400,90000,31,1
10231,2,2,138771,4800,140000,38,0
10238,2,2,62444,6000,140000,41,0
10241,2,2,4845,2000,20000,28,0
10265,2,3,19696,408,20000,47,1
10279,2,2,18399,2000,50000,33,0
10317,2,2,17517,0,20000,23,0
10329,2,2,36303,8000,110000,32,1
10338,2,2,19294,1000,20000,47,0
10339,2,2,20217,3000,200000,32,0
10354,2,2,11809,1015,20000,43,1
10355,2,2,19102,700,30000,25,0
10357,2,2,25776,0,30000,48,0
10360,2,2,4610,0,40000,37,1
10364,2,2,50496,2000,80000,28,1
10390,2,4,1650,0,20000,25,0
10391,2,2,95464,6100,200000,49,0
10403,2,2,5951,400,10000,26,0
10405,2,2,51884,0,210000,30,1
10410,2,2,37167,4600,140000,27,1
10411,2,2,22057,1500,50000,32,0
10420,2,2,13344,1000,30000,38,0
10425,2,3,88800,3500,140000,32,0
10457,2,2,74645,0,80000,50,1
10460,2,2,45377,3800,50000,48,0
10461,2,2,45832,8810,150000,34,0
10468,2,2,102220,7500,110000,24,0
10473,2,2,29579,20000,220000,41,1
10498,2,2,15737,0,30000,43,0
10507,2,2,18377,0,20000,22,0
10522,2,2,54601,2000,100000,51,0
10534,2,2,4579,0,10000,52,0
10537,2,2,1126,0,30000,25,0
10540,2,2,187000,14004,220000,47,0
10544,2,2,24743,918,50000,39,0
10547,2,2,28420,1498,30000,56,0
10548,2,2,8073,700,80000,25,0
10554,2,2,120259,4355,130000,30,1
10565,2,2,67551,5000,80000,34,1
10576,2,2,88859,3400,100000,31,0
10587,2,2,71557,2804,120000,53,1
10594,2,2,14779,1000,20000,31,1
10598,2,2,72759,2700,100000,30,0
10601,2,2,31,1900,180000,51,0
10624,2,2,8033,1000,50000,27,1
10629,2,2,150,2500,260000,52,0
10656,2,2,189,1459,240000,38,1
10664,2,2,44067,1738,50000,36,1
10698,2,2,4795,4115,280000,57,1
10702,2,2,28758,2000,50000,31,0
10704,2,2,14871,1000,20000,23,1
10714,2,2,18443,365,70000,23,1
10729,2,2,119915,4605,130000,47,0
10745,2,2,2482,0,280000,45,0
10759,2,2,46611,1800,70000,51,0
10771,2,2,19576,4532,50000,22,1
10774,2,2,8334,459,50000,22,1
10776,2,2,69887,0,100000,39,0
10785,2,2,57303,2300,80000,33,0
10794,2,2,90571,6000,210000,30,1
10802,2,7,2400,0,50000,36,0
10804,2,2,72744,2500,100000,41,0
10816,2,2,8949,480,10000,24,0
10823,2,2,99155,3500,140000,27,0
10839,2,2,119696,0,140000,28,0
10854,2,2,78273,2898,120000,28,1
10862,2,4,600,0,110000,29,0
10871,2,2,60554,2500,80000,37,0
10879,2,2,26597,1500,30000,25,0
10908,2,2,21585,0,150000,30,0
10913,2,2,5863,0,10000,40,0
10918,2,3,102549,0,200000,54,0
10937,2,2,108476,11,180000,29,0
10964,2,2,24380,2200,60000,28,0
10974,2,2,47846,1787,80000,48,1
10975,2,2,25375,1100,30000,29,0
10980,2,2,12790,2000,50000,44,0
10983,2,2,2500,0,300000,59,0
10995,2,2,207759,8000,230000,32,0
11009,2,2,14299,0,70000,40,0
11031,2,2,19118,1000,20000,24,0
11041,2,2,27969,1000,400000,32,0
11044,2,2,116959,0,120000,34,0
11050,2,2,78470,4000,90000,33,0
11060,2,2,111673,4014,320000,32,0
11075,2,2,2500,0,260000,43,0
11105,2,2,28747,1300,30000,23,0
11117,2,2,59619,2007,100000,42,0
11128,2,2,1712,2523,80000,45,1
11152,2,2,10348,0,10000,58,0
11172,2,2,48772,2200,70000,37,1
11187,2,2,34000,1500,180000,30,1
11191,2,2,11780,3000,50000,34,1
11205,2,2,30897,0,50000,40,0
11207,2,7,2443,0,200000,28,0
11217,2,2,20101,1000,50000,24,1
11218,2,3,1479,0,30000,31,0
11226,2,2,11645,0,10000,23,0
11243,2,2,149199,5400,150000,26,0
11244,2,2,30363,0,30000,23,0
11264,2,2,5353,173,130000,25,0
11266,2,2,28895,1000,100000,31,0
11267,2,2,18611,800,70000,34,0
11284,2,2,27185,2200,30000,25,0
11300,2,2,88806,0,260000,41,1
11303,2,2,81845,0,80000,34,0
11343,2,2,17857,1320,20000,41,0
11357,2,2,13911,0,30000,43,0
11405,2,2,37580,2000,40000,24,1
11409,2,3,188156,0,240000,48,0
11425,2,2,37160,3081,40000,39,0
11436,2,2,8350,1000,20000,23,0
11437,2,2,150,2500,200000,43,0
11445,2,2,26644,0,20000,27,1
11452,2,2,29191,7000,50000,47,0
11473,2,2,17613,1200,20000,29,0
11478,2,2,9281,400,50000,28,0
11485,2,2,27871,1742,30000,23,0
11498,2,1,307354,100,250000,42,0
11511,2,4,1650,0,20000,63,0
11517,2,2,81380,3800,100000,35,0
11528,2,2,13507,2000,80000,38,1
11555,2,5,153075,0,150000,42,0
11559,2,2,14968,1300,30000,35,0
11560,2,2,194817,5307,240000,28,0
11578,2,2,24210,2287,100000,33,0
11585,2,2,168094,5500,170000,30,0
11590,2,2,20186,0,30000,26,0
11591,2,2,126342,6000,140000,34,1
11617,2,2,28325,600,30000,52,0
11618,2,2,108350,8007,110000,32,1
11623,2,2,30072,0,90000,25,1
11626,2,2,13994,600,140000,28,0
11644,2,2,5092,1000,80000,34,0
11662,2,2,18503,1900,30000,23,1
11664,2,2,29289,0,50000,27,0
11672,2,3,48940,0,110000,56,0
11682,2,2,93528,6050,100000,29,0
11702,2,2,49723,4500,130000,24,0
11706,2,3,1050,0,20000,25,0
11709,2,2,18983,0,20000,25,0
11713,2,2,122443,0,120000,47,0
11717,2,2,59227,0,100000,34,0
11720,2,2,47378,0,70000,29,0
11735,2,2,59415,387,180000,28,0
11740,2,2,5000,0,300000,47,0
11744,2,2,9522,0,70000,31,0
11749,2,2,49091,2000,100000,34,0
11750,2,2,50901,1890,50000,45,0
11785,2,2,8455,2000,10000,23,0
11814,2,3,48571,0,120000,34,0
11818,2,2,30892,0,30000,23,0
11825,2,2,12393,1000,20000,56,0
11828,2,2,48439,1900,50000,30,0
11830,2,2,15985,2300,30000,24,0
11831,2,2,12578,1600,60000,35,1
11838,2,3,30136,0,30000,29,0
11845,2,6,1800,0,30000,24,0
11855,2,2,35888,0,70000,27,0
11874,2,3,91151,0,100000,29,0
11893,2,2,503,0,260000,37,1
11903,2,2,2825,0,20000,28,0
11908,2,2,19950,2000,130000,43,0
11930,2,2,15123,0,20000,32,1
11947,2,2,30207,2640,30000,25,1
11976,2,2,10586,10000,70000,25,1
11978,2,2,215692,0,280000,30,0
11988,2,3,1050,0,20000,36,0
11994,2,2,32592,1500,100000,28,1
11995,2,3,26708,0,30000,22,1
12011,2,2,87961,0,90000,39,0
12016,2,2,81702,3000,100000,36,0
12018,2,2,15410,900,50000,47,1
12019,2,2,2500,0,260000,64,0
12022,2,2,2705,1411,80000,52,0
12028,2,2,21851,10000,460000,39,1
12036,2,7,2646,0,30000,44,0
12042,2,2,28241,1300,120000,44,0
12052,2,2,20455,0,50000,26,0
12067,2,2,56814,2300,70000,53,0
12079,2,2,21542,3000,30000,46,0
12090,2,2,93715,5400,160000,32,0
12094,2,2,27982,0,70000,43,0
12101,2,2,42148,3200,120000,41,0
12121,2,2,189717,9000,150000,27,0
12122,2,3,38797,0,40000,27,0
12145,2,2,14590,0,190000,32,0
12150,2,2,34943,1300,300000,42,0
12155,2,2,46045,1666,70000,35,0
12158,2,2,39526,3000,130000,33,0
12163,2,2,58127,2300,120000,31,0
12164,2,2,46886,2000,50000,42,0
12177,2,2,48326,0,50000,53,0
12192,2,4,420,0,10000,55,0
12197,2,2,18013,0,20000,35,0
12202,2,2,24848,2000,50000,25,0
12207,2,5,21988,0,30000,36,0
12217,2,2,189806,14500,280000,39,0
12231,2,2,23026,5335,30000,37,1
12238,2,2,37718,1601,50000,30,0
12241,2,2,261312,8303,320000,50,1
12261,2,3,40299,0,90000,23,0
12279,2,2,10085,0,20000,47,0
12281,2,2,12919,0,100000,36,0
12287,2,2,67687,0,60000,36,0
12302,2,2,44995,1800,50000,45,0
12308,2,2,315502,0,320000,40,0
12322,2,2,116289,0,200000,26,1
12345,2,3,18390,0,30000,53,0
12347,2,2,168592,6000,190000,28,0
12362,2,2,94216,7400,100000,26,0
12363,2,2,45795,0,50000,32,0
12370,2,2,19554,683,20000,42,0
12372,2,2,23396,0,40000,28,0
12373,2,2,78883,2900,240000,55,1
12387,2,2,9689,363,10000,39,1
12388,2,2,30670,1100,70000,42,0
12391,2,2,73678,4874,150000,32,0
12393,2,2,28100,1200,30000,47,0
12395,2,2,17354,0,20000,45,0
12407,2,2,134773,10500,160000,33,0
12417,2,2,11480,0,60000,27,0
12424,2,2,81319,0,110000,25,0
12431,2,4,1650,0,20000,24,0
12433,2,4,1650,0,20000,24,0
12451,2,2,35326,0,40000,24,1
12482,2,2,49683,0,80000,26,0
12497,2,2,411,0,60000,31,0
12498,2,2,155355,10000,200000,34,1
12501,2,2,32255,1300,70000,38,0
12503,2,2,61034,39,400000,27,0
12508,2,2,55735,2000,80000,24,1
12512,2,2,8433,408,150000,23,1
12520,2,2,96975,5450,100000,27,0
12523,2,2,29542,1445,20000,48,0
12533,2,2,32455,628,50000,29,0
12536,2,2,9790,1000,20000,28,1
12547,2,2,52966,0,90000,27,0
12589,2,2,32859,1112,30000,44,0
12593,2,2,26547,2000,70000,27,0
12623,2,2,149758,0,170000,37,1
12674,2,2,294527,19000,430000,42,0
12677,2,2,27381,2500,200000,36,1
12686,2,2,87817,3499,130000,52,0
12716,2,2,200988,20000,250000,35,0
12724,2,2,64440,2500,70000,27,0
12732,2,2,76790,3001,130000,36,0
12733,2,2,18438,0,70000,34,0
12746,2,4,40806,1500,50000,52,0
12761,2,2,50588,0,50000,30,0
12773,2,2,4152,0,70000,36,0
12775,2,2,22215,0,20000,23,0
12803,2,2,133107,15000,260000,53,0
12811,2,2,29561,0,50000,25,0
12812,2,5,71105,0,100000,54,1
12813,2,2,127571,900,130000,29,0
12819,2,2,28633,0,70000,25,1
12820,2,2,39618,0,50000,47,0
12823,2,2,141215,5507,140000,50,0
12825,2,7,2400,0,50000,36,0
12832,2,2,7192,1000,20000,24,1
12835,2,2,12156,9000,40000,26,0
12846,2,2,93965,0,90000,42,0
12877,2,5,22520,0,20000,28,0
12909,2,2,121795,0,120000,37,0
12913,2,2,48027,1751,50000,29,0
12931,2,2,32152,3200,50000,24,0
12937,2,2,209612,13000,220000,32,0
12947,2,2,129307,4012,140000,34,0
12953,2,2,33527,0,40000,23,0
12956,2,2,2500,0,280000,62,0
12967,2,4,384981,106,400000,40,0
12973,2,2,19836,900,30000,27,0
12980,2,2,68248,1800,70000,31,1
12991,2,2,60353,0,60000,36,0
12993,2,2,14480,1000,20000,22,0
12998,2,2,200,0,50000,30,0
13021,2,2,18542,1882,20000,56,0
13054,2,2,279146,10023,290000,40,1
13056,2,2,236309,9000,230000,29,0
13059,2,2,29737,0,50000,26,1
13068,2,2,27764,2000,50000,30,1
13084,2,2,10906,1000,20000,35,0
13101,2,2,6515,1500,60000,35,0
13152,2,2,142714,12000,180000,34,0
13189,2,2,57428,1900,300000,36,0
13210,2,2,9378,730,10000,24,1
13212,2,2,28712,1210,30000,23,0
13219,2,2,5277,600,20000,23,1
13222,2,2,44553,2000,50000,24,0
13232,2,7,2400,0,20000,23,0
13255,2,5,13369,0,20000,25,0
13259,2,2,191363,0,200000,55,0
13262,2,5,65016,0,60000,60,0
13263,2,2,29633,2400,40000,24,1
13290,2,2,201634,7500,230000,34,0
13291,2,2,9852,876,20000,41,1
13292,2,2,45527,4100,50000,22,0
13298,2,2,52584,2000,80000,36,0
13301,2,2,52684,0,100000,41,0
13314,2,2,27291,2123,30000,26,0
13341,2,2,291422,0,350000,47,0
13354,2,2,16183,2000,140000,29,1
13365,2,2,49672,2500,110000,23,1
13370,2,2,129369,0,150000,31,0
13397,2,2,12751,443,360000,32,1
13401,2,2,49231,1900,50000,32,0
13407,2,7,2400,0,10000,23,0
13418,2,2,15335,1400,50000,32,0
13422,2,2,74611,5900,100000,29,0
13425,2,2,125183,4230,70000,42,0
13441,2,2,36266,1350,40000,23,0
13445,2,2,220977,7700,320000,48,0
13466,2,2,31734,3000,140000,26,1
13468,2,2,7277,3000,230000,28,1
13469,2,2,12829,3000,100000,36,1
13479,2,2,17182,1000,30000,43,0
13480,2,2,175283,6500,390000,41,0
13489,2,2,63519,2000,80000,26,0
13501,2,2,47053,2000,140000,36,0
13529,2,2,16859,0,20000,31,0
13532,2,2,111037,3000,260000,39,1
13542,2,2,28761,1000,50000,49,1
13562,2,2,313988,23800,320000,46,0
13571,2,2,882,182,20000,45,1
13576,2,2,10433,400,40000,26,0
13598,2,2,9519,1000,30000,25,1
13606,2,2,35433,1500,50000,27,0
13620,2,2,51520,1800,80000,25,0
13624,2,3,3597,0,10000,23,0
13628,2,2,28933,880,30000,25,0
13636,2,5,22583,0,20000,36,0
13654,2,2,30949,1224,50000,36,0
13656,2,2,18134,0,30000,29,0
13675,2,2,14068,900,30000,35,0
13680,2,2,42048,0,60000,28,0
13696,2,3,20510,0,20000,29,0
13697,2,2,29454,2787,30000,49,0
13712,2,2,2500,0,200000,30,0
13713,2,5,19434,0,20000,40,0
13715,2,2,13055,1000,30000,54,0
13718,2,2,58957,2500,70000,30,0
13720,2,3,29048,1600,30000,27,0
13736,2,2,31239,1200,70000,36,1
13737,2,2,29383,0,30000,27,0
13739,2,2,27170,2500,30000,22,0
13740,2,7,2400,0,40000,43,0
13744,2,2,2497,0,260000,29,0
13745,2,2,30090,5000,100000,58,0
13779,2,2,25714,1200,30000,25,0
13781,2,2,10313,0,20000,34,1
13784,2,2,7720,778,10000,22,0
13786,2,2,34539,1400,240000,35,0
13790,2,2,5315,1000,50000,35,1
13792,2,2,14174,526,20000,22,0
13798,2,2,31976,1030,30000,33,0
13800,2,2,9282,1000,20000,24,1
13808,2,2,46730,1590,50000,26,0
13810,2,2,15173,1000,20000,23,0
13811,2,2,12595,2000,40000,47,0
13817,2,2,13656,3500,50000,23,0
13845,2,2,29687,1626,30000,25,1
13865,2,2,14883,850,20000,44,0
13877,2,2,8126,1000,10000,45,0
13898,2,2,48457,0,80000,54,0
13902,2,2,22949,0,40000,26,0
13905,2,2,28568,700,50000,26,0
13909,2,2,165604,6200,180000,28,0
13933,2,2,16134,1503,50000,27,0
13945,2,3,78800,0,90000,32,0
13950,2,2,10160,357,10000,30,0
13952,2,2,131858,0,130000,34,0
13957,2,2,13371,1500,70000,46,1
13958,2,2,15529,1400,20000,33,0
13961,2,2,92542,5550,120000,38,0
13967,2,7,2400,0,40000,55,0
13971,2,2,44800,1,50000,23,1
13988,2,2,48194,3000,50000,63,0
13992,2,2,203018,0,230000,46,0
13998,2,3,83772,1500,90000,31,0
14013,2,2,18035,1000,50000,39,1
14018,2,2,31208,0,50000,45,0
14022,2,2,32010,3000,200000,40,1
14026,2,2,45402,4000,50000,31,1
14031,2,2,47994,1500,50000,31,1
14043,2,2,25691,10000,110000,27,1
14063,2,2,11912,2000,30000,26,0
14072,2,2,9209,6000,100000,24,1
14075,2,2,64767,2000,90000,28,0
14082,2,2,84457,3100,80000,41,0
14085,2,2,79781,3000,200000,36,0
14091,2,2,52932,6000,470000,46,1
14092,2,2,17852,672,50000,29,0
14097,2,2,15023,0,20000,61,0
14109,2,2,30885,0,60000,23,1
14111,2,2,16043,595,120000,28,0
14145,2,2,78070,3000,500000,28,1
14207,2,2,19328,679,50000,46,1
14217,2,2,69836,3000,70000,38,1
14221,2,2,45573,4000,70000,42,0
14226,2,3,1050,0,50000,29,0
14245,2,7,2400,0,10000,50,0
14247,2,2,69299,2500,100000,26,1
14259,2,2,7218,700,50000,27,0
14273,2,2,57619,500,60000,49,0
14279,2,2,25193,1100,50000,33,1
14281,2,2,135551,2600,140000,38,0
14295,2,4,1650,0,20000,24,0
14299,2,2,29383,4000,30000,37,1
14304,2,3,18472,0,20000,27,1
14315,2,2,51246,2000,80000,60,0
14328,2,2,14952,1272,20000,26,0
14330,2,2,1150,0,20000,25,0
14331,2,2,12453,0,150000,46,0
14341,2,2,22124,1000,30000,28,0
14346,2,2,27591,1068,30000,28,0
14368,2,2,95972,4000,100000,51,0
14372,2,2,33500,5000,20000,39,0
14375,2,2,48818,1700,160000,42,0
14377,2,2,24337,0,30000,47,0
14379,2,2,44891,3500,50000,26,1
14393,2,2,9155,0,80000,41,0
14397,2,2,38022,3000,420000,40,1
14411,2,3,5808,0,10000,24,0
14419,2,3,19933,0,20000,40,0
14420,2,3,2217,0,440000,45,1
14425,2,2,120763,0,210000,27,1
14429,2,3,1050,0,30000,25,0
14440,2,3,28652,6000,50000,31,0
14447,2,2,69484,0,80000,39,1
14454,2,2,11,0,330000,28,0
14468,2,4,27912,0,60000,37,0
14472,2,2,90593,0,110000,28,0
14479,2,2,27808,4000,30000,23,1
14486,2,2,18169,1807,90000,27,0
14500,2,3,47669,1500,60000,24,0
14501,2,2,219111,7,240000,29,0
14504,2,2,10199,284,50000,23,1
14542,2,2,50778,3130,50000,31,0
14543,2,2,31542,1300,50000,38,1
14563,2,2,48905,0,240000,39,0
14567,2,2,177340,6800,200000,50,0
14569,2,2,68909,5065,80000,34,0
14570,2,2,5970,3100,20000,61,0
14582,2,2,22145,0,130000,47,0
14589,2,3,176439,0,280000,50,0
14615,2,6,142,0,10000,29,0
14624,2,2,27446,2300,30000,23,0
14631,2,2,10227,0,10000,23,0
14634,2,2,51518,108,50000,25,0
14638,2,2,7773,700,10000,52,1
14650,2,2,172226,6600,200000,33,0
14653,2,2,16098,0,30000,25,0
14683,2,2,49296,2,50000,25,0
14692,2,2,13729,1200,20000,28,0
14693,2,2,64363,0,170000,34,0
14696,2,2,30467,0,30000,59,0
14707,2,2,36258,3000,100000,34,0
14708,2,2,22820,900,30000,30,0
14709,2,2,60424,2500,80000,37,0
14718,2,2,20774,888,50000,32,1
14723,2,2,44013,1900,80000,30,0
14727,2,2,235368,10035,290000,35,1
14729,2,2,65413,2300,110000,30,0
14750,2,2,9119,29047,340000,29,1
14794,2,4,7388,0,20000,25,0
14796,2,2,9943,1200,10000,31,1
14797,2,2,44520,3500,50000,43,0
14806,2,2,17735,2000,20000,24,0
14810,2,2,57174,5000,130000,45,1
14811,2,2,10647,0,250000,44,0
14861,2,2,79620,0,80000,34,0
14862,2,7,2550,0,30000,24,0
14881,2,2,115736,4000,120000,32,0
14882,2,2,42805,1510,50000,34,0
14884,2,2,14185,0,20000,26,0
14892,2,7,2550,0,50000,29,0
14894,2,2,24584,0,70000,32,0
14913,2,2,207,3,330000,42,0
14915,2,2,200,0,30000,26,0
14923,2,2,9585,1000,20000,25,0
14933,2,2,11884,1203,20000,26,0
14951,2,2,2487,0,250000,51,0
14955,2,2,17903,0,20000,40,0
14973,2,4,1182,0,150000,28,1
14974,2,7,2395,0,30000,55,0
14977,2,2,27158,2518,30000,58,0
14981,2,2,30127,1000,30000,23,0
15009,2,2,23491,0,30000,43,0
15011,2,2,81017,2926,370000,33,1
15014,2,2,15695,1400,20000,40,0
15017,2,2,30277,1100,30000,42,0
15019,2,2,38006,7000,50000,41,1
15021,2,2,12358,0,70000,45,0
15031,2,2,64644,1500,150000,46,0
15033,2,2,11180,0,20000,46,0
15034,2,2,119000,5000,180000,36,0
15035,2,2,49483,1000,50000,39,1
15038,2,2,79244,0,100000,35,1
15043,2,2,1156,1172,230000,39,1
15063,2,2,71680,2800,100000,35,0
15111,2,2,780,0,20000,50,0
15112,2,2,21215,2638,50000,50,0
15118,2,2,49162,1275,50000,48,0
15120,2,2,12241,0,20000,56,0
15127,2,2,144119,2000,160000,50,0
15134,2,2,243589,7046,240000,54,1
15139,2,7,2395,0,30000,55,0
15141,2,2,49949,10600,50000,55,1
15155,2,2,25760,165,30000,21,1
15160,2,2,65107,1170,70000,22,0
15173,2,2,29305,1174,30000,23,1
15185,2,2,18366,1000,20000,25,0
15186,2,2,8830,13,30000,25,0
15188,2,2,316,316,160000,24,1
15191,2,7,300,0,30000,24,0
15194,2,2,112299,4000,110000,24,0
15202,2,2,24693,1000,50000,23,0
15203,2,2,740,73758,130000,26,1
15206,2,2,3759,16,160000,29,1
15207,2,2,24726,875,70000,29,1
15208,2,2,8113,1000,60000,27,0
15210,2,2,68201,3850,70000,27,0
15212,2,2,4254,800,60000,28,1
15226,2,3,87282,3300,90000,40,0
15227,2,2,115029,4294,130000,44,0
15229,2,2,87577,7000,130000,29,0
15234,2,2,84528,5000,100000,38,1
15237,2,2,22335,0,30000,26,0
15245,2,2,33531,1500,80000,37,1
15252,2,2,4722,5000,180000,28,0
15280,2,2,13656,1000,20000,46,0
15288,2,2,5150,1056,20000,28,0
15290,2,2,780,0,130000,48,1
15296,2,2,10337,0,30000,41,0
15307,2,2,145,0,60000,34,0
15308,2,2,63778,3000,140000,42,1
15309,2,2,17839,0,50000,43,0
15345,2,2,92742,3500,100000,32,1
15351,2,2,48033,3400,50000,37,0
15352,2,2,2313,1000,160000,44,1
15357,2,2,431200,9000,440000,33,1
15368,2,2,390,390,60000,38,0
15384,2,2,23936,0,20000,45,0
15407,2,2,42335,2000,50000,53,0
15428,2,2,2500,0,360000,30,0
15436,2,2,16168,500,20000,23,1
15446,2,2,49065,0,50000,25,0
15448,2,2,18521,700,20000,26,0
15470,2,2,43957,5000,120000,40,0
15491,2,2,2717,4733,20000,31,1
15496,2,2,7092,1000,30000,30,0
15498,2,2,56266,0,150000,34,0
15502,2,2,2932,6493,280000,34,1
15506,2,2,49038,1000,50000,29,0
15513,2,2,21291,0,30000,37,0
15522,2,2,300,0,360000,35,1
15525,2,2,78323,1904,80000,36,0
15527,2,2,884,0,140000,47,1
15537,2,2,32427,2700,50000,39,0
15565,2,2,2106,1000,180000,33,1
15571,2,2,66327,0,130000,40,0
15579,2,2,122242,5000,120000,50,1
15581,2,2,32459,3000,250000,52,0
15584,2,2,18759,683,20000,52,0
15586,2,2,77611,3000,500000,50,0
15600,2,2,34214,0,90000,56,1
15603,2,2,632,0,60000,24,0
15615,2,2,74656,1800,100000,30,0
15629,2,2,1073,1073,90000,37,1
15652,2,2,89804,3265,90000,39,0
15656,2,2,45000,1000,130000,37,1
15672,2,2,59769,3000,80000,31,1
15673,2,2,13263,0,30000,31,0
15674,2,2,380,380,200000,32,1
15700,2,2,19773,1000,20000,31,0
15708,2,2,1746,1746,370000,39,1
15725,2,2,140617,5000,140000,38,1
15741,2,2,138383,6000,140000,27,0
15753,2,2,200,29847,30000,22,0
15758,2,2,152452,0,80000,22,0
15760,2,2,15443,15571,130000,22,0
15761,2,2,13949,0,20000,22,1
15764,2,2,96332,3700,100000,23,0
15766,2,2,16808,1502,30000,22,0
15767,2,2,6977,242,10000,22,0
15775,2,2,53652,0,140000,24,0
15778,2,2,9987,0,10000,25,0
15779,2,2,12756,1259,20000,24,0
15789,2,2,29856,2304,30000,26,0
15793,2,2,14045,1000,30000,23,1
15809,2,2,75461,2800,100000,28,0
15811,2,2,9289,1000,10000,27,1
15823,2,2,19952,671,20000,26,1
15825,2,2,7849,0,80000,27,0
15827,2,2,45744,0,50000,27,0
15843,2,2,201358,7500,230000,28,1
15851,2,2,50794,4100,50000,28,0
15853,2,2,28364,2000,70000,27,0
15854,2,2,64522,0,60000,27,0
15856,2,2,115328,9200,150000,25,0
15857,2,2,18191,0,30000,27,0
15863,2,2,84044,3000,100000,29,1
15864,2,2,55081,2200,80000,29,0
15868,2,2,130540,0,110000,30,0
15872,2,2,21778,1000,30000,28,0
15887,2,2,780,0,130000,29,1
15889,2,2,70752,5200,80000,35,0
15896,2,2,20234,900,20000,29,1
15899,2,2,96190,1500,110000,25,0
15903,2,2,94454,0,200000,30,0
15910,2,2,40165,3200,50000,28,0
15923,2,2,49043,1000,80000,29,0
15925,2,2,42407,0,60000,31,0
15930,2,2,22771,1000,60000,32,0
15936,2,2,29243,2800,30000,25,0
15938,2,2,20977,2970,50000,26,0
15948,2,7,2400,0,30000,30,0
15958,2,2,128669,4800,200000,29,0
15960,2,2,62672,0,50000,34,1
15965,2,2,56847,1545,50000,39,0
15967,2,2,83153,1737,80000,38,1
15970,2,2,19946,0,20000,49,0
15973,2,2,28908,2400,30000,48,1
15981,2,2,23548,299,30000,37,0
15984,2,2,8400,0,50000,31,0
15988,2,2,31589,1300,50000,31,0
15991,2,2,108258,0,120000,30,1
15992,2,2,37698,1300,100000,32,0
15998,2,2,37516,0,50000,24,1
16001,2,7,2400,0,20000,44,0
16003,2,2,79076,1108,80000,34,0
16008,2,2,70467,2000,70000,22,0
16017,2,3,139701,0,140000,47,0
16030,2,2,2036,0,80000,39,1
16032,2,2,18397,700,20000,32,0
16034,2,2,107702,0,150000,43,1
16040,2,2,5000,0,200000,31,0
16043,2,2,2749,26965,30000,46,1
16045,2,2,12008,0,80000,26,1
16053,2,2,31236,0,30000,48,0
16061,2,2,28198,0,50000,47,0
16068,2,2,78103,3000,80000,31,0
16076,2,2,115127,3700,160000,38,0
16093,2,2,28100,0,40000,37,0
16096,2,2,59798,3009,140000,36,0
16098,2,2,20730,0,30000,42,0
16099,2,2,26206,1000,70000,46,0
16104,2,2,2510,400,10000,37,0
16106,2,2,88051,0,220000,46,1
16119,2,2,56202,1003,80000,41,1
16122,2,2,18772,685,20000,30,0
16127,2,2,11301,564,30000,37,0
16135,2,2,836,780,60000,28,1
16137,2,2,171669,5500,220000,37,0
16141,2,2,24007,0,120000,35,0
16142,2,2,74443,2900,120000,39,0
16151,2,2,8162,3000,200000,48,1
16154,2,2,9270,49920,120000,29,1
16158,2,2,26788,106,30000,46,0
16163,2,2,80250,600,80000,29,1
16164,2,2,20109,1000,20000,32,1
16178,2,2,28768,2230,50000,29,0
16210,2,2,19259,1044,20000,46,1
16212,2,2,20421,0,20000,34,0
16223,2,3,73690,0,80000,43,0
16224,2,2,31252,1900,50000,31,1
16227,2,2,69109,0,80000,34,0
16236,2,3,54426,0,70000,41,0
16247,2,2,39924,0,40000,38,0
16248,2,2,34495,1500,50000,38,1
16252,2,2,27481,2471,30000,25,0
16255,2,2,64714,0,80000,29,1
16259,2,2,106068,8077,110000,33,1
16260,2,2,32902,1059,60000,40,0
16261,2,2,38319,2000,40000,49,0
16273,2,2,9011,22,80000,42,1
16275,2,2,390,390,200000,31,1
16285,2,2,78715,1075,80000,34,0
16287,2,2,142163,4610,150000,34,0
16290,2,2,98311,3500,100000,41,0
16295,2,2,98566,3800,110000,44,0
16300,2,2,9327,332,10000,45,0
16310,2,2,43381,1400,100000,34,0
16326,2,3,15420,1000,20000,42,1
16329,2,2,22890,976,120000,37,1
16331,2,2,26065,2084,30000,45,0
16340,2,2,17272,1434,30000,43,0
16347,2,2,780,2079,70000,45,1
16348,2,2,154506,5000,220000,33,0
16351,2,2,46993,1694,50000,31,1
16375,2,2,20638,1000,80000,42,0
16377,2,2,11747,1100,30000,48,0
16380,2,2,29929,0,30000,46,0
16381,2,2,38240,0,90000,33,1
16390,2,2,36641,1326,90000,29,0
16401,2,2,11153,400,10000,44,0
16402,2,2,27149,1200,30000,36,1
16416,2,2,20136,2000,50000,36,0
16443,2,2,46615,2000,90000,50,1
16447,2,4,19435,0,20000,54,1
16452,2,2,16056,1600,30000,56,0
16454,2,2,25668,0,50000,55,1
16455,2,2,68506,3000,80000,56,0
16456,2,2,96606,6040,100000,52,0
16459,2,2,9111,1000,20000,54,0
16468,2,2,30701,2578,100000,50,1
16470,2,2,19762,1000,30000,53,0
16474,2,2,112290,0,110000,50,1
16475,2,2,15100,300,50000,51,1
16476,2,2,12043,2000,20000,56,0
16478,2,2,51293,0,80000,54,0
16488,2,2,20200,0,20000,21,1
16489,2,2,37453,760,100000,33,0
16490,2,3,1050,0,30000,22,0
16491,2,2,25809,0,30000,23,0
16498,2,2,19621,0,20000,26,0
16506,2,2,7545,1000,10000,22,0
16508,2,2,48962,1675,80000,24,1
16512,2,2,17542,800,20000,24,0
16513,2,2,13609,1300,100000,24,0
16515,2,4,20779,0,20000,24,0
16516,2,2,58194,1500,60000,24,0
16518,2,3,39125,1225,40000,24,0
16525,2,2,18766,2700,20000,28,1
16527,2,2,26184,0,30000,25,0
16536,2,2,41890,1700,50000,26,0
16543,2,2,4720,0,10000,27,0
16549,2,2,18397,2700,20000,30,0
16555,2,7,2300,0,10000,30,0
16559,2,4,1650,0,30000,27,0
16562,2,2,16607,0,120000,28,1
16567,2,2,13393,5000,20000,29,0
16572,2,2,6351,500,10000,25,0
16579,2,2,29845,1200,30000,29,0
16582,2,2,1800,0,20000,29,0
16593,2,2,36392,1500,70000,29,0
16594,2,2,150,0,20000,28,0
16595,2,2,9151,107,10000,28,1
16601,2,2,6416,1000,10000,29,1
16607,2,2,42421,1662,80000,32,1
16611,2,2,3603,604,360000,30,1
16620,2,2,119245,5000,320000,35,0
16625,2,2,87076,1837,420000,32,1
16626,2,2,33308,1300,50000,32,0
16633,2,2,3697,3703,220000,30,1
16638,2,3,10626,0,10000,30,1
16640,2,2,24372,2100,30000,48,1
16641,2,2,14936,1000,20000,31,0
16643,2,2,9304,2000,50000,33,0
16650,2,2,12601,1000,50000,46,0
16652,2,2,21321,930,30000,42,0
16663,2,2,161801,0,160000,28,0
16668,2,2,19966,0,20000,32,0
16675,2,2,16508,0,100000,48,0
16680,2,2,73079,4000,140000,32,0
16682,2,2,28444,1100,50000,41,0
16684,2,2,15428,0,20000,44,0
16687,2,2,19360,500,20000,41,0
16690,2,2,87157,3700,260000,46,0
16694,2,2,180382,7000,250000,35,0
16697,2,3,44763,1200,50000,44,0
16698,2,2,81467,0,80000,40,0
16700,2,2,198088,0,220000,47,0
16712,2,2,18828,0,20000,33,1
16730,2,2,36311,1500,50000,34,0
16733,2,2,245014,14288,240000,42,0
16741,2,2,14755,0,20000,41,1
16744,2,2,18243,2301,50000,39,0
16749,2,2,90352,3400,150000,36,0
16752,2,2,25470,1000,30000,35,0
16754,2,2,1261,1261,80000,36,0
16758,2,2,780,1560,80000,46,1
16763,2,2,14400,2000,50000,42,1
16769,2,2,150,0,50000,35,0
16772,2,2,167858,6127,190000,39,0
16775,2,2,18373,1000,20000,34,1
16782,2,2,17838,1000,60000,31,0
16789,2,7,2379,0,30000,37,0
16790,2,2,185541,7000,220000,39,0
16793,2,4,23961,0,30000,34,1
16799,2,2,9700,302,10000,41,0
16800,2,2,10657,1000,20000,47,0
16802,2,2,19088,0,20000,35,0
16813,2,2,78660,0,100000,40,0
16821,2,2,19627,600,20000,41,1
16823,2,2,11327,1000,20000,38,0
16827,2,2,15267,1000,20000,40,1
16833,2,2,19333,1000,20000,43,0
16834,2,2,10009,0,10000,45,0
16839,2,2,18483,0,30000,43,0
16840,2,2,3050,3700,230000,37,1
16848,2,2,54336,1700,100000,45,0
16850,2,2,121249,5000,150000,41,0
16854,2,4,600,0,80000,36,0
16857,2,2,123906,8000,150000,45,0
16859,2,2,61518,5000,160000,47,0
16868,2,2,3320,112679,400000,38,0
16870,2,3,15528,1500,20000,36,0
16875,2,2,129675,16,140000,48,0
16881,2,3,28786,0,50000,39,0
16890,2,2,38687,0,150000,37,0
16915,2,2,11595,1800,20000,50,0
16920,2,2,41774,0,50000,52,0
16926,2,3,27321,1000,30000,52,0
16933,2,7,2255,0,20000,53,0
16938,2,2,20329,0,20000,59,0
16943,2,2,28085,0,30000,57,1
16950,2,2,11772,1000,50000,58,0
16954,2,2,16668,0,20000,57,1
16957,2,3,207226,0,270000,50,0
16961,2,2,46424,0,50000,48,0
16964,2,2,58792,2400,110000,54,0
16968,2,2,6210,0,130000,57,0
16971,2,2,56952,600,30000,54,0
16975,2,2,41140,1655,60000,29,0
16978,2,2,29281,0,30000,30,0
16989,2,2,9699,0,10000,21,1
16991,2,2,31857,0,50000,22,0
16992,2,2,41318,0,50000,22,0
16996,2,2,14124,48,30000,23,0
17005,2,3,21520,648,50000,22,0
17009,2,2,47867,4300,50000,24,0
17018,2,2,38026,0,40000,24,1
17031,2,2,37395,1302,50000,22,0
17032,2,2,42877,3850,50000,23,0
17034,2,7,2400,0,10000,23,0
17040,2,2,97983,7300,100000,24,0
17044,2,2,49470,1,50000,26,0
17049,2,2,35284,0,60000,24,0
17050,2,2,36558,2000,60000,25,1
17056,2,2,44316,1900,50000,22,0
17064,2,2,29274,16,30000,23,1
17071,2,2,135715,10302,250000,26,1
17077,2,2,89576,3400,100000,24,0
17078,2,2,106420,8000,140000,24,0
17084,2,2,29505,1100,50000,25,0
17086,2,2,10277,0,10000,22,0
17087,2,3,28632,2500,30000,23,0
17088,2,2,28790,0,30000,23,0
17092,2,2,18676,0,30000,25,0
17101,2,2,150,0,60000,24,0
17122,2,2,28203,1600,30000,27,0
17129,2,2,48977,345,50000,24,1
17130,2,2,26700,1100,80000,24,0
17138,2,2,5040,500,20000,25,1
17140,2,2,46566,0,50000,25,0
17141,2,2,36200,1500,50000,25,0
17143,2,4,38640,0,80000,26,0
17149,2,2,22538,400,50000,27,0
17154,2,2,85188,4200,90000,27,0
17156,2,2,11485,0,30000,26,0
17188,2,2,44784,0,70000,29,1
17189,2,3,12888,0,20000,31,0
17191,2,2,60013,0,80000,29,0
17204,2,2,49086,0,50000,29,0
17206,2,2,47900,4000,170000,28,1
17208,2,2,34806,1500,50000,27,0
17209,2,2,12590,3023,50000,28,0
17213,2,2,4364,44,50000,30,1
17219,2,2,21529,3000,30000,23,0
17220,2,2,45943,1742,80000,25,0
17225,2,2,15133,1000,20000,22,1
17231,2,2,99898,3100,100000,39,0
17232,2,2,77848,2788,80000,33,0
17233,2,2,9328,2395,10000,46,0
17236,2,2,24510,1000,40000,39,0
17240,2,7,2400,0,10000,41,0
17245,2,3,47897,2000,50000,36,0
17248,2,2,2500,0,360000,31,0
17249,2,2,16930,1381,20000,38,0
17256,2,2,21168,1000,60000,47,0
17269,2,2,15860,582,50000,33,0
17279,2,2,46320,0,50000,34,0
17282,2,2,16457,4750,20000,39,1
17295,2,2,30496,3,30000,31,0
17304,2,2,19722,830,20000,37,1
17319,2,3,103478,4600,120000,25,0
17320,2,2,146531,0,200000,25,0
17325,2,3,75841,0,150000,32,0
17329,2,2,28256,1177,30000,39,1
17339,2,2,779,567,30000,30,1
17340,2,2,30647,0,30000,31,1
17352,2,2,12978,1200,20000,43,0
17359,2,2,29347,2300,120000,42,0
17364,2,2,51969,0,50000,36,0
17369,2,2,70832,8000,140000,27,1
17375,2,2,47086,503,50000,46,0
17380,2,2,16340,0,30000,28,1
17387,2,2,17708,1000,20000,48,0
17389,2,2,79725,3500,130000,44,1
17394,2,2,46927,1900,100000,46,0
17396,2,2,76613,3100,80000,29,0
17403,2,3,116,10040,50000,46,1
17404,2,2,65250,2054,70000,41,1
17414,2,2,17302,800,30000,47,0
17415,2,2,255,5425,230000,47,1
17422,2,2,1397,1600,190000,31,1
17427,2,2,28981,1000,30000,39,1
17432,2,2,8560,0,20000,31,0
17447,2,2,24022,1608,30000,43,0
17450,2,2,58950,0,100000,43,1
17474,2,2,3306,300,10000,46,1
17484,2,2,48532,1200,50000,32,0
17485,2,2,58310,358,120000,39,0
17486,2,2,25473,1100,50000,41,0
17512,2,2,28919,1500,30000,31,1
17513,2,2,26127,1000,40000,33,0
17517,2,2,28596,2000,90000,32,0
17520,2,3,16082,0,20000,33,0
17526,2,2,28945,0,110000,41,0
17534,2,2,20550,1000,50000,43,0
17540,2,2,30908,600,30000,47,0
17541,2,2,35007,0,100000,36,0
17545,2,2,9154,1000,20000,35,1
17559,2,2,16625,1400,30000,45,0
17562,2,2,49276,0,50000,35,0
17586,2,2,16677,0,20000,39,0
17588,2,2,23275,1000,70000,38,0
17592,2,2,19461,800,20000,43,0
17606,2,2,49759,2000,50000,43,1
17615,2,2,43018,2000,80000,30,0
17620,2,2,127336,1500,180000,33,0
17623,2,2,29183,11,30000,31,0
17625,2,2,33230,103,180000,32,0
17627,2,2,92077,3500,130000,29,1
17635,2,2,64876,2000,80000,30,0
17650,2,2,129956,4502,130000,47,0
17654,2,2,9505,0,10000,46,0
17657,2,2,18536,0,20000,44,0
17660,2,3,28605,0,30000,44,0
17662,2,2,11186,0,290000,49,1
17668,2,2,100090,4000,100000,30,0
17688,2,2,56530,0,70000,35,0
17694,2,2,9979,515,20000,42,0
17698,2,2,50291,1500,60000,41,1
17703,2,2,6772,0,60000,35,0
17712,2,2,194930,5000,220000,36,1
17713,2,2,17857,2700,90000,44,0
17715,2,2,600,0,10000,50,0
17719,2,2,2224,150,220000,51,1
17720,2,2,579,0,240000,50,1
17725,2,2,28000,24682,30000,50,0
17729,2,2,50484,1000,50000,51,0
17735,2,2,74891,5000,290000,58,0
17738,2,2,7502,274,40000,53,0
17747,2,2,13531,0,30000,58,0
17748,2,2,28842,0,30000,54,0
17750,2,2,4148,500,10000,52,0
17757,2,7,2400,0,10000,51,0
17764,2,2,25890,0,30000,56,0
17777,2,2,2722,0,160000,53,1
17779,2,5,59595,0,60000,59,0
17781,2,2,2234,2300,100000,60,0
17786,2,2,314524,10654,310000,62,0
17788,2,2,27648,1013,50000,64,0
17802,2,2,28635,2250,30000,23,0
17807,2,2,24031,1949,30000,35,1
17809,2,3,1050,0,10000,24,0
17811,2,2,24613,0,50000,24,0
17812,2,2,10526,1000,20000,22,1
17813,2,2,8658,900,10000,22,0
17832,2,2,7088,500,50000,24,1
17833,2,2,29192,1100,30000,24,0
17837,2,2,105325,0,110000,24,0
17843,2,2,18327,0,20000,24,0
17847,2,2,162228,6700,200000,26,0
17852,2,2,17322,0,20000,26,0
17863,2,7,2400,0,10000,26,0
17864,2,2,15424,0,30000,26,0
17872,2,2,28738,0,70000,28,0
17875,2,7,2400,0,30000,30,0
17879,2,2,12210,500,50000,28,1
17904,2,4,400,0,50000,29,0
17909,2,2,70117,3000,130000,34,0
17910,2,2,18015,0,20000,25,0
17916,2,2,40796,1700,50000,32,0
17919,2,2,91981,0,120000,33,0
17922,2,2,90018,3500,100000,29,0
17925,2,2,28184,1300,40000,44,0
17927,2,3,1050,0,10000,40,0
17931,2,2,16100,2000,20000,31,1
17941,2,2,44350,3697,70000,44,0
17945,2,2,11905,0,120000,42,0
17951,2,2,92368,12000,200000,43,0
17960,2,2,67647,6000,80000,33,0
17961,2,2,16258,0,120000,34,1
17967,2,2,8505,1000,20000,31,0
17969,2,2,2857,84000,450000,34,1
17974,2,2,23661,0,30000,33,0
17989,2,2,45694,1000,50000,48,0
18000,2,2,14642,1000,30000,36,0
18004,2,7,38922,0,70000,33,0
18006,2,2,31776,1500,90000,39,0
18013,2,3,64477,2600,110000,30,1
18015,2,2,118593,3500,140000,31,0
18017,2,2,14418,0,20000,40,1
18020,2,2,131444,5327,130000,48,0
18034,2,2,214343,7500,280000,32,0
18039,2,2,52727,0,400000,39,0
18040,2,3,28961,1200,30000,45,0
18058,2,2,8276,500,50000,35,0
18059,2,2,50306,0,50000,37,0
18063,2,2,21363,0,50000,31,0
18067,2,2,77224,0,100000,38,0
18072,2,2,50737,3000,60000,36,0
18073,2,2,5819,0,10000,29,0
18074,2,2,84368,2600,110000,34,0
18095,2,3,1050,0,20000,42,0
18097,2,2,1400,0,250000,41,0
18099,2,2,48697,1900,50000,41,0
18100,2,2,23930,5288,30000,39,0
18102,2,2,164199,13000,200000,40,0
18108,2,2,22483,104,420000,36,1
18110,2,2,45636,1800,120000,43,0
18117,2,2,7603,0,60000,42,0
18118,2,2,145476,4575,200000,42,1
18123,2,2,56329,2500,150000,33,0
18131,2,2,51752,200,90000,36,1
18134,2,2,1333,302,280000,36,1
18136,2,3,1050,0,10000,46,0
18138,2,2,44607,2000,100000,33,1
18143,2,2,12000,9427,300000,32,0
18159,2,2,90687,3900,210000,41,0
18163,2,2,100,499,260000,32,1
18170,2,2,24404,1500,60000,38,0
18178,2,2,4419,0,100000,44,1
18187,2,2,154879,6000,300000,35,1
18191,2,2,28806,10000,20000,36,1
18193,2,2,38512,0,70000,39,0
18199,2,2,11987,0,20000,40,0
18216,2,2,115045,14000,200000,50,0
18221,2,3,8854,0,10000,50,1
18222,2,2,18497,454,20000,49,0
18226,2,2,9546,503,80000,53,0
18228,2,2,52193,4212,100000,56,0
18229,2,2,16668,1586,20000,62,0
18230,2,3,38233,0,50000,54,0
18232,2,2,139896,5341,140000,50,1
18239,2,2,30946,1700,80000,52,0
18241,2,2,10000,0,10000,51,1
18242,2,2,21087,2000,190000,50,0
18243,2,2,132505,0,160000,51,1
18244,2,2,17326,400,20000,49,0
18253,2,2,5790,0,100000,60,0
18257,2,2,9069,1000,10000,54,0
18260,2,2,16893,4726,20000,61,0
18274,2,2,33723,2000,70000,47,1
18278,2,2,38808,1600,180000,58,0
18279,2,2,47304,1500,170000,59,0
18285,2,2,8244,0,10000,54,1
18307,2,2,2205,0,230000,30,1
18315,2,2,20129,0,20000,31,0
18328,2,2,13463,0,20000,28,1
18337,2,2,12048,2000,50000,22,1
18352,2,2,7798,441,20000,22,0
18358,2,2,16471,0,20000,22,0
18369,2,2,28835,2297,30000,22,1
18370,2,2,18908,2300,30000,22,0
18374,2,2,2173,0,80000,23,1
18376,2,2,30805,1600,60000,23,0
18382,2,2,23012,3500,30000,28,0
18383,2,2,1560,0,50000,22,1
18394,2,2,12986,700,90000,24,0
18396,2,2,3891,1000,60000,24,1
18397,2,2,20285,0,20000,24,0
18403,2,2,20935,420,50000,23,1
18420,2,2,31247,0,30000,22,0
18426,2,2,62816,2300,70000,23,0
18433,2,2,278964,9600,250000,27,0
18438,2,2,14647,600,30000,26,0
18445,2,2,19961,0,20000,26,0
18451,2,2,764,13,100000,26,0
18463,2,2,28914,1200,30000,24,1
18468,2,2,28289,1011,30000,27,1
18479,2,2,17963,6,20000,25,0
18486,2,2,133747,5105,130000,26,1
18509,2,2,8471,173,80000,24,1
18513,2,2,20400,0,20000,25,0
18519,2,2,29089,200,40000,26,0
18526,2,2,30940,1300,70000,22,1
18540,2,2,11207,511,20000,25,0
18577,2,2,94480,3000,110000,24,0
18581,2,2,27808,1155,30000,24,0
18610,2,2,47750,4000,80000,25,0
18616,2,2,96011,3004,210000,26,1
18619,2,2,29727,700,30000,26,1
18623,2,2,43751,2000,50000,27,0
18626,2,2,32577,2600,50000,26,0
18629,2,2,51159,4308,190000,26,0
18640,2,2,38369,5300,70000,25,0
18643,2,2,89866,1527,90000,26,1
18644,2,2,2500,0,200000,27,1
18646,2,2,78795,2800,80000,27,1
18655,2,2,4339,0,20000,27,1
18656,2,2,53826,2200,90000,26,0
18657,2,2,91431,3800,90000,26,0
18658,2,2,80280,0,80000,27,0
18659,2,2,32173,3000,40000,28,0
18661,2,2,84806,3300,150000,25,1
18680,2,2,8398,2500,230000,30,0
18685,2,2,11204,2000,70000,28,1
18688,2,2,53059,0,60000,28,0
18695,2,2,59123,0,150000,26,0
18701,2,2,41592,0,70000,25,0
18704,2,2,13843,2000,30000,27,0
18711,2,2,136542,10000,130000,30,1
18726,2,2,101123,0,140000,28,0
18735,2,2,29187,2300,50000,25,1
18736,2,2,54484,5500,70000,25,0
18748,2,2,15844,0,130000,25,0
18749,2,2,45734,3200,60000,26,0
18758,2,2,155152,0,160000,30,0
18767,2,2,233,20,230000,28,1
18774,2,2,22765,900,50000,27,0
18782,2,2,12585,45031,200000,30,0
18796,2,2,20400,0,80000,29,1
18800,2,2,330,990,150000,25,1
18827,2,3,14163,0,80000,24,0
18837,2,2,18271,961,120000,25,1
18841,2,2,6214,1000,190000,27,0
18852,2,3,26361,1200,30000,30,0
18854,2,2,74420,3000,80000,26,1
18868,2,5,185559,0,180000,28,0
18870,2,2,6651,1000,50000,28,0
18893,2,2,176111,13000,200000,28,0
18895,2,2,14852,10000,270000,27,1
18900,2,2,8062,200,180000,28,0
18901,2,2,87862,3000,150000,27,1
18903,2,2,836,836,50000,28,1
18911,2,4,600,0,110000,29,0
18914,2,2,45849,3500,50000,28,0
18919,2,2,166163,6500,190000,28,0
18926,2,2,26551,4400,30000,29,0
18936,2,2,43611,900,50000,34,1
18937,2,2,60919,3779,60000,28,0
18939,2,2,43238,3500,50000,28,1
18945,2,2,38259,5415,200000,30,1
18952,2,2,9729,0,40000,23,0
18958,2,2,122331,5000,140000,28,0
18962,2,2,67443,0,100000,29,0
18964,2,2,2886,0,80000,29,1
18988,2,2,188243,7000,200000,30,0
18989,2,2,98611,4700,100000,30,0
18992,2,2,68981,2500,70000,32,0
19000,2,2,78789,0,70000,29,0
19002,2,2,653,0,200000,27,1
19022,2,2,45785,0,60000,34,0
19033,2,2,28000,2524,30000,34,0
19036,2,2,26889,0,50000,41,0
19040,2,2,15593,564,30000,26,0
19050,2,4,105252,0,100000,30,0
19053,2,2,18499,3000,20000,26,0
19056,2,2,54200,0,70000,35,0
19057,2,2,29918,1148,30000,38,0
19059,2,2,36782,1200,50000,25,1
19070,2,2,28694,0,30000,35,0
19078,2,2,42997,0,90000,40,0
19092,2,2,43335,1900,50000,31,0
19101,2,2,8913,0,20000,28,0
19105,2,2,15819,0,30000,39,1
19116,2,2,4789,6,30000,36,1
19118,2,2,12380,0,20000,44,1
19131,2,2,20559,0,90000,30,0
19146,2,2,67467,0,100000,40,0
19168,2,2,55424,2000,200000,33,0
19179,2,2,98680,3605,180000,41,0
19195,2,2,354443,13000,380000,33,0
19201,2,2,16109,4000,20000,46,0
19205,2,2,19928,1000,20000,24,1
19207,2,2,26897,1500,30000,25,0
19215,2,4,117613,8000,150000,34,0
19244,2,2,30448,904,60000,47,1
19247,2,2,37706,1369,100000,38,0
19249,2,2,1375,3338,220000,36,1
19250,2,2,150,0,220000,38,0
19259,2,2,23510,2000,30000,33,0
19261,2,2,122209,5954,250000,29,0
19265,2,2,33163,0,70000,47,0
19271,2,2,28736,0,30000,43,0
19279,2,2,576,18611,50000,39,0
19290,2,2,3830,3160,410000,42,1
19301,2,2,592,864,170000,39,1
19305,2,2,3029,0,230000,31,1
19316,2,7,150,0,110000,41,0
19318,2,2,21578,0,50000,44,0
19323,2,4,67850,0,60000,38,0
19344,2,2,151841,5469,250000,34,1
19345,2,2,16062,0,20000,48,0
19352,2,2,63871,0,120000,40,0
19355,2,2,20613,1000,30000,39,1
19369,2,2,10656,1000,20000,39,0
19382,2,2,20042,1000,90000,37,0
19384,2,2,10816,1000,90000,47,0
19386,2,2,3455,0,180000,29,0
19387,2,2,25805,1003,30000,30,0
19390,2,2,45624,1153,50000,37,1
19402,2,2,631,1004,230000,36,1
19413,2,3,41067,0,60000,27,1
19426,2,2,91317,7200,190000,34,1
19429,2,2,2780,0,200000,28,1
19441,2,2,36446,5200,150000,42,1
19448,2,2,35740,0,80000,28,1
19461,2,2,71977,0,70000,33,0
19472,2,2,17752,0,180000,32,0
19482,2,2,8803,467,50000,38,1
19489,2,2,106317,1240,150000,37,0
19490,2,2,141674,8500,180000,42,0
19496,2,2,7480,22880,220000,43,1
19521,2,2,24422,0,30000,35,0
19529,2,2,4887,6702,150000,38,1
19534,2,2,10583,0,40000,43,0
19546,2,2,101473,3770,160000,28,0
19552,2,2,1170,0,30000,46,1
19574,2,2,74782,1693,80000,46,1
19578,2,2,56804,2200,80000,45,0
19588,2,2,16456,600,40000,30,0
19596,2,2,300873,0,430000,42,0
19597,2,2,32346,5000,100000,32,1
19606,2,2,168074,3400,180000,31,1
19636,2,2,7900,17161,310000,42,1
19640,2,3,80662,2000,90000,31,0
19650,2,2,126564,0,180000,33,0
19661,2,2,19874,400,20000,44,0
19662,2,2,390,780,120000,39,1
19666,2,2,174330,8000,220000,40,1
19684,2,2,1107,17000,80000,46,1
19686,2,2,14008,1000,50000,38,1
19698,2,2,67373,2500,120000,38,0
19708,2,2,23557,850,40000,24,0
19712,2,2,5807,0,220000,29,0
19727,2,2,138886,5000,300000,30,0
19740,2,2,54371,613,50000,46,0
19761,2,2,1958,805,200000,34,1
19771,2,2,14542,1527,30000,37,0
19776,2,2,8394,0,110000,42,1
19783,2,2,14999,1000,50000,37,0
19794,2,2,19077,2,60000,42,0
19799,2,2,18674,3000,70000,32,0
19810,2,2,14369,1200,30000,47,0
19815,2,2,94316,2065,100000,45,0
19819,2,2,27098,3519,30000,42,1
19830,2,2,32193,1000,30000,48,1
19832,2,2,79795,2000,80000,36,0
19840,2,2,21951,1000,50000,49,0
19844,2,2,108089,3500,120000,35,0
19866,2,2,10099,1209,100000,33,0
19873,2,2,40255,1700,40000,38,1
19874,2,2,115640,5000,500000,46,0
19888,2,2,17382,1000,20000,47,1
19901,2,2,390,780,200000,42,1
19934,2,2,349,2825,150000,45,1
19936,2,2,420,560,50000,31,0
19960,2,2,20202,780,20000,45,1
19964,2,2,2375,9,180000,41,0
19983,2,2,5000,0,300000,47,0
19989,2,2,37332,3000,50000,42,1
20022,2,2,204,0,20000,31,0
20079,2,2,1900,0,160000,35,0
20095,2,2,47912,1800,80000,33,0
20141,2,2,10999,1800,50000,35,0
20147,2,2,24348,566,50000,42,0
20148,2,2,203,0,100000,46,1
20149,2,2,50767,1721,50000,36,0
20156,2,2,1195,45000,200000,38,1
20164,2,2,18300,0,50000,42,0
20172,2,2,24372,1000,120000,39,1
20173,2,2,331,0,360000,42,0
20217,2,2,390,7531,280000,53,0
20221,2,2,12924,700,100000,52,0
20255,2,7,2400,0,350000,52,0
20264,2,2,8874,1000,20000,51,1
20267,2,2,11227,1000,20000,58,0
20268,2,2,53133,2000,80000,55,1
20273,2,2,91943,3500,190000,48,0
20280,2,2,1663,0,280000,50,1
20282,2,2,24506,900,30000,50,0
20283,2,2,41316,1662,50000,50,0
20285,2,2,30561,0,40000,55,0
20290,2,2,10284,3829,210000,51,1
20299,2,2,21594,8000,200000,53,1
20307,2,2,13580,600,30000,56,1
20308,2,2,113926,8800,130000,53,0
20336,2,2,91745,0,90000,54,0
20339,2,2,41670,1500,50000,58,0
20347,2,2,58232,5000,60000,66,0
20360,2,2,20663,0,20000,22,0
20365,2,2,14598,0,20000,22,0
20368,2,3,13102,0,20000,23,0
20374,2,2,8520,174,10000,22,0
20379,2,2,6339,300,20000,23,0
20380,2,2,20394,0,20000,24,0
20396,2,2,19451,1000,20000,22,0
20416,2,3,13746,0,20000,25,0
20421,2,2,3174,0,40000,25,1
20425,2,2,154522,6000,200000,27,0
20428,2,2,150,0,20000,26,0
20438,2,2,27080,3900,30000,22,0
20440,2,2,177641,6500,80000,24,0
20441,2,2,33311,2800,50000,26,0
20447,2,2,24336,886,90000,25,0
20465,2,2,176048,0,150000,26,0
20473,2,2,72199,5637,80000,34,0
20481,2,2,17749,1448,50000,28,1
20482,2,2,12266,286,20000,26,1
20491,2,2,397,1026,210000,27,1
20497,2,2,129953,10000,140000,26,0
20511,2,2,28510,2000,30000,27,1
20524,2,2,38452,1900,60000,29,0
20526,2,2,71631,0,90000,30,0
20546,2,2,18864,2125,20000,30,0
20556,2,2,23511,1200,60000,28,0
20560,2,3,11448,0,20000,26,0
20562,2,2,942,492,180000,28,0
20567,2,2,13233,650,80000,29,1
20578,2,2,400,20334,310000,29,0
20581,2,2,18124,9,500000,30,0
20582,2,2,80989,3120,120000,30,0
20597,2,2,115896,0,200000,32,0
20606,2,2,192260,0,200000,30,0
20633,2,2,8464,2000,260000,30,1
20638,2,2,13418,451,50000,31,0
20640,2,2,191134,7000,260000,37,0
20652,2,4,27120,0,30000,22,0
20653,2,2,9912,1700,30000,27,0
20660,2,2,64877,2600,330000,32,0
20664,2,2,10000,0,20000,44,0
20669,2,2,48458,0,60000,30,0
20673,2,2,41105,4000,100000,32,1
20674,2,3,20581,0,20000,35,1
20676,2,2,12602,700,20000,31,0
20685,2,2,38214,0,50000,29,0
20688,2,2,130864,4500,180000,28,0
20696,2,2,54515,2000,50000,34,0
20702,2,2,27504,1000,30000,33,0
20704,2,2,58419,0,120000,35,1
20710,2,2,55084,2500,70000,44,0
20711,2,2,3416,3416,560000,49,0
20722,2,7,2400,0,20000,37,0
20725,2,2,263144,16002,270000,38,0
20728,2,3,26645,0,30000,36,0
20733,2,2,10218,4500,120000,45,1
20734,2,2,29784,2000,50000,41,0
20738,2,2,19167,0,20000,24,0
20739,2,2,29397,0,30000,30,0
20755,2,3,17386,0,20000,40,0
20757,2,3,31698,2700,40000,46,0
20771,2,2,49974,1170,50000,34,0
20782,2,2,169878,5759,240000,33,1
20794,2,2,780,0,20000,34,1
20809,2,2,38683,0,160000,39,1
20834,2,2,13678,1500,20000,47,1
20851,2,2,5552,2614,200000,33,1
20853,2,2,47198,3528,50000,32,0
20867,2,2,52312,2100,60000,32,0
20868,2,2,19743,0,170000,35,0
20871,2,3,193046,6100,200000,31,0
20874,2,2,61305,3000,200000,33,1
20881,2,2,1200,0,150000,34,1
20882,2,2,93231,3500,110000,30,0
20884,2,2,4998,0,100000,41,0
20893,2,2,572805,0,550000,35,0
20903,2,7,2443,0,200000,28,0
20904,2,7,250,0,20000,48,0
20907,2,2,159386,6500,190000,40,0
20921,2,2,117088,8008,500000,39,1
20925,2,2,2790,1000,20000,45,0
20927,2,2,192578,7200,340000,39,0
20933,2,2,74175,0,130000,39,0
20938,2,2,33892,792,280000,49,1
20958,2,2,47098,0,50000,33,0
20964,2,2,128646,3512,130000,36,0
20968,2,2,148309,5000,150000,38,0
20973,2,2,17333,1000,20000,48,1
20974,2,2,1134,1200,50000,45,1
20987,2,2,18241,800,30000,45,0
20988,2,2,12769,6314,170000,29,1
20991,2,2,347813,0,180000,31,0
20992,2,2,78564,218,210000,38,0
20993,2,2,299739,11000,460000,44,0
20997,2,2,187053,0,230000,38,0
21013,2,2,2500,0,200000,43,0
21034,2,2,18653,1702,20000,36,0
21047,2,2,33,0,230000,34,1
21049,2,2,2430,1,100000,38,1
21051,2,2,22402,10026,50000,42,0
21053,2,2,63090,3000,70000,37,0
21057,2,2,26839,0,100000,34,0
21058,2,2,103928,0,160000,38,0
21060,2,2,142216,5193,220000,34,0
21077,2,2,200300,7500,230000,46,0
21083,2,2,98041,5000,140000,44,1
21098,2,2,177895,6600,200000,42,0
21106,2,2,13914,436,30000,45,0
21147,2,2,23237,0,30000,35,1
21170,2,2,23778,1000,150000,49,1
21176,2,2,24476,3000,40000,33,0
21182,2,2,22096,1000,50000,36,0
21186,2,2,60962,1900,70000,30,1
21199,2,3,300,0,130000,31,0
21202,2,3,20795,0,20000,30,0
21207,2,2,11482,1000,70000,44,0
21218,2,2,71640,3000,50000,37,0
21221,2,2,976,563,200000,41,0
21222,2,2,70526,3000,80000,38,0
21225,2,2,40985,0,40000,47,0
21245,2,2,2765,6049,250000,44,1
21247,2,2,29504,1300,100000,37,0
21248,2,2,3042,2500,350000,35,1
21266,2,2,16916,1500,20000,50,0
21269,2,2,57800,2100,110000,52,1
21274,2,2,43924,1800,70000,50,0
21276,2,2,105280,4100,120000,53,0
21290,2,2,6302,1000,20000,59,0
21309,2,2,10404,2300,20000,55,1
21318,2,3,98496,3700,150000,55,0
21322,2,2,260434,9500,300000,50,0
21331,2,2,85652,1167,50000,52,0
21335,2,2,5206,990,410000,54,1
21343,2,2,15744,1100,150000,57,0
21349,2,2,2,0,70000,67,1
21352,2,2,149574,5411,200000,60,1
21363,2,2,17680,1500,20000,56,0
21369,2,2,21243,846,50000,53,1
21375,2,2,1154,0,50000,58,1
21377,2,2,14675,700,20000,55,0
21381,2,2,36411,1268,50000,54,0
21391,2,2,190545,7033,190000,67,0
21393,2,2,26780,1100,150000,54,0
21402,2,2,86910,3300,120000,59,0
21411,2,2,19424,0,30000,24,0
21419,2,2,26981,2400,60000,27,0
21429,2,2,28406,1200,160000,35,1
21442,2,2,34236,1300,120000,51,1
21448,2,2,344,0,200000,28,0
21450,2,2,46528,2000,70000,27,0
21463,2,2,22939,0,30000,29,0
21471,2,2,38517,1000,50000,26,0
21481,2,3,20686,0,20000,24,0
21493,2,2,441,3456,160000,28,1
21498,2,2,49425,1199,50000,25,0
21501,2,2,43481,1026,160000,39,0
21508,2,2,20334,458,20000,22,0
21510,2,4,33971,0,30000,23,0
21517,2,2,59175,2511,60000,26,0
21518,2,2,316,632,90000,48,1
21524,2,2,17846,1000,20000,22,0
21531,2,2,39686,2501,60000,22,0
21533,2,3,7889,0,10000,23,0
21535,2,2,18700,0,50000,23,1
21537,2,2,14380,551,30000,22,0
21540,2,2,14659,524,20000,22,0
21544,2,2,3300,0,130000,24,1
21549,2,2,27915,0,30000,22,0
21551,2,2,11151,600,20000,24,1
21565,2,2,70556,5260,80000,23,0
21573,2,2,17867,701,20000,22,0
21583,2,4,1650,0,20000,22,0
21593,2,2,299,0,130000,22,1
21600,2,2,28591,1300,50000,22,0
21625,2,2,2748,12351,20000,24,0
21635,2,2,27038,1000,50000,23,1
21636,2,2,23092,2100,80000,23,0
21640,2,2,10456,1000,50000,24,0
21648,2,2,71692,0,70000,25,0
21652,2,2,7807,615,10000,26,0
21668,2,2,322,0,20000,24,0
21677,2,2,48133,1700,50000,23,1
21691,2,2,36824,1290,40000,25,1
21709,2,2,31053,0,230000,23,0
21716,2,2,27926,0,30000,24,0
21741,2,2,44187,1500,50000,24,0
21763,2,2,670,0,130000,24,1
21790,2,2,80175,300,220000,26,0
21801,2,2,43582,2000,50000,25,0
21803,2,2,2699,1853,80000,24,1
21812,2,2,20881,0,20000,24,0
21823,2,2,1650,0,180000,26,1
21841,2,2,18708,1000,50000,24,0
21848,2,2,30908,0,50000,26,1
21869,2,2,98,0,130000,27,1
21892,2,2,52330,4206,70000,26,0
21900,2,2,39986,1000,40000,27,1
21901,2,2,117485,5000,120000,27,0
21914,2,2,12491,1090,30000,23,0
21918,2,2,2071,0,50000,24,1
21937,2,2,3089,1521,180000,27,0
21948,2,2,296,0,150000,28,1
21951,2,2,49037,1145,50000,28,0
21953,2,2,132418,5300,280000,27,0
21955,2,2,2528,4007,120000,27,1
21961,2,7,2400,0,50000,28,0
21972,2,2,74792,6000,80000,24,0
21986,2,2,318248,12000,300000,28,0
21998,2,2,35349,208,90000,27,1
22001,2,2,49571,1809,50000,28,0
22011,2,2,74322,2000,100000,28,0
22012,2,2,48846,1624,50000,29,0
22013,2,2,46937,3000,50000,27,1
22053,2,2,19925,1000,50000,29,0
22061,2,2,27570,1200,70000,28,0
22064,2,3,121140,0,130000,29,1
22079,2,2,56709,0,80000,29,0
22081,2,2,26065,2300,100000,28,1
22083,2,2,41701,3000,90000,28,1
22085,2,2,68989,2700,230000,27,1
22090,2,2,8891,1723,60000,28,0
22095,2,2,35678,1730,230000,28,0
22108,2,2,214981,0,240000,28,0
22125,2,2,47929,0,80000,26,0
22129,2,2,97577,3501,220000,28,1
22155,2,2,6034,0,200000,30,1
22156,2,2,34524,3000,270000,30,1
22170,2,2,7523,1000,200000,30,1
22203,2,2,40694,1500,320000,27,0
22245,2,2,89245,3001,130000,24,1
22246,2,2,19923,0,30000,22,1
22286,2,2,30206,1044,30000,29,0
22287,2,2,780,0,20000,30,1
22292,2,2,27940,1200,30000,32,1
22307,2,2,6300,6000,100000,27,1
22311,2,2,34003,1500,100000,30,0
22346,2,2,2100,0,240000,28,0
22366,2,2,16546,3800,150000,32,1
22375,2,2,15038,0,30000,29,0
22377,2,2,7825,886,60000,27,0
22387,2,2,157577,13000,170000,30,0
22402,2,2,147865,5300,150000,28,0
22415,2,2,52777,0,60000,37,0
22416,2,2,12495,500,20000,37,0
22422,2,2,19803,1000,20000,34,0
22430,2,2,20995,758,150000,35,0
22431,2,2,41677,1500,90000,35,1
22434,2,2,112016,4233,100000,36,1
22436,2,2,271691,10000,360000,38,1
22439,2,2,8563,0,30000,38,0
22454,2,2,141409,5295,180000,44,1
22460,2,2,17711,0,170000,36,0
22463,2,2,19817,448,20000,38,0
22465,2,2,20828,0,50000,41,0
22467,2,2,9375,500,40000,36,0
22473,2,2,125357,0,200000,39,0
22479,2,2,26429,2300,50000,44,1
22480,2,2,56,0,200000,31,1
22503,2,3,20229,0,50000,44,0
22507,2,2,45465,1800,60000,37,0
22512,2,2,139323,5100,160000,40,1
22521,2,2,1488,0,40000,40,0
22523,2,2,18907,801,20000,34,0
22530,2,2,58144,33,210000,40,0
22537,2,2,110797,0,130000,48,0
22539,2,2,4184,856,300000,31,1
22541,2,2,18136,8000,260000,46,1
22543,2,2,11883,500,130000,40,1
22550,2,2,163,2000,180000,35,1
22551,2,2,30869,1045,50000,35,0
22567,2,2,70629,6000,120000,30,0
22611,2,2,147273,6000,200000,30,0
22619,2,2,17582,2000,80000,36,1
22621,2,2,27170,0,20000,43,0
22623,2,2,7795,500,60000,36,1
22626,2,2,337703,13000,380000,34,0
22648,2,2,28928,1500,60000,47,0
22657,2,2,327193,13000,350000,44,0
22689,2,2,45286,0,50000,33,0
22700,2,2,15603,600,20000,46,0
22702,2,2,135951,4000,340000,47,1
22725,2,3,750,0,100000,38,0
22744,2,2,21738,1000,150000,40,1
22760,2,3,2650,0,460000,40,0
22789,2,2,164310,6100,160000,33,0
22792,2,2,189149,7000,220000,36,0
22806,2,2,3048,8314,30000,45,0
22812,2,2,169726,7000,210000,33,1
22813,2,2,47026,0,70000,35,0
22831,2,2,21480,2000,50000,37,0
22832,2,3,49104,3000,50000,29,0
22856,2,2,85939,0,90000,31,0
22859,2,2,35435,0,30000,33,0
22863,2,2,24701,0,150000,31,0
22869,2,2,45165,1800,110000,34,1
22879,2,2,232468,0,290000,34,0
22881,2,2,24937,2419,30000,39,0
22898,2,2,43637,0,100000,31,0
22901,2,2,19696,1600,30000,35,0
22902,2,2,16636,1548,30000,43,1
22954,2,2,8480,2181,90000,44,0
22994,2,3,50084,0,50000,41,0
23024,2,2,21579,1500,70000,39,0
23031,2,2,105470,8000,150000,33,0
23034,2,2,390,540,130000,45,1
23040,2,5,232446,0,220000,41,0
23066,2,2,72365,2800,150000,41,0
23070,2,2,2487,0,200000,45,0
23083,2,2,410,0,100000,47,1
23088,2,2,79071,0,100000,36,0
23100,2,2,70562,2500,60000,44,0
23110,2,2,123503,4600,130000,42,0
23125,2,2,1935,1656,230000,30,1
23136,2,2,1500,500,20000,35,0
23143,2,2,42093,3000,50000,37,1
23156,2,2,21032,784,50000,35,0
23157,2,2,28538,1500,30000,38,1
23170,2,2,308421,13000,320000,37,0
23211,2,2,103189,0,110000,43,0
23216,2,2,3920,0,80000,37,0
23221,2,2,1143,163,150000,35,1
23240,2,2,253863,9400,330000,44,1
23253,2,2,24120,1616,290000,33,1
23259,2,2,17530,1000,50000,36,0
23262,2,2,19271,1000,150000,39,0
23264,2,2,85428,3000,130000,37,0
23282,2,2,28123,1000,30000,44,0
23287,2,2,1020,0,40000,43,1
23293,2,2,66432,8023,150000,30,1
23302,2,2,67324,0,90000,35,0
23316,2,2,7481,0,90000,40,0
23323,2,2,35749,1500,80000,44,1
23324,2,2,2946,0,130000,39,0
23339,2,2,75995,5500,200000,36,0
23345,2,2,138030,5200,170000,33,1
23350,2,2,12205,1000,400000,33,1
23356,2,5,1200,0,30000,28,0
23358,2,2,2855,2115,30000,34,1
23360,2,2,41226,0,300000,39,1
23385,2,2,27326,2200,50000,44,0
23386,2,2,6596,0,300000,40,0
23406,2,2,12532,0,80000,34,1
23409,2,2,9075,1000,50000,48,0
23415,2,2,35130,1500,600000,38,0
23416,2,3,16461,0,20000,46,0
23423,2,2,316,632,230000,39,1
23437,2,2,119570,0,190000,37,0
23465,2,2,11954,3000,20000,32,1
23469,2,2,20492,10000,50000,39,0
23470,2,2,15525,0,70000,31,1
23482,2,2,14269,0,100000,30,0
23496,2,2,42057,1600,60000,31,1
23503,2,2,77102,45,310000,31,1
23506,2,2,72525,3000,120000,33,0
23510,2,4,90126,7000,110000,31,0
23515,2,2,1410,0,120000,30,0
23520,2,2,326,3817,350000,36,1
23526,2,2,17809,765,20000,35,0
23530,2,2,32983,1600,220000,35,0
23533,2,2,79035,1000,80000,35,0
23593,2,2,22349,814,80000,39,0
23608,2,2,173033,7000,240000,37,0
23618,2,2,18608,1600,20000,42,0
23619,2,2,15518,0,20000,46,0
23624,2,2,150,650,80000,32,1
23646,2,2,112626,4700,240000,38,0
23653,2,2,10413,0,20000,37,1
23659,2,2,13137,0,180000,36,1
23663,2,2,65945,2000,70000,48,0
23671,2,2,43671,1596,80000,34,1
23673,2,2,109,0,130000,48,1
23688,2,2,30097,550,50000,50,0
23690,2,2,21422,700,30000,51,0
23692,2,2,7931,1000,20000,54,0
23695,2,2,61417,2200,100000,54,0
23705,2,2,46003,0,50000,53,0
23706,2,2,306438,10003,500000,50,1
23711,2,2,49285,2000,100000,55,0
23713,2,2,86369,5001,100000,50,1
23716,2,2,131222,5000,280000,47,0
23743,2,2,18701,1000,20000,51,0
23752,2,2,26026,2000,50000,58,0
23769,2,2,17053,624,50000,50,1
23778,2,2,21142,3000,70000,49,0
23786,2,2,7029,143,120000,55,1
23823,2,2,632,316,120000,47,0
23826,2,2,27964,0,30000,51,0
23828,2,2,108253,4100,280000,50,0
23834,2,2,4247,4,80000,50,0
23835,2,2,7043,2000,280000,53,1
23847,2,2,79698,5500,290000,52,1
23851,2,2,390,1170,300000,57,1
23852,2,2,446,490,260000,57,1
23853,2,2,72924,1200,140000,58,0
23864,2,2,24016,0,50000,30,0
23865,2,2,31269,2000,20000,27,0
23896,2,2,90851,7200,130000,29,0
23899,2,2,11816,2394,50000,26,0
23900,2,2,19437,0,20000,23,1
23905,2,2,16335,742,20000,22,0
23919,2,2,15785,1500,20000,22,0
23920,2,2,16676,600,20000,22,0
23926,2,2,19305,1000,50000,25,1
23927,2,3,91075,0,110000,26,0
23932,2,2,6310,1000,20000,22,0
23935,2,2,19830,0,20000,22,0
23939,2,2,31622,1300,70000,27,0
23944,2,3,17755,800,20000,24,0
23965,2,2,16900,1376,20000,24,0
23969,2,2,52206,0,120000,25,0
23979,2,2,4818,0,30000,23,0
23980,2,2,19621,281,20000,23,1
23987,2,3,50805,1800,50000,25,0
24004,2,2,19709,900,20000,27,0
24010,2,2,3311,1500,30000,24,1
24022,2,2,29209,0,60000,25,0
24026,2,3,1050,0,20000,26,0
24027,2,2,3089,563,110000,26,1
24028,2,2,40909,12000,190000,26,1
24029,2,2,105382,7000,130000,25,1
24033,2,2,47242,0,50000,25,0
24039,2,3,64500,0,70000,27,0
24042,2,5,1200,0,20000,27,0
24043,2,2,39984,0,50000,27,1
24075,2,2,30691,0,50000,27,1
24080,2,2,36002,2000,70000,29,1
24088,2,2,88296,3200,90000,27,1
24093,2,2,14040,0,180000,27,1
24101,2,2,17660,700,30000,24,1
24110,2,2,516,998,100000,27,1
24114,2,2,650,3072,280000,29,1
24131,2,2,311,355,200000,28,0
24133,2,2,43190,0,50000,29,0
24154,2,2,39215,3000,230000,29,0
24155,2,2,51908,2000,110000,29,0
24156,2,4,2500,0,200000,29,0
24158,2,2,35094,0,60000,28,1
24165,2,2,114223,0,110000,28,0
24166,2,2,12785,0,80000,29,0
24168,2,7,2400,0,20000,22,0
24169,2,2,7576,144,30000,28,0
24173,2,2,19492,549,20000,28,0
24193,2,2,17469,2712,20000,30,0
24198,2,2,70864,2800,80000,30,0
24199,2,2,2021,0,140000,30,1
24206,2,2,98753,3588,190000,26,1
24220,2,2,264,260,290000,30,0
24230,2,2,90120,5000,200000,32,0
24236,2,2,106414,24,190000,31,1
24240,2,2,47832,0,50000,30,1
24251,2,2,416,416,70000,30,1
24257,2,2,115223,5100,280000,30,0
24258,2,2,16205,0,30000,31,0
24259,2,2,184,5924,20000,31,1
24287,2,4,182763,6275,200000,30,0
24300,2,2,122359,5000,200000,29,0
24303,2,2,97947,600,100000,31,0
24308,2,2,486,387,300000,42,1
24316,2,2,15953,800,20000,32,0
24318,2,2,32394,0,70000,35,0
24324,2,2,390,780,50000,46,1
24325,2,2,53469,2005,50000,49,0
24328,2,2,150893,19172,170000,35,0
24342,2,2,102663,3500,200000,38,0
24346,2,2,2500,0,200000,45,0
24355,2,2,94307,6004,120000,39,1
24373,2,2,780,0,50000,47,1
24382,2,2,107485,4100,160000,33,0
24383,2,2,18600,1700,50000,32,0
24398,2,3,1050,0,20000,36,0
24401,2,2,56713,600,140000,38,0
24412,2,2,10633,1000,190000,32,1
24436,2,2,12206,1000,30000,35,1
24441,2,2,48373,0,80000,42,0
24442,2,2,45578,1663,100000,43,1
24449,2,2,283356,9122,320000,36,1
24459,2,2,8818,1000,20000,46,0
24460,2,2,14692,1000,270000,31,0
24472,2,2,7021,40200,130000,44,0
24494,2,2,1000,0,170000,32,1
24500,2,4,31399,0,100000,42,0
24503,2,2,48382,3800,50000,34,0
24507,2,2,20738,2170,30000,32,0
24519,2,2,13978,2500,20000,46,1
24521,2,2,30895,1000,350000,33,1
24528,2,2,165797,6100,190000,34,0
24545,2,2,16879,757,20000,48,0
24549,2,2,87126,0,190000,37,1
24553,2,2,136717,0,150000,34,0
24559,2,2,9705,1000,20000,46,0
24569,2,2,330,660,210000,34,1
24571,2,3,1050,0,50000,31,0
24591,2,2,70918,3000,70000,32,0
24599,2,2,40642,0,80000,45,0
24601,2,2,69141,2500,110000,38,0
24618,2,2,110887,4300,190000,36,0
24639,2,2,164953,0,250000,28,1
24664,2,2,94537,5000,210000,41,1
24666,2,2,30515,0,30000,45,0
24676,2,2,8906,10491,410000,40,1
24693,2,2,965,6500,170000,45,1
24715,2,2,9518,0,20000,43,0
24717,2,2,14409,2500,20000,43,1
24724,2,2,15642,25700,30000,35,0
24741,2,2,83839,4000,160000,33,0
24750,2,2,49895,700,50000,44,1
24751,2,2,34653,8,50000,38,1
24759,2,2,87715,0,100000,40,1
24769,2,2,20774,2000,40000,35,0
24772,2,2,18180,2000,20000,40,1
24773,2,2,23480,389,20000,45,1
24782,2,2,79629,0,120000,44,0
24800,2,2,102650,0,240000,41,0
24802,2,2,95577,0,100000,26,0
24835,2,2,1248,0,350000,30,1
24845,2,2,41604,0,90000,44,0
24852,2,2,3604,0,200000,41,1
24858,2,2,6572,1808,150000,41,1
24866,2,2,941,266,90000,35,0
24874,2,2,32100,3000,70000,36,0
24877,2,2,76603,0,410000,46,0
24879,2,2,21780,1000,20000,30,0
24885,2,3,19162,0,20000,34,0
24890,2,2,162471,0,170000,40,1
24891,2,2,67659,53,80000,30,0
24907,2,2,43562,1262,50000,32,0
24914,2,2,54984,4000,110000,34,0
24939,2,2,124218,0,210000,40,0
24967,2,2,66841,10000,160000,37,0
24974,2,2,16605,1000,20000,35,0
24989,2,2,9919,400,10000,36,0
25009,2,5,18644,0,20000,50,0
25025,2,2,38827,1600,190000,50,0
25033,2,2,24326,0,70000,55,0
25043,2,2,15470,0,20000,52,1
25044,2,2,146050,0,150000,52,0
25054,2,2,4957,0,500000,55,0
25103,2,2,49335,1937,50000,54,0
25123,2,2,200,11326,220000,50,1
25144,2,5,28914,0,30000,56,0
25154,2,2,23338,1000,50000,27,0
25156,2,2,29945,2158,30000,24,0
25161,2,2,42236,3400,80000,29,0
25163,2,2,10220,600,130000,30,0
25170,2,3,49839,1800,50000,23,0
25176,2,2,34644,944,50000,22,0
25177,2,2,50024,800,50000,22,0
25178,2,2,19799,900,50000,22,0
25186,2,2,28945,0,30000,22,0
25191,2,2,3920,0,20000,22,0
25192,2,2,47510,2000,50000,23,0
25193,2,2,34127,0,30000,25,0
25197,2,2,15144,0,30000,23,0
25224,2,2,16531,500,40000,23,0
25227,2,2,31401,1400,80000,25,0
25234,2,2,41153,0,80000,25,0
25236,2,2,594,0,150000,25,1
25249,2,5,1250,0,120000,23,0
25257,2,2,24053,2000,60000,23,1
25260,2,2,45625,1700,50000,24,0
25286,2,2,124622,4800,140000,26,0
25303,2,2,17482,349,20000,21,1
25313,2,2,89674,217,90000,25,1
25317,2,2,36061,1400,50000,26,0
25330,2,2,27915,0,30000,25,0
25354,2,2,1950,0,30000,23,0
25364,2,2,19543,391,20000,25,0
25374,2,2,2000,0,80000,27,0
25382,2,2,3489,0,130000,26,0
25385,2,2,37607,4000,240000,29,1
25398,2,2,19728,14,340000,26,0
25416,2,2,58008,2500,70000,30,0
25429,2,2,51563,0,50000,22,1
25431,2,2,104417,0,160000,27,1
25434,2,5,1250,0,100000,28,0
25454,2,2,54599,0,140000,28,0
25460,2,2,6860,2959,240000,30,1
25468,2,2,26738,1100,110000,33,0
25480,2,2,106637,4000,110000,29,1
25511,2,2,83121,6600,100000,24,0
25531,2,2,32336,2600,130000,34,0
25533,2,2,34798,2300,50000,33,0
25549,2,2,20182,0,30000,49,0
25558,2,2,85627,3000,100000,46,0
25570,2,2,20579,0,130000,43,0
25585,2,2,25634,0,30000,35,0
25587,2,2,390,390,60000,33,1
25588,2,2,198707,7500,230000,34,0
25605,2,2,33571,0,50000,39,0
25634,2,2,46626,2000,70000,34,0
25646,2,2,38726,2001,40000,44,0
25682,2,2,14634,1000,20000,32,1
25687,2,2,1979,1979,40000,33,1
25726,2,2,52987,3171,300000,34,1
25728,2,2,316898,0,320000,26,0
25740,2,2,48729,2000,90000,45,0
25742,2,2,28380,1000,30000,37,0
25768,2,2,56266,1779,90000,33,1
25769,2,2,119221,2300,240000,41,1
25778,2,2,93794,0,110000,33,0
25798,2,2,40298,1500,100000,38,0
25803,2,2,530,1166,150000,38,1
25809,2,2,27964,1164,210000,39,0
25813,2,2,5112,45554,50000,36,1
25835,2,2,45021,0,50000,47,0
25838,2,2,35305,3000,60000,31,0
25870,2,5,452405,0,510000,40,0
25875,2,2,139143,5500,170000,35,0
25879,2,2,76004,0,200000,34,0
25887,2,2,14643,4000,40000,37,0
25898,2,2,372735,10306,360000,35,0
25913,2,2,22442,517,80000,48,0
25924,2,2,111,300,60000,31,1
25965,2,2,11307,3000,120000,29,1
25975,2,4,71568,2700,70000,33,0
25982,2,2,66855,2504,180000,45,1
25985,2,2,26695,0,30000,46,0
25987,2,2,964,0,80000,35,0
26003,2,2,47851,3000,280000,46,0
26006,2,2,665,2397,300000,30,1
26013,2,2,11979,1100,50000,27,0
26044,2,2,8999,1000,10000,42,0
26063,2,2,46098,0,90000,29,0
26083,2,2,19715,700,20000,36,0
26099,2,2,151842,0,160000,37,0
26134,2,2,165645,7792,170000,30,0
26139,2,2,58589,5600,100000,29,0
26150,2,2,39600,1185,250000,39,1
26151,2,2,46289,2000,50000,34,0
26160,2,2,35194,3728,370000,31,1
26169,2,2,29767,1500,30000,47,1
26174,2,2,4525,1000,10000,46,1
26184,2,2,769,0,200000,35,1
26189,2,2,580,9071,140000,36,1
26214,2,2,7370,4445,430000,34,1
26231,2,2,123,0,270000,47,1
26235,2,3,50794,1,50000,35,0
26247,2,2,73563,1600,80000,30,0
26272,2,2,25413,1015,30000,42,1
26277,2,2,3606,0,60000,36,0
26281,2,2,57771,2000,70000,43,0
26298,2,2,226470,8500,240000,32,0
26300,2,2,65861,2500,140000,29,1
26315,2,2,13474,0,20000,29,0
26328,2,2,32708,0,50000,33,0
26348,2,2,253679,8450,240000,28,0
26373,2,2,20578,0,20000,35,0
26375,2,2,7032,1000,100000,39,1
26379,2,2,98093,4000,180000,34,0
26382,2,2,10533,348,30000,43,0
26413,2,4,14190,0,20000,38,0
26440,2,2,39922,2000,150000,48,1
26441,2,2,78584,2970,130000,50,0
26458,2,2,12518,0,70000,49,0
26464,2,2,396,792,500000,49,1
26484,2,2,6998,0,10000,56,0
26485,2,2,99973,103000,100000,50,0
26501,2,2,25682,1200,30000,54,0
26503,2,2,84333,3400,120000,58,0
26507,2,2,44183,4000,100000,52,0
26520,2,2,543,20077,30000,52,1
26525,2,2,28262,0,90000,58,0
26536,2,2,19618,0,30000,51,0
26555,2,2,9394,2458,20000,53,0
26557,2,2,7908,1000,20000,52,0
26561,2,2,35690,0,50000,51,0
26565,2,2,161906,8000,200000,55,0
26580,2,2,20623,0,50000,51,0
26588,2,2,3245,0,70000,28,1
26606,2,7,2400,0,20000,23,0
26610,2,2,19548,0,20000,23,0
26617,2,2,18671,2000,20000,22,1
26618,2,2,17521,796,20000,23,1
26620,2,2,8431,942,10000,23,1
26641,2,2,7622,800,20000,23,0
26644,2,2,11644,1100,20000,24,1
26648,2,2,41036,0,40000,26,1
26652,2,2,8672,1000,10000,24,0
26660,2,2,14228,63965,50000,25,0
26664,2,2,61769,51722,60000,27,0
26681,2,2,91334,0,90000,27,0
26684,2,2,30248,1500,30000,24,1
26690,2,2,19994,0,20000,22,0
26695,2,2,62756,0,80000,27,0
26703,2,2,38979,1200,40000,29,0
26713,2,2,14913,3009,30000,26,0
26716,2,2,68531,3000,80000,27,0
26724,2,2,38807,2000,40000,26,1
26737,2,2,57340,0,80000,27,0
26739,2,2,8631,500,50000,23,0
26744,2,2,89898,5000,100000,28,0
26747,2,2,32286,2576,220000,29,0
26750,2,2,56138,2200,60000,27,1
26760,2,2,20260,5000,200000,29,1
26762,2,2,24896,0,50000,25,1
26774,2,2,52546,51285,50000,25,0
26775,2,2,31002,0,30000,32,0
26782,2,4,59727,2500,70000,27,0
26785,2,3,157202,0,160000,26,0
26786,2,2,129959,3500,130000,28,0
26793,2,2,70444,3300,70000,26,0
26802,2,2,2500,0,200000,30,0
26803,2,2,15298,4000,230000,28,0
26816,2,2,28108,1003,30000,32,1
26827,2,2,7496,0,20000,27,0
26849,2,2,32855,1300,70000,46,0
26852,2,2,38687,3500,140000,32,0
26866,2,2,90514,3500,140000,48,0
26874,2,2,111064,4400,110000,37,0
26880,2,2,144427,6000,150000,32,0
26881,2,2,54275,62013,50000,39,0
26884,2,2,198,115399,500000,34,1
26890,2,2,21386,1200,130000,33,0
26893,2,2,22140,2383,20000,38,0
26894,2,2,3506,2400,200000,29,1
26915,2,2,37686,2020,150000,36,0
26919,2,2,54963,2400,120000,34,1
26920,2,2,8440,0,50000,34,1
26930,2,2,131671,10800,140000,38,0
26943,2,2,5401,1500,10000,28,0
26948,2,2,58174,2600,80000,46,0
26979,2,2,56788,0,80000,42,0
26997,2,2,64682,2600,80000,34,0
27006,2,2,25804,2000,70000,31,0
27011,2,2,49183,0,160000,39,0
27028,2,2,150,0,50000,36,0
27049,2,2,60352,2400,130000,43,0
27054,2,2,24182,2550,30000,28,0
27072,2,3,450,0,110000,35,0
27083,2,2,56629,2300,80000,39,0
27085,2,2,91013,3000,140000,39,0
27086,2,2,50485,2000,60000,32,1
27091,2,2,19533,1000,20000,36,1
27111,2,2,30096,2578,130000,37,1
27112,2,2,13117,1200,70000,46,0
27117,2,2,1991,93536,100000,33,1
27123,2,2,63048,61923,150000,31,0
27140,2,2,65199,15000,200000,46,0
27155,2,2,20251,0,20000,43,0
27157,2,4,31071,0,30000,29,0
27158,2,2,13704,700,90000,29,0
27161,2,2,300,0,20000,40,0
27164,2,2,7975,0,10000,42,0
27169,2,2,16926,1000,20000,29,1
27193,2,2,2500,0,250000,32,0
27199,2,2,28319,1200,30000,35,1
27206,2,2,132569,5806,240000,47,0
27208,2,2,107533,5000,190000,41,1
27210,2,2,50799,2000,50000,40,0
27212,2,2,33489,3000,60000,31,0
27214,2,2,39145,1400,100000,27,1
27215,2,2,21680,2000,60000,35,0
27217,2,2,72487,2900,130000,49,0
27218,2,2,5885,1000,10000,42,0
27222,2,2,293046,4403,300000,36,0
27229,2,2,13810,1200,30000,40,0
27255,2,2,43296,1600,80000,46,0
27260,2,2,19104,658,20000,30,0
27262,2,2,13944,1363,20000,34,0
27263,2,2,36247,0,50000,38,0
27269,2,2,142235,7000,500000,32,1
27275,2,2,56391,1600,60000,28,1
27277,2,2,45781,2540,200000,30,0
27278,2,2,19597,600,20000,44,0
27292,2,2,6023,0,420000,40,1
27299,2,3,19496,0,50000,32,0
27309,2,2,17802,2000,20000,33,0
27320,2,2,277335,10176,340000,43,0
27321,2,2,120882,0,180000,41,0
27324,2,2,49952,837,50000,44,1
27333,2,2,162244,5000,270000,49,1
27334,2,2,56309,2800,110000,42,0
27350,2,2,6366,1950,180000,30,1
27354,2,2,166749,5858,280000,38,0
27361,2,2,189136,6800,200000,38,0
27365,2,2,28999,1051,50000,28,1
27366,2,2,19756,773,20000,28,1
27368,2,2,48576,200,50000,28,0
27398,2,2,390,780,300000,45,1
27407,2,2,15181,1000,50000,47,1
27440,2,2,132703,0,150000,32,0
27442,2,2,390,390,300000,38,0
27454,2,2,18595,2000,50000,49,0
27456,2,2,6314,18596,50000,49,1
27459,2,2,72209,0,100000,50,0
27464,2,2,780,0,10000,51,0
27477,2,2,160628,6300,170000,50,0
27485,2,3,85924,3200,100000,54,0
27486,2,2,156171,12000,300000,58,0
27495,2,2,9533,0,10000,57,1
27500,2,3,8208,0,20000,59,0
27511,2,3,86494,0,70000,62,0
27518,2,2,862,712,70000,53,1
27522,2,2,19094,0,20000,56,0
27523,2,2,3640,16,200000,54,1
27527,2,2,3825,0,30000,53,1
27536,2,2,15116,0,20000,53,0
27537,2,2,2487,0,250000,51,0
27543,2,2,29993,0,30000,52,1
27548,2,2,282,28606,490000,51,1
27549,2,2,47214,98828,150000,52,0
27550,2,2,21705,0,30000,53,0
27557,2,2,31133,5,80000,59,0
27560,2,2,70731,2700,190000,64,1
27567,2,2,18019,0,100000,52,0
27580,2,2,95475,3600,240000,55,0
27581,2,2,202240,4253,320000,55,0
27586,2,2,78761,2000,80000,52,0
27595,2,2,10243,1000,50000,34,1
27600,2,2,41577,1000,80000,26,1
27613,2,2,36509,1500,50000,25,0
27616,2,2,124755,0,120000,27,0
27628,2,2,20400,0,20000,24,0
27631,2,2,9768,300,10000,21,0
27639,2,2,18216,0,20000,23,1
27640,2,2,3748,0,50000,23,1
27644,2,2,5761,0,20000,24,0
27651,2,2,19335,1000,20000,54,1
27653,2,2,18864,1500,50000,23,1
27661,2,2,11449,500,50000,23,1
27664,2,2,17657,644,20000,23,0
27665,2,2,25393,4100,80000,23,0
27666,2,2,7755,3000,50000,24,1
27697,2,2,9961,1000,40000,26,0
27702,2,2,28034,0,30000,25,0
27703,2,2,28933,978,30000,25,1
27705,2,2,39097,0,50000,24,0
27719,2,2,89706,3450,90000,24,1
27731,2,2,11708,0,30000,25,0
27732,2,2,18845,700,20000,24,1
27743,2,2,41931,0,30000,23,0
27748,2,2,36211,0,40000,26,0
27768,2,2,5797,0,50000,25,1
27776,2,2,30270,1050,30000,24,0
27800,2,2,49708,0,50000,26,0
27801,2,2,37939,1600,100000,26,0
27827,2,2,89817,3300,90000,26,0
27838,2,2,82653,2448,100000,26,1
27839,2,2,1356,0,80000,26,1
27840,2,2,86433,3000,100000,25,1
27841,2,2,53099,0,70000,24,1
27843,2,2,8240,388,30000,26,0
27846,2,2,24572,1000,30000,27,1
27848,2,2,33528,0,60000,27,1
27858,2,2,14498,0,20000,23,0
27879,2,2,780,0,100000,29,0
27881,2,2,133130,0,130000,26,0
27888,2,2,9640,1000,20000,27,1
27912,2,2,3235,2668,180000,26,1
27914,2,2,6199,0,10000,26,0
27916,2,7,300,0,50000,27,0
27920,2,2,3104,0,80000,27,0
27923,2,2,27016,0,30000,28,0
27951,2,2,179126,0,200000,27,0
27958,2,2,31833,0,50000,26,0
27959,2,2,19756,0,20000,28,0
27972,2,2,16809,0,110000,29,0
28001,2,2,28700,0,30000,29,0
28016,2,2,2831,1500,150000,29,0
28033,2,2,48114,3000,50000,29,1
28043,2,2,10775,700,100000,28,1
28055,2,7,2400,0,20000,32,0
28056,2,2,35892,2869,50000,34,1
28058,2,2,32250,5000,50000,34,0
28060,2,2,73788,2790,80000,35,0
28062,2,2,30980,3000,140000,40,0
28077,2,2,19081,0,80000,42,0
28082,2,2,7841,1000,10000,44,0
28097,2,2,28357,1100,50000,39,0
28100,2,2,171021,7000,220000,31,0
28103,2,2,17532,1500,180000,30,0
28109,2,2,744,888,120000,37,0
28124,2,2,74651,1743,80000,41,1
28151,2,4,22824,0,20000,48,0
28164,2,2,46134,2000,160000,41,0
28171,2,3,24315,0,50000,45,0
28215,2,2,501,544,500000,39,1
28221,2,7,2400,0,30000,33,0
28232,2,2,29802,1100,30000,42,0
28262,2,2,19649,950,20000,42,0
28270,2,2,12648,1000,20000,49,0
28294,2,2,124909,6059,170000,29,1
28298,2,2,26008,0,30000,31,0
28302,2,4,9217,800,60000,34,0
28305,2,2,83357,0,80000,29,0
28312,2,2,77260,2408,100000,38,1
28320,2,2,13440,1200,50000,27,0
28324,2,2,111108,3900,180000,29,0
28341,2,2,2376,5262,20000,40,1
28350,2,2,180773,0,180000,36,0
28352,2,2,28583,2220,30000,44,0
28365,2,2,34109,1550,80000,35,0
28367,2,2,9752,0,20000,39,0
28371,2,2,1672,0,80000,36,1
28372,2,2,3789,0,100000,40,0
28373,2,2,36309,1500,100000,41,0
28377,2,2,47956,2004,50000,36,0
28426,2,2,132655,5000,170000,30,1
28427,2,2,44824,2700,50000,30,0
28454,2,2,112157,5900,360000,40,0
28460,2,2,464,500,230000,35,0
28472,2,2,118419,4600,200000,32,1
28482,2,2,97097,3500,110000,31,0
28487,2,2,10245,700,20000,41,0
28489,2,2,17210,2201,50000,41,0
28491,2,2,18710,1835,20000,39,1
28504,2,2,113318,4300,150000,36,0
28517,2,2,202518,6000,200000,34,0
28521,2,2,14388,0,50000,47,0
28522,2,2,97982,3912,80000,37,0
28530,2,2,626,626,20000,36,1
28532,2,2,85758,3400,200000,40,0
28533,2,2,16892,0,50000,44,0
28534,2,2,24135,5000,120000,31,0
28538,2,2,124182,3500,140000,32,1
28553,2,2,1050,1050,260000,37,1
28577,2,2,72698,0,110000,30,0
28586,2,2,66526,3000,160000,34,0
28589,2,2,390,390,450000,35,1
28591,2,2,49423,0,80000,34,0
28598,2,3,45463,1500,60000,46,0
28604,2,2,41476,1600,110000,44,0
28605,2,2,14340,1000,30000,45,1
28624,2,2,75942,2720,200000,31,0
28625,2,3,384060,1000,340000,31,0
28634,2,2,38884,1500,60000,35,1
28636,2,2,97997,8000,100000,35,0
28638,2,2,1957,0,350000,44,0
28642,2,2,9058,0,150000,33,0
28645,2,2,107457,4000,100000,44,0
28655,2,2,43228,0,160000,33,0
28663,2,2,43658,2000,50000,44,0
28684,2,2,224753,8500,230000,30,0
28703,2,2,59400,2500,260000,37,0
28712,2,2,57000,0,80000,44,0
28727,2,2,24555,3000,130000,40,1
28748,2,7,2400,0,50000,28,0
28749,2,2,122881,4600,150000,32,0
28767,2,2,1375,885,80000,40,0
28852,2,2,2500,0,220000,42,0
28859,2,2,88577,0,90000,32,0
28876,2,2,32361,1205,380000,30,0
28880,2,2,220886,23700,230000,43,0
28900,2,2,18072,640,20000,43,1
28911,2,2,320622,7025,320000,42,0
28941,2,2,11420,408,20000,31,0
28951,2,2,87457,3150,280000,33,0
28972,2,2,24497,1000,150000,31,0
28975,2,2,42352,0,110000,42,0
28979,2,2,1695,10624,200000,48,0
28996,2,2,45208,2000,100000,40,1
29002,2,2,1000,5557,50000,30,1
29003,2,2,2813,1200,240000,31,0
29011,2,2,170671,3729,260000,41,1
29034,2,2,12999,1686,20000,52,1
29043,2,2,390,0,10000,54,1
29053,2,2,8610,0,10000,52,0
29074,2,2,218619,6500,280000,51,0
29077,2,2,4419,0,50000,56,1
29088,2,2,14600,2000,140000,56,0
29106,2,2,1494,0,50000,50,0
29110,2,2,17516,1500,140000,54,0
29116,2,2,11201,2000,20000,59,0
29119,2,2,56205,0,200000,49,0
29122,2,2,183510,0,290000,50,0
29125,2,2,14426,500,20000,56,1
29128,2,2,74172,0,80000,52,0
29138,2,2,184986,6000,330000,51,1
29139,2,2,45772,1900,70000,51,0
29152,2,7,1950,0,30000,60,0
29155,2,3,450,1000,140000,56,0
29161,2,3,18547,1170,20000,53,0
29162,2,2,8000,1000,10000,53,0
29170,2,2,9376,500,20000,56,0
29172,2,2,181801,6508,510000,61,1
29187,2,2,43766,1571,80000,41,1
29190,2,2,19462,0,50000,28,0
29193,2,2,5850,4000,50000,29,1
29196,2,3,9265,3000,10000,22,0
29201,2,2,43673,2000,50000,25,0
29206,2,2,10596,1958,50000,23,1
29211,2,2,19850,702,20000,22,0
29214,2,2,16295,1000,20000,24,0
29215,2,2,9470,9000,20000,24,0
29242,2,2,15567,0,20000,23,1
29246,2,2,6595,2000,50000,25,1
29250,2,4,1650,0,20000,25,0
29251,2,2,20152,2,20000,25,0
29269,2,2,32257,4000,50000,26,0
29282,2,2,8450,1000,10000,25,0
29287,2,2,2500,0,200000,26,0
29288,2,2,58583,600,60000,25,0
29293,2,2,22473,1500,30000,25,0
29296,2,2,110349,5000,120000,26,0
29301,2,2,152605,8000,200000,25,0
29302,2,2,48174,2000,50000,25,1
29304,2,2,29361,1000,30000,26,1
29313,2,2,87410,3100,110000,30,0
29323,2,2,42332,0,40000,27,0
29339,2,3,30683,0,30000,26,0
29342,2,2,8459,282,50000,28,0
29343,2,2,22798,2000,30000,24,0
29346,2,2,20218,0,20000,27,0
29348,2,4,18654,0,20000,27,0
29355,2,2,22819,2000,30000,29,1
29358,2,2,69337,1200,70000,28,0
29367,2,2,300,0,20000,26,0
29370,2,2,74838,3012,320000,28,1
29379,2,2,9409,900,290000,28,1
29392,2,2,1790,0,200000,29,1
29409,2,2,45283,3780,50000,29,0
29414,2,4,93580,0,100000,30,0
29419,2,3,1050,0,10000,30,0
29432,2,2,4279,313,50000,30,1
29436,2,2,16806,2000,20000,28,1
29437,2,2,33250,2000,140000,28,0
29454,2,2,18567,5630,50000,29,1
29455,2,2,57571,2250,70000,30,1
29467,2,2,7748,800,50000,29,0
29478,2,2,20411,2000,50000,37,0
29479,2,2,22876,832,50000,42,0
29481,2,2,20511,800,20000,32,1
29494,2,2,58014,2300,100000,33,0
29501,2,2,8928,801,10000,42,0
29502,2,2,2334,1000,300000,43,1
29504,2,2,31754,3000,60000,36,0
29505,2,2,18694,955,20000,40,0
29510,2,2,116278,13808,200000,41,1
29514,2,2,29214,910,30000,32,0
29524,2,7,2400,0,50000,36,0
29525,2,2,26920,0,30000,42,0
29539,2,2,120086,4300,120000,34,0
29549,2,2,151588,0,220000,31,0
29551,2,2,10621,1000,20000,30,0
29557,2,2,78266,5000,80000,33,0
29561,2,2,43,0,220000,38,0
29571,2,2,78454,3000,140000,41,0
29574,2,2,160821,5760,270000,32,0
29577,2,2,67659,3000,120000,45,0
29580,2,7,2400,0,20000,36,0
29586,2,2,19183,0,20000,39,1
29593,2,2,28277,900,30000,49,1
29604,2,2,17956,354,50000,37,0
29615,2,2,19362,850,20000,32,1
29620,2,2,21889,1500,30000,44,0
29621,2,2,25358,2190,50000,36,0
29622,2,2,19503,1000,20000,43,1
29623,2,2,40106,3300,110000,39,0
29652,2,2,50307,0,50000,41,0
29666,2,2,23073,1653,20000,36,0
29669,2,4,63359,2500,70000,42,0
29689,2,2,135892,4500,180000,43,0
29696,2,2,233894,6000,300000,44,0
29702,2,2,1175,0,240000,31,1
29708,2,2,8150,1086,10000,36,1
29712,2,2,28934,2635,30000,38,0
29716,2,2,16754,1000,50000,38,0
29727,2,7,2400,0,60000,36,0
29733,2,2,6267,0,10000,45,0
29745,2,4,20601,0,30000,38,0
29752,2,2,45920,1032,100000,30,1
29756,2,2,1473,1473,80000,43,1
29771,2,7,2400,0,20000,31,0
29772,2,2,6730,1000,10000,37,0
29799,2,2,240040,8207,240000,36,0
29800,2,7,21631,0,20000,33,0
29802,2,2,142480,7000,260000,33,0
29805,2,2,17724,0,20000,45,0
29810,2,2,18188,0,20000,48,0
29815,2,2,48640,2000,50000,49,0
29817,2,2,81545,50918,80000,42,0
29818,2,2,13444,1000,50000,40,1
29825,2,2,13102,0,40000,47,0
29829,2,2,52388,4078,80000,37,1
29834,2,2,390,806,20000,31,1
29841,2,2,218370,7700,320000,48,0
29846,2,3,5007,0,10000,37,1
29849,2,2,84873,0,100000,44,0
29897,2,2,67338,5100,70000,45,0
29908,2,2,60645,0,240000,29,0
29931,2,2,8102,0,20000,43,0
29934,2,2,291,582,190000,44,1
29939,2,2,21471,782,30000,38,0
29948,2,2,14233,1000,50000,46,1
29975,2,2,2846,0,50000,37,0
29977,2,2,51259,0,40000,47,0
29982,2,2,28192,517,50000,44,0
29992,2,2,2500,0,210000,34,0
29995,2,2,77519,7000,80000,34,0
9,3,2,12108,432,140000,28,1
11,3,2,5535,50,200000,34,1
14,3,2,65701,3000,70000,30,0
17,3,2,17428,1500,20000,24,1
40,3,2,4641,9976,280000,31,1
47,3,2,15800,16741,20000,22,1
51,3,2,38355,2000,70000,42,0
59,3,2,782,700,200000,34,0
63,3,2,26591,0,50000,29,0
67,3,2,3978,150,10000,56,0
72,3,2,60184,0,320000,29,0
76,3,2,16642,610,20000,24,1
84,3,2,126819,3050,400000,44,1
87,3,2,780,0,360000,45,1
91,3,2,142460,5500,200000,53,0
105,3,2,59175,2511,60000,26,0
111,3,2,105594,3593,330000,31,1
112,3,2,15181,1000,50000,47,1
113,3,2,134813,14254,280000,41,0
121,3,2,48953,1000,50000,37,0
130,3,2,57244,1200,60000,55,0
143,3,2,20583,400,50000,23,0
149,3,3,10205,0,80000,23,0
159,3,4,129847,11078,210000,45,0
161,3,2,26718,2200,30000,41,0
164,3,2,151841,5469,250000,34,1
168,3,2,58824,1330,100000,27,0
176,3,2,67282,3000,130000,56,0
180,3,2,80250,600,80000,29,1
181,3,2,25331,2000,240000,37,1
188,3,2,193936,6800,200000,47,0
190,3,4,21461,0,20000,31,0
194,3,2,21282,200,180000,24,1
196,3,2,37680,1700,50000,24,0
200,3,2,28122,1714,30000,22,0
202,3,2,17985,3000,140000,31,1
215,3,2,307843,0,470000,27,0
221,3,2,112157,5900,360000,40,0
225,3,2,49205,1500,50000,37,0
244,3,2,2821,0,180000,32,1
245,3,2,139,0,30000,40,1
251,3,2,48869,1206,50000,26,0
270,3,2,14242,426,50000,27,0
293,3,2,1914,300,30000,43,0
294,3,2,9560,500,10000,27,1
304,3,2,27820,4000,20000,25,1
309,3,2,11339,2000,30000,55,0
314,3,2,56205,0,200000,49,0
319,3,2,29516,1070,50000,46,0
321,3,2,51908,2000,110000,29,0
327,3,2,325,950,220000,41,0
328,3,2,27233,3720,60000,34,0
330,3,2,100064,8100,150000,40,0
331,3,2,189,6900,200000,37,1
332,3,2,11883,500,130000,40,1
355,3,2,18122,1000,50000,58,0
361,3,2,499936,14000,500000,23,0
363,3,2,43562,1262,50000,32,0
368,3,2,2989,0,10000,24,0
382,3,2,3381,200,50000,37,0
400,3,2,109887,8272,120000,25,0
405,3,2,159676,11558,160000,29,0
411,3,2,30805,1600,60000,23,0
424,3,2,102663,3500,200000,38,0
427,3,2,13087,0,20000,49,0
436,3,2,229286,0,270000,32,0
457,3,2,74175,0,130000,39,0
474,3,2,31018,2000,60000,38,0
482,3,2,140202,11400,140000,26,1
484,3,2,71334,1600,90000,48,0
492,3,2,24022,1608,30000,43,0
498,3,2,18333,820,20000,23,1
502,3,2,28067,0,90000,35,0
514,3,2,31438,1300,50000,23,0
515,3,2,19534,577,20000,23,1
530,3,2,13771,28,20000,21,1
533,3,2,6143,871,10000,46,1
540,3,2,95768,3700,110000,40,0
543,3,2,28286,0,30000,36,0
551,3,2,6418,1000,100000,52,1
558,3,2,78516,3200,110000,32,1
588,3,2,21776,9631,210000,25,1
600,3,2,4606,0,300000,36,1
604,3,2,28171,924,140000,28,0
606,3,2,24121,0,50000,34,0
615,3,2,119570,0,190000,37,0
645,3,2,18782,742,30000,31,1
649,3,2,192189,8000,280000,44,0
650,3,6,20206,0,20000,46,0
669,3,2,97997,8000,100000,35,0
670,3,2,7678,0,20000,30,0
671,3,2,31840,5810,30000,34,1
674,3,7,2400,0,30000,25,0
676,3,2,32789,0,90000,42,0
677,3,2,159386,6500,190000,40,0
694,3,2,57571,2250,70000,30,1
704,3,2,49967,2000,50000,30,0
705,3,4,25814,0,30000,22,0
708,3,2,13268,0,30000,46,0
721,3,2,25499,1000,30000,22,1
750,3,6,36238,1000,50000,25,0
781,3,2,42804,3000,230000,29,1
782,3,2,1677,1180,50000,27,1
783,3,2,82759,3100,100000,28,0
791,3,2,25761,928,30000,51,0
799,3,2,18158,800,100000,48,0
802,3,2,19331,500,20000,25,0
807,3,2,1879,1146,80000,23,1
808,3,2,19862,0,20000,36,1
811,3,2,73732,247,120000,44,1
815,3,2,68405,2700,120000,33,0
816,3,2,223810,5600,280000,39,1
832,3,6,23353,0,20000,24,0
837,3,2,24253,1000,80000,23,0
849,3,4,150320,512,150000,37,0
852,3,2,29214,910,30000,32,0
857,3,2,30145,0,40000,29,1
858,3,2,52141,2000,100000,43,0
863,3,7,2450,0,30000,52,0
892,3,1,15882,3,400000,37,0
897,3,2,92351,11300,110000,55,0
898,3,2,129761,11000,170000,28,0
906,3,2,29325,0,30000,27,1
907,3,2,3679,700,50000,30,0
911,3,2,92860,1000,90000,25,0
914,3,2,23180,0,30000,45,1
924,3,2,398,796,20000,24,1
926,3,2,14040,0,180000,27,1
939,3,2,17752,0,180000,32,0
944,3,5,1200,0,80000,24,0
973,3,2,12183,2000,180000,39,0
977,3,2,7255,0,20000,25,0
982,3,6,33165,0,30000,29,0
989,3,2,284059,15000,360000,25,0
990,3,2,56828,2000,50000,54,0
991,3,2,142,74354,50000,39,1
992,3,2,291,803,260000,44,0
1009,3,4,23961,0,30000,34,1
1012,3,2,630,266,410000,31,1
1042,3,2,1990,9,230000,52,1
1045,3,2,20542,0,20000,22,0
1048,3,2,46468,0,140000,24,0
1051,3,3,279,0,110000,31,0
1070,3,2,36055,1000,110000,35,1
1082,3,2,9481,0,10000,32,0
1083,3,2,36530,1500,60000,30,0
1084,3,2,48913,2000,50000,25,0
1086,3,2,105275,4000,110000,43,1
1102,3,2,26269,2200,30000,24,1
1103,3,2,18136,8000,260000,46,1
1105,3,2,21034,0,20000,35,0
1111,3,2,86274,0,110000,29,0
1122,3,4,20581,0,20000,30,0
1133,3,4,271951,15405,270000,44,0
1134,3,2,47956,2004,50000,36,0
1135,3,2,17164,0,20000,28,0
1142,3,2,19798,700,30000,25,1
1146,3,2,132640,4500,240000,32,0
1147,3,7,2400,0,70000,31,0
1152,3,2,169223,5949,280000,30,0
1153,3,2,52372,2000,180000,42,0
1160,3,2,80300,0,80000,26,0
1171,3,2,13103,1500,140000,28,1
1176,3,2,12351,500,180000,25,0
1207,3,2,21142,3000,70000,49,0
1208,3,2,5552,2614,200000,33,1
1233,3,2,49837,2000,50000,47,1
1244,3,2,99973,103000,100000,50,0
1247,3,2,81959,10000,170000,39,0
1250,3,7,2400,0,350000,52,0
1264,3,2,632,0,150000,43,1
1268,3,2,27189,0,70000,34,0
1289,3,2,17522,0,20000,48,0
1297,3,2,39863,0,50000,29,0
1302,3,2,9473,308,10000,22,1
1303,3,2,50073,1500,50000,30,1
1316,3,2,4739,0,140000,48,1
1337,3,2,47550,0,70000,26,0
1358,3,2,18391,371,20000,22,0
1363,3,2,244949,11000,260000,37,0
1365,3,2,17936,1200,120000,46,1
1369,3,2,128491,0,180000,27,0
1373,3,5,1250,0,270000,42,0
1380,3,2,74755,2800,80000,26,0
1388,3,2,10656,1000,20000,39,0
1390,3,2,15133,1000,20000,22,1
1391,3,3,29210,1300,60000,37,0
1397,3,2,112073,4000,180000,24,0
1428,3,2,16602,3200,20000,32,0
1429,3,2,79104,3200,210000,37,0
1432,3,2,52527,2500,70000,42,0
1433,3,2,187521,6200,230000,32,0
1436,3,2,35572,0,100000,31,0
1441,3,2,53099,0,70000,24,1
1446,3,2,72205,2700,80000,25,0
1458,3,2,1924,0,500000,42,1
1461,3,3,1050,0,50000,37,0
1462,3,2,27507,1200,120000,36,1
1472,3,2,20200,0,20000,21,1
1486,3,7,2400,0,20000,44,0
1489,3,2,48964,2000,50000,28,0
1490,3,2,12637,1500,50000,29,1
1496,3,2,51184,0,170000,36,0
1497,3,2,350214,12302,360000,35,0
1510,3,2,58083,4700,180000,27,0
1518,3,2,177663,7100,190000,49,0
1522,3,5,10630,0,60000,40,0
1524,3,2,28497,2150,30000,27,0
1526,3,2,13433,480,20000,35,0
1533,3,2,19030,3633,20000,25,1
1540,3,2,82975,12,110000,28,1
1559,3,2,40071,1800,50000,31,0
1560,3,2,110084,4019,240000,38,1
1562,3,2,10227,0,150000,34,1
1564,3,2,25098,0,30000,56,1
1572,3,2,12022,1000,150000,33,0
1575,3,2,1823,3646,230000,43,1
1592,3,2,49243,2169,50000,33,0
1597,3,2,2756,0,150000,37,0
1598,3,2,106637,4000,110000,29,1
1607,3,2,75598,8000,160000,51,0
1626,3,2,17090,600,20000,63,0
1627,3,2,39922,2000,150000,48,1
1629,3,2,91936,5000,140000,31,0
1638,3,2,25218,0,30000,40,0
1639,3,2,69405,1220,70000,34,0
1647,3,2,39319,0,50000,27,0
1657,3,2,79713,4000,150000,29,1
1661,3,2,50498,0,50000,55,0
1663,3,2,4607,3000,90000,27,1
1667,3,2,50781,2200,90000,36,0
1670,3,2,16383,0,20000,40,1
1689,3,2,17199,504,20000,23,1
1697,3,2,20018,1000,20000,35,0
1703,3,2,19543,30000,150000,30,1
1706,3,2,5758,7000,20000,32,1
1707,3,2,120988,3800,230000,35,0
1730,3,2,36536,0,70000,41,0
1738,3,2,344460,12800,380000,41,1
1740,3,3,21054,0,20000,25,1
1752,3,3,1050,0,10000,38,0
1765,3,2,23647,0,130000,26,0
1767,3,2,9339,1000,20000,24,0
1776,3,2,17834,0,80000,37,0
1783,3,2,67648,0,160000,28,1
1787,3,2,23642,3000,40000,25,1
1836,3,2,17259,0,50000,37,0
1840,3,2,146534,5310,160000,51,0
1848,3,2,30789,0,30000,26,0
1860,3,2,37890,150,50000,39,1
1862,3,5,7741,0,10000,35,0
1869,3,2,46134,2000,160000,41,0
1870,3,2,35704,1500,40000,23,0
1880,3,2,17302,800,30000,47,0
1882,3,2,41845,2000,150000,34,0
1889,3,2,88577,0,90000,32,0
1892,3,2,819,2145,150000,30,1
1895,3,7,89011,10000,100000,30,0
1909,3,2,22478,2300,30000,36,0
1954,3,2,48310,3000,50000,22,1
1956,3,2,9289,1008,10000,41,0
1957,3,2,2500,0,220000,42,0
1961,3,2,28991,1178,30000,37,0
1967,3,1,73960,770,90000,29,0
1982,3,2,41199,2000,80000,40,0
1988,3,2,9738,0,10000,25,0
1989,3,2,117392,3500,140000,34,0
1993,3,3,471175,25065,580000,67,0
1995,3,2,12071,1000,20000,52,1
1999,3,2,102527,4000,140000,34,1
2012,3,2,134573,5399,150000,51,1
2017,3,2,6920,251,20000,22,0
2046,3,2,60732,2800,110000,26,0
2052,3,2,53782,300,50000,27,0
2054,3,2,140185,0,140000,37,0
2058,3,2,46640,811,50000,51,1
2059,3,2,17514,3000,100000,35,0
2072,3,2,11238,2000,20000,29,0
2078,3,2,76652,2800,150000,55,0
2080,3,2,10277,3000,230000,43,0
2087,3,2,59518,0,110000,36,0
2090,3,2,81630,3200,90000,41,0
2091,3,2,1372,0,250000,42,1
2092,3,2,14692,1000,270000,31,0
2097,3,2,97982,3912,80000,37,0
2100,3,2,44187,1500,50000,24,0
2102,3,2,58679,2100,140000,35,0
2103,3,3,4064,0,10000,53,0
2106,3,2,15586,2000,20000,23,0
2109,3,2,60755,0,160000,49,0
2115,3,2,13145,1200,70000,44,0
2118,3,2,1170,0,20000,43,1
2119,3,2,16457,4750,20000,39,1
2122,3,2,66526,3000,160000,34,0
2123,3,2,47074,0,50000,36,0
2131,3,2,113177,3805,140000,57,0
2135,3,2,70848,2600,160000,66,0
2148,3,2,16323,1000,50000,26,1
2156,3,2,105676,4000,110000,29,0
2164,3,2,19995,7171,20000,30,1
2168,3,2,186539,14100,400000,49,0
2188,3,2,28085,0,30000,57,1
2196,3,2,18664,368,50000,23,1
2215,3,2,23192,1500,50000,41,1
2219,3,2,50071,300,50000,58,0
2235,3,2,19309,0,20000,30,0
2243,3,2,10277,0,10000,22,0
2248,3,2,174328,0,280000,36,0
2252,3,2,4613,1000,50000,36,0
2257,3,2,14635,1226,30000,25,0
2263,3,2,210839,8275,220000,26,0
2268,3,2,3724,153400,230000,33,1
2269,3,2,16087,1500,30000,39,0
2270,3,2,47229,1800,70000,24,1
2284,3,2,51727,0,70000,29,1
2287,3,2,42413,0,50000,27,0
2292,3,2,400,0,90000,35,1
2293,3,3,73690,0,80000,43,0
2294,3,2,200,0,360000,46,1
2304,3,2,163930,7000,180000,32,0
2322,3,2,780,0,30000,39,0
2325,3,5,186029,0,200000,39,0
2333,3,2,5275,0,10000,23,0
2334,3,2,4465,0,210000,38,1
2341,3,2,47168,0,80000,25,0
2349,3,2,7576,144,30000,28,0
2353,3,2,14360,800,20000,34,1
2363,3,6,23391,0,20000,24,0
2375,3,2,36822,1500,50000,25,0
2376,3,2,34773,0,40000,38,0
2377,3,2,35448,2000,230000,35,1
2390,3,2,19271,1000,150000,39,0
2393,3,2,40796,1700,50000,32,0
2394,3,2,10198,600,20000,49,1
2400,3,2,163036,5000,260000,28,1
2403,3,2,56709,0,80000,29,0
2406,3,7,2400,0,50000,43,0
2421,3,2,1196,0,180000,35,0
2422,3,2,16047,0,20000,24,0
2426,3,2,18872,3000,20000,22,1
2428,3,2,27483,1000,50000,33,0
2430,3,2,3889,1000,170000,24,1
2432,3,2,54976,1580,130000,27,0
2433,3,2,32931,0,30000,34,0
2435,3,2,85194,2500,120000,25,0
2448,3,2,46295,1600,50000,41,0
2454,3,2,61183,1500,60000,23,1
2458,3,2,9258,2000,30000,44,0
2459,3,2,31401,1400,80000,25,0
2462,3,2,31034,0,30000,26,0
2464,3,2,19248,0,20000,27,0
2466,3,2,132132,0,100000,29,0
2471,3,2,100772,3500,140000,29,0
2472,3,3,11562,0,20000,29,0
2485,3,2,81472,2989,80000,27,0
2489,3,2,108533,7800,110000,33,0
2491,3,2,77034,1500,200000,30,1
2506,3,2,1170,0,200000,44,1
2510,3,2,24182,2550,30000,28,0
2511,3,2,30092,1045,30000,24,0
2550,3,2,48506,1000,50000,23,0
2558,3,2,73548,12,200000,28,0
2566,3,2,3421,10000,250000,30,1
2569,3,2,8244,0,10000,54,1
2573,3,2,5674,0,200000,41,1
2583,3,2,102724,0,110000,46,1
2590,3,2,61115,2235,210000,35,0
2592,3,2,18180,0,30000,22,0
2607,3,2,6854,0,170000,34,1
2634,3,2,49029,1000,50000,30,0
2637,3,2,70912,43,130000,31,0
2641,3,2,73788,2790,80000,35,0
2642,3,4,45718,0,50000,42,0
2657,3,2,39145,1400,100000,27,1
2659,3,2,84020,15000,180000,46,0
2660,3,2,28444,1100,50000,41,0
2668,3,2,2047,14150,120000,38,1
2676,3,2,9944,500,20000,60,1
2677,3,2,131281,4260,120000,51,1
2700,3,2,21054,908,30000,36,0
2704,3,2,7599,2000,130000,23,0
2707,3,2,28966,1030,30000,47,0
2713,3,2,58563,1000,60000,39,1
2715,3,2,28654,0,30000,35,0
2723,3,2,139902,6800,140000,41,0
2728,3,2,25652,1004,200000,27,1
2729,3,2,18456,5000,30000,42,1
2731,3,3,32600,0,50000,30,0
2738,3,2,133457,4800,240000,47,0
2747,3,2,76776,3000,80000,34,0
2751,3,2,2268,1732,260000,32,1
2757,3,5,228663,0,200000,31,0
2758,3,2,29776,1500,70000,38,1
2773,3,2,43582,2000,50000,25,0
2777,3,2,176137,11700,180000,39,0
2790,3,2,3180,1831,50000,25,1
2797,3,2,250,7000,200000,38,1
2802,3,4,84107,0,140000,28,0
2818,3,2,38838,1700,50000,24,0
2822,3,2,4090,0,30000,60,0
2836,3,2,47250,0,50000,27,0
2844,3,2,112056,4087,120000,28,0
2853,3,2,86858,2800,90000,24,0
2855,3,2,17796,0,50000,25,0
2865,3,2,30854,0,50000,46,0
2877,3,2,39068,12858,60000,23,0
2878,3,2,136572,0,160000,23,1
2900,3,2,780,0,130000,29,1
2902,3,2,450,0,210000,39,1
2904,3,2,47632,1894,60000,36,0
2909,3,2,5607,59265,100000,35,0
2917,3,6,35381,0,20000,26,0
2927,3,2,27385,1200,30000,34,0
2944,3,2,19682,815,20000,24,1
2945,3,2,88183,5804,90000,28,1
2964,3,2,47722,3800,140000,42,0
2974,3,2,150,0,30000,24,0
2999,3,2,22538,1000,50000,38,1
3003,3,2,6700,0,30000,44,0
3008,3,2,5064,0,10000,24,0
3010,3,2,23481,859,30000,25,0
3012,3,2,118668,3543,250000,50,1
3021,3,2,21889,1500,30000,44,0
3024,3,2,55581,4600,100000,36,0
3025,3,2,112016,4233,100000,36,1
3032,3,2,10526,1000,20000,22,1
3034,3,3,1092,323,50000,54,0
3047,3,2,301265,12000,330000,41,0
3064,3,2,43673,2000,50000,25,0
3066,3,2,4308,624,70000,25,0
3087,3,7,300,0,30000,24,0
3088,3,2,400,20334,310000,29,0
3094,3,2,224753,8500,230000,30,0
3141,3,2,19530,0,20000,49,0
3144,3,2,50022,4200,70000,41,0
3155,3,2,1488,2,360000,25,1
3157,3,2,30658,2000,70000,28,0
3171,3,2,11926,0,20000,23,0
3181,3,2,4367,7660,90000,43,1
3186,3,2,1098,0,30000,28,0
3187,3,2,48505,0,70000,26,0
3191,3,2,2130,0,150000,26,1
3199,3,2,19096,1000,20000,24,1
3201,3,2,58787,2304,60000,26,1
3202,3,2,8340,1855,20000,30,0
3211,3,2,238075,0,230000,30,0
3217,3,2,18219,0,20000,25,0
3223,3,2,103019,0,200000,33,0
3226,3,2,17980,1000,20000,44,1
3234,3,2,29856,2304,30000,26,0
3244,3,2,17498,8213,30000,22,1
3248,3,2,115306,0,120000,28,0
3254,3,2,4284,0,50000,47,0
3257,3,3,78129,6300,80000,24,0
3276,3,2,20329,0,20000,59,0
3279,3,3,19985,651,20000,23,1
3288,3,2,13909,0,30000,30,0
3296,3,2,78772,2000,80000,37,0
3303,3,2,17176,0,20000,23,0
3311,3,2,83164,3000,110000,31,0
3325,3,2,115173,4000,130000,33,0
3337,3,2,22231,0,80000,31,0
3339,3,2,8440,900,10000,24,0
3345,3,2,30571,2000,30000,29,0
3351,3,2,21863,1800,30000,44,0
3354,3,2,44607,2000,100000,33,1
3367,3,2,282092,0,260000,26,1
3370,3,2,8280,4000,20000,35,0
3379,3,4,37,0,30000,28,0
3395,3,2,421,2833,90000,33,1
3414,3,2,91242,0,150000,33,0
3428,3,2,10167,1000,20000,48,1
3442,3,2,43320,5651,110000,33,1
3452,3,2,43407,2000,50000,26,1
3457,3,2,25731,1100,50000,29,0
3458,3,2,197722,0,280000,46,0
3460,3,2,44652,4970,230000,30,1
3462,3,2,13420,2000,60000,35,1
3472,3,2,11228,2475,40000,28,1
3482,3,2,21070,1000,40000,23,0
3486,3,2,38684,3000,50000,42,0
3495,3,2,98503,3900,100000,25,0
3501,3,2,17969,3000,30000,56,0
3509,3,2,1303,5387,210000,33,0
3510,3,2,45744,0,50000,27,0
3513,3,2,45603,0,60000,28,0
3528,3,2,9382,1600,20000,50,0
3532,3,2,28328,1200,160000,41,0
3536,3,2,19177,0,90000,35,1
3538,3,5,215959,0,220000,28,0
3540,3,2,28721,3300,30000,45,0
3549,3,2,20085,500,20000,37,0
3555,3,2,76090,3000,80000,35,1
3561,3,2,9937,0,80000,57,0
3562,3,2,64288,2600,90000,33,0
3564,3,2,105806,2915,90000,24,0
3568,3,2,269849,8300,230000,39,0
3569,3,2,1929,1980,70000,27,0
3574,3,2,9844,400,10000,24,1
3576,3,2,60943,1767,60000,28,0
3578,3,2,1250,700,50000,42,1
3580,3,2,9501,830,10000,56,1
3584,3,2,6066,0,10000,51,0
3590,3,2,52431,2000,70000,26,0
3594,3,2,59587,3000,80000,28,0
3598,3,2,38222,580,50000,37,0
3619,3,2,1170,0,210000,41,1
3641,3,2,31623,2589,50000,41,0
3657,3,2,114087,3400,110000,25,0
3664,3,3,1050,0,30000,24,0
3665,3,2,6242,1000,110000,29,0
3669,3,2,1896,1527,300000,37,0
3674,3,2,17418,770,20000,47,0
3687,3,2,67741,3200,80000,28,0
3696,3,2,43976,2500,50000,44,1
3716,3,2,156531,2300,220000,27,0
3720,3,2,780,0,50000,30,1
3722,3,2,20559,1000,90000,29,1
3742,3,2,40985,0,40000,47,0
3744,3,2,35965,2000,40000,45,0
3767,3,2,49213,1600,100000,40,0
3777,3,2,631,600,250000,26,0
3783,3,2,1117,0,120000,28,1
3785,3,2,29702,1500,30000,32,1
3786,3,5,76767,0,80000,43,0
3803,3,2,32122,0,60000,48,1
3806,3,2,132693,5200,140000,27,0
3820,3,2,17032,1000,30000,24,0
3821,3,2,8820,0,220000,42,1
3823,3,3,80581,0,80000,27,0
3840,3,2,28421,1100,50000,28,0
3846,3,2,17660,0,60000,26,1
3849,3,2,44784,0,70000,29,1
3860,3,2,11411,744,20000,32,0
3864,3,2,3244,1000,30000,39,0
3870,3,2,11988,35011,90000,26,0
3873,3,2,26393,3712,30000,49,0
3879,3,3,1050,0,20000,26,0
3885,3,2,390,780,20000,24,1
3896,3,2,2982,1732,30000,22,1
3899,3,2,43514,2000,70000,25,1
3902,3,2,10061,0,50000,27,0
3904,3,2,4279,313,50000,30,1
3908,3,2,12421,0,30000,29,0
3910,3,2,776,221876,220000,30,1
3936,3,2,117545,0,130000,32,0
3938,3,2,43153,1700,60000,30,0
3951,3,2,120459,5020,120000,30,0
3959,3,2,37332,3000,50000,42,1
3964,3,2,19492,0,90000,23,0
3967,3,2,59129,0,60000,25,1
3968,3,2,9714,0,50000,53,1
3991,3,2,137251,11000,240000,47,0
3993,3,2,19830,0,20000,22,0
3999,3,2,12459,1000,20000,23,0
4004,3,2,39909,10004,120000,25,1
4007,3,3,1050,0,10000,46,0
4014,3,2,18335,1500,20000,22,0
4016,3,3,86256,3200,100000,33,0
4020,3,2,28690,0,30000,27,0
4042,3,2,13455,2000,20000,36,1
4048,3,2,19798,2000,220000,60,0
4053,3,2,4988,200,190000,32,1
4059,3,2,3944,87170,400000,28,1
4065,3,2,28139,1026,50000,31,0
4066,3,2,964,0,100000,46,1
4070,3,2,66432,8023,150000,30,1
4075,3,2,66633,1634,230000,28,1
4077,3,2,11983,572,90000,37,0
4078,3,2,43662,2000,50000,29,0
4094,3,2,24541,3100,100000,31,0
4103,3,2,6649,0,240000,36,1
4109,3,2,46088,2000,390000,29,1
4119,3,2,17301,1000,50000,36,1
4130,3,2,416,7509,170000,52,1
4134,3,2,149765,4500,200000,39,1
4142,3,2,29577,1000,50000,42,0
4145,3,2,660,1320,200000,42,1
4146,3,2,45235,1600,50000,46,0
4148,3,3,11448,0,20000,26,0
4161,3,4,38151,0,50000,25,0
4162,3,2,6406,14,200000,44,0
4170,3,2,28210,0,60000,46,1
4175,3,2,33430,1800,140000,34,1
4189,3,2,264482,20000,310000,43,0
4190,3,3,9451,0,10000,41,1
4194,3,2,7800,1000,10000,22,0
4202,3,2,158759,13366,500000,32,1
4206,3,2,105382,7000,130000,25,1
4209,3,2,20831,1000,30000,23,0
4213,3,2,35089,0,70000,31,0
4218,3,2,40364,3400,50000,33,0
4247,3,2,34789,500,50000,35,1
4249,3,2,52570,2500,90000,42,0
4253,3,2,31523,2000,180000,39,1
4262,3,2,28201,994,30000,50,1
4264,3,2,7064,0,30000,52,0
4302,3,2,106317,1240,150000,37,0
4303,3,2,3225,4230,360000,31,1
4324,3,2,413844,14000,500000,31,0
4331,3,3,23090,0,30000,26,0
4333,3,2,41226,0,300000,39,1
4337,3,6,365250,0,330000,39,0
4341,3,2,337703,13000,380000,34,0
4347,3,2,4440,0,30000,44,1
4352,3,2,36558,2000,60000,25,1
4354,3,2,18325,600,20000,23,0
4367,3,2,59823,1300,90000,36,0
4375,3,3,49097,2000,50000,54,0
4378,3,2,24122,0,100000,52,0
4379,3,2,98093,4000,180000,34,0
4388,3,6,108539,0,90000,35,0
4397,3,2,390,780,80000,25,1
4405,3,3,59730,3500,100000,25,0
4415,3,2,2247,8,350000,39,1
4425,3,2,240448,6672,250000,49,0
4429,3,2,28854,70000,500000,41,1
4433,3,2,27425,1500,30000,42,0
4445,3,6,105931,1170,100000,36,0
4448,3,2,86671,6800,90000,52,0
4471,3,2,49636,2000,70000,35,0
4475,3,2,69825,2800,120000,32,0
4493,3,2,33311,2800,50000,26,0
4506,3,2,35690,0,50000,51,0
4508,3,3,30937,6,30000,42,0
4510,3,2,123503,4600,130000,42,0
4528,3,2,50406,0,60000,27,0
4529,3,2,174261,7001,200000,31,1
4543,3,2,83130,3100,100000,29,0
4547,3,2,183158,6300,220000,24,0
4551,3,2,14547,1000,30000,64,0
4558,3,2,48928,2000,160000,39,1
4559,3,2,31772,1200,40000,27,1
4570,3,2,17272,1434,30000,43,0
4573,3,2,6111,1000,10000,55,0
4575,3,2,2337,1904,200000,26,1
4580,3,2,175766,4558,200000,50,0
4583,3,2,29205,1013,30000,22,0
4584,3,2,58792,2400,110000,54,0
4593,3,2,17629,700,100000,46,0
4595,3,2,30031,597,30000,32,1
4609,3,2,78047,3200,160000,30,0
4612,3,2,3042,2500,350000,35,1
4618,3,2,12902,0,20000,24,0
4622,3,2,6595,2000,50000,25,1
4631,3,2,62635,4000,100000,35,0
4635,3,2,119697,0,160000,27,1
4641,3,2,75888,2960,150000,31,0
4650,3,2,21933,1500,50000,25,1
4652,3,2,253863,9400,330000,44,1
4660,3,2,47837,1900,100000,50,0
4668,3,2,50109,2000,60000,30,1
4670,3,2,18027,500,50000,57,1
4674,3,2,44015,0,50000,27,0
4675,3,2,269528,150,400000,44,0
4690,3,2,165156,0,170000,39,0
4698,3,2,129959,3500,130000,28,0
4701,3,2,98314,10000,180000,45,0
4714,3,2,13844,1300,20000,25,1
4720,3,2,56473,1135,60000,25,0
4729,3,2,7909,2000,50000,26,1
4741,3,2,18409,1000,50000,36,0
4746,3,2,159948,12000,160000,28,0
4747,3,2,49519,0,110000,27,0
4756,3,2,48731,2102,50000,25,1
4768,3,2,77611,3000,500000,50,0
4775,3,2,47595,1800,80000,42,0
4787,3,2,98969,2500,100000,56,1
4790,3,2,19583,392,20000,35,0
4791,3,2,744,5762,150000,24,0
4792,3,2,19414,392,20000,38,1
4802,3,4,218603,0,190000,35,0
4804,3,2,9695,2000,50000,29,0
4839,3,2,16227,1000,50000,22,0
4841,3,2,30308,1016,50000,37,0
4848,3,2,25142,1000,50000,54,0
4852,3,2,1333,0,150000,37,1
4858,3,2,47619,0,50000,32,0
4861,3,2,90687,3900,210000,41,0
4863,3,2,73462,0,80000,32,0
4867,3,2,4833,0,130000,29,0
4876,3,2,21780,2000,40000,41,0
4883,3,2,45468,4000,50000,29,0
4884,3,2,122881,4600,150000,32,0
4885,3,2,19612,2900,70000,30,1
4894,3,2,113902,5000,160000,28,0
4902,3,2,8992,1000,20000,50,1
4918,3,2,135146,5100,160000,35,0
4927,3,2,2973,0,280000,31,1
4929,3,2,381,0,150000,49,1
4932,3,2,18089,0,30000,29,0
4982,3,2,2500,0,240000,43,1
4986,3,2,78214,0,150000,26,0
4993,3,2,79347,5800,80000,36,0
5008,3,2,15767,0,20000,44,1
5013,3,2,49338,1000,30000,40,0
5018,3,2,91317,7200,190000,34,1
5020,3,2,16879,757,20000,48,0
5023,3,2,476,3157,230000,26,1
5032,3,2,18104,1060,170000,49,0
5036,3,2,366338,14000,400000,45,1
5037,3,2,8434,0,320000,33,1
5049,3,2,78743,2900,80000,30,0
5057,3,2,63937,5000,120000,34,0
5062,3,2,58583,600,60000,25,0
5065,3,2,19112,1382,20000,53,1
5067,3,2,3816,4223,350000,49,1
5077,3,2,27687,1500,50000,31,0
5080,3,2,178983,6400,200000,43,0
5085,3,2,137328,5014,140000,45,0
5100,3,2,50614,5,50000,29,0
5113,3,2,79424,0,150000,33,1
5114,3,2,26011,2078,30000,36,0
5116,3,3,20930,0,20000,31,0
5117,3,2,24453,1100,30000,29,0
5129,3,2,24209,0,60000,38,0
5136,3,2,78181,5700,180000,32,0
5148,3,2,14687,2000,50000,25,0
5151,3,2,6274,300,20000,36,0
5152,3,2,13348,1048,20000,43,1
5162,3,2,16473,3000,20000,22,1
5164,3,2,91803,5000,110000,26,0
5170,3,2,139462,4578,140000,26,1
5172,3,2,32855,1300,70000,46,0
5178,3,2,72413,2600,190000,50,0
5185,3,2,100818,3000,100000,45,1
5189,3,2,114448,4500,140000,28,0
5199,3,2,18877,682,20000,51,1
5200,3,2,68645,1008,70000,24,0
5215,3,2,18262,1000,320000,50,1
5220,3,2,79206,3000,80000,47,1
5224,3,2,91211,1170,90000,48,0
5225,3,2,35046,1200,50000,22,0
5236,3,2,9686,5000,20000,21,0
5243,3,2,6100,0,20000,50,0
5248,3,2,26578,2000,70000,28,1
5255,3,3,68107,0,70000,29,1
5285,3,4,600,0,80000,36,0
5312,3,2,26128,5003,80000,46,1
5313,3,2,12969,1000,50000,24,1
5322,3,2,2301,6227,60000,26,1
5323,3,2,17302,1000,20000,34,0
5332,3,2,10571,600,20000,52,1
5339,3,4,1650,0,20000,25,0
5343,3,2,75688,1806,80000,27,0
5344,3,2,9089,295,10000,31,1
5353,3,2,430,0,100000,48,0
5372,3,2,8881,0,10000,40,0
5384,3,3,17843,0,20000,25,0
5386,3,2,6478,7535,50000,48,1
5391,3,2,168386,0,200000,37,0
5399,3,2,13859,700,50000,27,0
5405,3,2,26942,0,130000,36,1
5406,3,2,8710,1000,150000,27,1
5420,3,2,29216,1200,30000,47,0
5428,3,2,36319,1000,50000,50,1
5429,3,2,18306,1274,100000,42,1
5440,3,2,29003,1000,110000,42,0
5441,3,2,24372,1000,120000,39,1
5445,3,3,189659,0,140000,47,0
5452,3,2,25098,0,50000,31,0
5456,3,2,72215,0,70000,28,0
5458,3,3,101256,0,100000,28,0
5464,3,2,5509,1000,30000,25,0
5467,3,2,29582,0,80000,37,0
5470,3,2,740,740,200000,30,1
5473,3,3,19743,0,20000,55,0
5475,3,2,169476,12000,290000,36,0
5486,3,2,300,0,30000,28,0
5488,3,2,27504,1000,30000,33,0
5496,3,2,5791,500,100000,36,1
5513,3,2,2500,0,200000,69,0
5523,3,2,30940,1300,70000,22,1
5533,3,2,125284,5000,270000,33,1
5537,3,2,7877,1000,30000,24,1
5543,3,2,115223,5100,280000,30,0
5552,3,2,16374,800,20000,40,0
5572,3,2,31154,1200,100000,30,0
5580,3,2,25502,3509,30000,58,0
5584,3,2,58971,1100,60000,22,1
5592,3,2,29322,1148,30000,49,1
5593,3,2,27769,1200,30000,49,0
5611,3,2,162923,5700,160000,27,0
5627,3,2,2504,0,360000,51,0
5643,3,2,68193,3000,80000,41,0
5656,3,2,20905,0,20000,24,0
5659,3,2,50603,39,50000,38,0
5662,3,2,5794,20218,270000,42,1
5675,3,2,93277,7000,100000,41,0
5682,3,2,13887,910,30000,23,0
5685,3,2,28406,1200,160000,35,1
5722,3,2,13523,1200,30000,27,0
5725,3,2,47748,3800,50000,25,0
5727,3,2,27570,1500,120000,37,0
5739,3,2,11088,0,20000,23,0
5743,3,2,24031,1600,30000,59,0
5744,3,2,5529,0,20000,22,1
5747,3,2,79757,3000,120000,38,0
5751,3,2,151842,0,160000,37,0
5756,3,2,15038,0,30000,29,0
5763,3,2,18181,514,20000,27,1
5771,3,2,4571,500,180000,38,0
5786,3,2,62158,0,60000,26,0
5787,3,2,2500,0,240000,40,0
5788,3,2,139323,5100,160000,40,1
5794,3,2,17742,1829,50000,48,0
5800,3,2,14109,473,50000,23,0
5813,3,2,110887,4300,190000,36,0
5819,3,2,132655,5000,170000,30,1
5820,3,2,8000,0,20000,24,0
5829,3,2,50151,718,50000,42,0
5832,3,2,104207,0,140000,34,0
5834,3,2,28827,1000,30000,26,0
5838,3,7,2400,0,10000,26,0
5845,3,2,115839,10000,180000,27,1
5846,3,5,59595,0,60000,59,0
5851,3,2,10373,0,200000,28,1
5865,3,2,780,0,10000,41,1
5868,3,2,20399,0,30000,24,0
5886,3,2,13474,0,20000,29,0
5887,3,2,6181,700,20000,23,0
5902,3,2,128308,1000,140000,27,0
5912,3,2,26552,1902,30000,24,1
5916,3,7,150,0,110000,41,0
5919,3,2,199,580,180000,33,1
5925,3,2,384060,1000,340000,31,0
5931,3,2,26976,968,50000,24,0
5933,3,3,121140,0,130000,29,1
5980,3,2,16315,1355,70000,24,0
5983,3,2,7226,1007,10000,36,1
5986,3,2,31676,1400,100000,44,0
6015,3,2,30785,1300,50000,25,1
6026,3,2,360999,0,440000,31,0
6033,3,2,65181,5494,500000,41,1
6039,3,2,108759,0,130000,23,0
6041,3,7,2400,0,20000,23,0
6045,3,2,4957,0,500000,55,0
6046,3,2,182657,0,200000,27,0
6050,3,2,164665,6100,200000,52,0
6056,3,4,150,0,50000,49,0
6061,3,2,416,2304,170000,36,1
6062,3,2,142475,5300,150000,36,0
6073,3,2,416,3285,50000,30,1
6079,3,2,146844,5300,150000,25,0
6083,3,2,16490,1002,50000,41,0
6085,3,3,1050,0,10000,23,0
6086,3,2,135691,5700,140000,37,1
6089,3,2,30091,1630,90000,24,1
6090,3,2,103351,0,130000,52,0
6109,3,2,114496,9975,120000,35,0
6122,3,2,108995,3100,250000,29,0
6123,3,2,75239,0,150000,39,0
6128,3,2,177477,5000,180000,60,0
6138,3,2,780,0,20000,22,1
6146,3,2,101670,0,100000,46,1
6147,3,2,26352,8000,100000,38,0
6155,3,2,24053,1967,30000,34,0
6167,3,2,13225,0,30000,27,1
6176,3,2,33489,0,50000,25,0
6177,3,2,25141,1000,30000,28,0
6182,3,2,60486,0,100000,35,0
6183,3,2,24486,3000,70000,24,0
6194,3,2,65348,3000,70000,45,0
6199,3,2,16453,0,30000,49,1
6211,3,2,46320,0,50000,34,0
6216,3,2,976,563,200000,41,0
6217,3,2,8900,453,50000,43,1
6218,3,2,3772,0,300000,38,0
6225,3,2,152251,5600,190000,34,1
6233,3,2,41140,1655,60000,29,0
6250,3,2,37089,3000,40000,36,1
6256,3,2,52993,0,130000,39,0
6258,3,2,4093,1000,20000,45,0
6272,3,7,2400,0,10000,23,0
6279,3,2,9360,1000,20000,54,1
6282,3,2,22768,800,30000,26,0
6286,3,2,82532,6500,140000,30,0
6301,3,2,9528,500,30000,24,0
6306,3,2,21488,0,30000,43,0
6316,3,2,6224,227,10000,24,1
6321,3,3,25146,2113,30000,51,0
6328,3,2,8114,0,20000,22,0
6335,3,2,66279,6000,70000,33,0
6344,3,2,18608,2000,150000,53,0
6345,3,2,6214,1000,190000,27,0
6348,3,2,78536,17000,260000,31,0
6349,3,2,64682,2600,80000,34,0
6353,3,3,23840,0,50000,33,0
6366,3,2,20057,687,20000,27,1
6371,3,2,103632,0,120000,31,0
6373,3,2,19090,0,20000,33,1
6374,3,4,100328,0,100000,52,0
6379,3,2,300,500,120000,34,0
6380,3,2,28184,1030,70000,27,0
6408,3,2,29355,603,90000,35,0
6419,3,2,29282,588,30000,38,1
6420,3,2,30394,0,30000,27,1
6427,3,2,104365,0,100000,24,0
6436,3,2,3878,2720,230000,36,1
6456,3,2,55297,2000,80000,28,0
6471,3,2,697,1373,160000,34,1
6479,3,2,5420,1596,50000,29,1
6493,3,3,30604,0,30000,40,0
6498,3,2,192422,6000,190000,40,1
6501,3,2,8826,318,10000,47,1
6510,3,3,1050,0,50000,25,0
6521,3,2,12784,0,230000,37,1
6528,3,2,42887,0,80000,49,0
6540,3,2,78145,6000,80000,28,1
6541,3,2,59200,2250,60000,31,0
6551,3,2,22740,0,50000,24,0
6557,3,2,19739,0,20000,22,0
6580,3,2,19345,1000,50000,25,0
6582,3,3,217329,0,240000,40,0
6583,3,2,177684,7000,200000,29,0
6584,3,2,823,0,200000,27,1
6586,3,2,90684,0,100000,26,0
6596,3,2,80146,0,80000,23,0
6601,3,2,7187,1300,20000,24,0
6605,3,2,19693,239,20000,27,1
6608,3,2,20332,0,20000,27,0
6622,3,2,28415,640,50000,41,0
6628,3,4,58411,2001,60000,37,0
6630,3,2,20071,2000,30000,44,0
6637,3,2,60313,2400,80000,41,0
6644,3,2,16926,1000,20000,29,1
6646,3,2,30128,1200,30000,46,0
6648,3,2,12900,0,160000,45,0
6660,3,2,5381,0,10000,44,0
6668,3,2,38423,0,50000,39,0
6674,3,2,21658,1800,30000,34,0
6677,3,2,100117,3600,210000,30,1
6684,3,2,9307,500,10000,38,1
6687,3,2,121910,6000,220000,29,0
6688,3,2,213758,0,260000,42,0
6697,3,2,31226,5000,230000,31,1
6703,3,4,67976,2000,200000,30,0
6709,3,2,28167,1168,30000,24,0
6719,3,2,64222,3008,200000,29,1
6724,3,2,80453,0,200000,46,0
6726,3,2,4579,1500,200000,36,1
6727,3,2,76917,0,160000,34,0
6730,3,2,40238,1528,390000,43,0
6745,3,2,7784,1000,10000,23,1
6750,3,2,82228,3010,250000,30,1
6751,3,2,23908,1600,30000,46,0
6753,3,2,30474,12,30000,50,0
6754,3,6,16193,780,20000,44,0
6772,3,2,19462,0,20000,53,1
6783,3,1,63010,10036,500000,32,0
6784,3,2,29659,2600,70000,26,0
6785,3,2,652,326,100000,24,0
6789,3,2,15590,10610,50000,25,1
6797,3,2,29913,1300,30000,47,1
6801,3,2,17457,1000,20000,50,0
6827,3,2,112131,0,110000,37,1
6828,3,2,40655,4000,60000,24,0
6829,3,4,12276,0,20000,26,0
6836,3,2,750,14724,190000,31,0
6838,3,2,18935,653,20000,25,0
6839,3,2,77611,2900,80000,42,0
6843,3,2,15907,1500,20000,25,0
6855,3,2,131176,11000,180000,35,0
6862,3,2,129104,0,210000,31,0
6864,3,2,54439,0,60000,48,1
6885,3,2,93321,4000,110000,38,0
6889,3,2,68,1000,80000,23,1
6894,3,2,365461,10019,370000,29,0
6895,3,2,48669,2000,60000,43,0
6897,3,2,13654,553,30000,35,0
6898,3,2,63154,3000,120000,32,0
6917,3,2,8813,1400,10000,22,0
6918,3,2,273333,10000,300000,26,0
6927,3,2,63309,2250,60000,24,0
6938,3,2,112099,10000,200000,27,0
6946,3,2,1878,0,50000,25,1
6952,3,2,6052,500,30000,26,0
6969,3,2,8506,500,50000,25,1
6974,3,3,52026,1800,50000,24,0
6976,3,2,80748,6077,100000,36,0
6990,3,2,57538,0,120000,26,0
6991,3,2,6302,1000,20000,59,0
6995,3,2,384242,15164,410000,28,0
7003,3,2,50207,2000,80000,39,0
7023,3,2,61749,5000,100000,44,0
7038,3,2,115258,7800,120000,52,0
7043,3,2,488,0,210000,26,1
7047,3,2,11254,0,80000,53,0
7049,3,2,327193,13000,350000,44,0
7057,3,2,47837,4321,100000,29,0
7068,3,3,750,0,90000,30,0
7069,3,2,86686,4800,150000,37,0
7071,3,2,31594,0,80000,40,1
7072,3,2,94110,2000,100000,32,0
7074,3,2,128479,5000,140000,31,0
7083,3,2,14020,1925,20000,31,0
7092,3,2,19399,709,50000,23,1
7118,3,2,26745,1000,30000,35,1
7119,3,2,129669,5000,130000,30,0
7135,3,2,38223,6000,60000,25,0
7138,3,2,50186,2000,180000,38,0
7145,3,2,99983,3100,100000,30,0
7146,3,2,26580,1000,100000,35,0
7155,3,2,29628,3218,70000,27,0
7175,3,2,23073,1653,20000,36,0
7179,3,2,36260,1285,100000,33,1
7182,3,2,2880,13267,240000,34,1
7185,3,2,2182,220,80000,25,0
7188,3,2,19707,1800,20000,25,0
7193,3,2,18841,0,60000,49,0
7209,3,2,100455,1500,130000,30,1
7214,3,2,5413,5000,140000,32,1
7216,3,2,27648,2400,30000,56,0
7243,3,2,15591,39424,320000,47,1
7245,3,2,316,782,200000,52,1
7248,3,2,16090,5148,20000,24,0
7254,3,3,50597,0,50000,26,0
7262,3,2,9389,0,10000,25,1
7269,3,2,13307,545,20000,36,0
7271,3,2,40298,1500,100000,38,0
7277,3,2,18409,1000,20000,28,0
7285,3,2,68044,10452,110000,24,0
7292,3,2,121249,5000,150000,41,0
7308,3,2,26241,911,30000,33,0
7311,3,3,84369,0,90000,23,0
7323,3,2,2500,0,360000,30,0
7330,3,2,1934,0,140000,24,1
7332,3,2,18617,0,150000,27,0
7338,3,2,3074,3660,230000,36,1
7345,3,2,86369,5001,100000,50,1
7352,3,2,85022,10000,210000,30,1
7369,3,2,16383,700,30000,27,0
7372,3,2,143475,0,140000,36,1
7375,3,2,52687,2000,180000,38,1
7377,3,2,109903,3000,130000,31,0
7395,3,2,24988,0,30000,31,0
7400,3,2,29089,200,40000,26,0
7409,3,2,28762,1496,30000,41,0
7416,3,2,18506,900,20000,42,1
7420,3,2,1863,1446,80000,29,1
7428,3,2,55705,2100,150000,32,1
7437,3,2,15069,1000,30000,24,0
7469,3,2,11998,2000,20000,39,0
7473,3,2,56266,1779,90000,33,1
7475,3,2,20185,700,20000,30,0
7481,3,2,114223,0,110000,28,0
7482,3,2,8279,284,20000,23,1
7485,3,2,34639,0,30000,28,0
7486,3,2,24572,1000,30000,27,1
7491,3,2,20465,900,20000,36,0
7501,3,2,1221,1162,500000,30,1
7504,3,2,26589,1200,30000,23,0
7505,3,2,28996,1100,120000,60,0
7526,3,2,7043,2000,280000,53,1
7531,3,3,227597,8400,270000,28,0
7532,3,2,51809,0,70000,36,0
7536,3,2,57502,2500,110000,47,0
7539,3,2,72868,2100,80000,27,1
7542,3,2,21133,0,50000,22,0
7547,3,2,785,0,350000,35,1
7549,3,2,23339,1000,80000,23,0
7556,3,2,156171,12000,300000,58,0
7561,3,2,63931,2300,70000,28,0
7562,3,2,24726,875,70000,29,1
7569,3,2,20808,1300,30000,30,0
7580,3,2,2332,0,260000,36,0
7585,3,2,89896,0,90000,28,0
7592,3,2,17711,0,170000,36,0
7604,3,2,21231,1500,90000,30,1
7609,3,2,194,1954,120000,33,1
7618,3,2,3587,267,80000,24,1
7624,3,2,17994,0,20000,25,0
7633,3,2,34662,2000,80000,33,1
7663,3,2,72924,1200,140000,58,0
7667,3,2,25871,0,20000,43,0
7672,3,2,110059,34000,200000,28,1
7680,3,2,25473,1100,50000,41,0
7693,3,2,223872,0,230000,45,0
7716,3,2,31648,208,180000,33,1
7730,3,2,2184,0,190000,44,1
7735,3,2,20758,1000,30000,52,0
7737,3,2,23670,0,50000,24,1
7744,3,2,19649,950,20000,42,0
7753,3,2,127516,6000,120000,44,0
7761,3,2,12540,0,80000,38,1
7787,3,2,41814,2000,90000,25,0
7789,3,2,2500,0,200000,49,0
7793,3,2,20479,0,20000,22,0
7803,3,2,32317,1300,50000,31,0
7811,3,2,219829,0,270000,53,0
7818,3,2,20088,0,50000,27,0
7822,3,2,780,0,20000,48,1
7830,3,2,75724,0,140000,29,0
7836,3,2,69704,2600,100000,26,1
7840,3,5,1200,0,30000,27,0
7847,3,2,28590,0,30000,24,0
7851,3,2,97701,2321,160000,25,0
7857,3,4,302869,10000,300000,25,0
7860,3,2,15400,0,20000,21,1
7861,3,2,27529,1500,50000,25,0
7877,3,2,26700,1100,80000,24,0
7881,3,7,2400,0,50000,24,0
7890,3,2,23716,1100,70000,33,1
7899,3,2,34021,0,40000,47,0
7902,3,2,58250,0,60000,29,0
7908,3,2,26077,2257,50000,29,1
7926,3,2,34522,0,50000,36,0
7945,3,2,6599,236,50000,29,0
7946,3,2,19722,830,20000,37,1
7947,3,5,21623,0,20000,50,0
7960,3,2,33688,0,50000,58,0
7962,3,4,18840,0,20000,25,0
7969,3,2,12595,1070,20000,45,1
7982,3,2,52277,2000,110000,40,1
7983,3,2,148041,0,150000,38,0
7985,3,2,29752,0,30000,21,0
7988,3,2,28601,2000,60000,24,0
7993,3,2,34935,0,50000,23,0
8016,3,2,41577,1000,80000,26,1
8018,3,2,201358,7500,230000,28,1
8022,3,2,82713,0,80000,40,0
8033,3,2,50880,1753,50000,29,0
8042,3,2,39211,1500,120000,50,0
8047,3,2,26556,1000,30000,39,0
8049,3,2,40265,3000,70000,41,0
8052,3,3,26645,0,30000,36,0
8076,3,2,203,0,100000,46,1
8083,3,2,13288,0,50000,65,0
8085,3,2,91334,0,90000,27,0
8090,3,2,5441,1000,20000,24,0
8091,3,2,176857,5561,410000,38,0
8111,3,2,44316,1900,50000,22,0
8113,3,2,33922,1000,50000,32,1
8114,3,2,186,0,160000,39,1
8115,3,2,12056,2400,120000,26,0
8125,3,4,2500,0,200000,29,0
8130,3,2,30200,0,30000,24,0
8135,3,2,49727,0,50000,35,0
8140,3,2,51170,3000,50000,34,0
8145,3,2,19463,0,50000,23,1
8149,3,2,19129,0,30000,30,1
8157,3,2,16809,0,110000,29,0
8162,3,2,978,0,140000,29,1
8168,3,2,16800,0,30000,38,0
8178,3,4,35839,3000,70000,32,0
8179,3,2,41526,1500,50000,29,0
8184,3,2,152835,6000,160000,48,1
8185,3,2,8845,317,50000,58,1
8189,3,2,2325,0,250000,37,1
8191,3,2,160000,0,190000,36,0
8201,3,2,50895,0,50000,24,1
8203,3,2,103828,3500,130000,44,0
8204,3,2,11613,237,20000,22,1
8213,3,2,16002,521,110000,37,1
8222,3,2,11163,0,10000,43,0
8224,3,2,28920,1900,30000,30,0
8225,3,2,28303,3554,30000,22,0
8226,3,2,19057,0,20000,33,0
8231,3,4,31499,0,50000,46,0
8270,3,2,744,888,120000,37,0
8276,3,2,110000,5000,200000,27,0
8279,3,2,48989,0,110000,34,1
8294,3,2,46294,1900,50000,23,0
8296,3,2,77084,3100,100000,29,0
8303,3,2,21736,1800,30000,24,0
8324,3,2,20645,718,20000,39,0
8338,3,2,24293,2010,30000,39,0
8349,3,2,14762,1000,50000,53,1
8361,3,2,390,540,130000,45,1
8362,3,2,19362,850,20000,32,1
8363,3,2,346,14580,50000,52,1
8375,3,2,6576,6918,450000,40,1
8390,3,3,17755,800,20000,24,0
8402,3,2,1261,780,20000,27,1
8408,3,2,32714,600,50000,28,0
8424,3,2,20089,28077,500000,43,1
8429,3,2,146509,5100,150000,35,0
8431,3,7,2400,0,180000,31,0
8456,3,2,130622,5050,150000,35,0
8468,3,2,66606,0,140000,45,0
8469,3,2,47265,0,50000,36,0
8471,3,2,15910,1400,30000,23,0
8491,3,2,6154,0,10000,21,1
8501,3,2,391178,14000,400000,28,1
8503,3,2,50024,800,50000,22,0
8508,3,3,18547,1170,20000,53,0
8513,3,2,10319,0,50000,27,0
8515,3,2,14382,3000,20000,50,1
8521,3,2,40673,3348,60000,29,0
8524,3,2,6156,1100,40000,26,0
8526,3,2,142876,0,150000,36,0
8547,3,3,18048,1000,20000,26,0
8574,3,2,10871,0,20000,25,0
8577,3,2,145050,5801,170000,27,1
8583,3,3,283943,0,360000,47,0
8600,3,2,19205,1000,20000,46,0
8601,3,2,11311,1000,30000,28,1
8608,3,2,32485,1500,140000,27,0
8609,3,2,31002,0,30000,32,0
8633,3,2,5790,0,100000,60,0
8642,3,3,19753,0,20000,23,0
8655,3,8,2400,0,30000,47,0
8657,3,4,31397,0,30000,46,0
8683,3,2,35917,1036,50000,24,0
8697,3,2,12030,1500,50000,43,0
8709,3,3,98768,0,100000,29,0
8714,3,2,18923,1000,50000,28,1
8724,3,2,19590,200,50000,34,0
8728,3,2,14766,539,30000,45,0
8736,3,2,40137,1603,80000,26,0
8740,3,2,588,390,260000,39,1
8742,3,2,27770,2400,80000,26,0
8768,3,2,16168,500,20000,23,1
8773,3,5,232446,0,220000,41,0
8798,3,2,46067,0,70000,37,0
8799,3,2,37054,20000,360000,36,1
8803,3,2,8297,1000,10000,50,0
8804,3,2,7434,500,10000,28,1
8815,3,2,16027,1400,80000,51,0
8816,3,2,25172,2500,30000,24,1
8821,3,2,12861,0,60000,33,1
8822,3,3,29954,0,30000,23,0
8829,3,2,6143,2991,200000,40,1
8832,3,2,26858,1800,50000,37,1
8844,3,7,25234,0,40000,24,0
8845,3,2,200,22935,300000,66,1
8847,3,2,4991,200,50000,22,0
8857,3,3,40101,1600,80000,52,0
8858,3,2,66,0,190000,29,1
8861,3,2,42867,2000,110000,26,1
8878,3,2,5371,552,30000,41,0
8884,3,2,13609,1300,100000,24,0
8887,3,2,39214,1600,70000,26,0
8888,3,2,2080,2080,220000,43,1
8906,3,4,46836,0,50000,25,0
8911,3,2,68530,1168,70000,22,0
8920,3,2,8017,810,50000,23,0
8930,3,2,8480,895,10000,29,0
8933,3,2,163332,6900,240000,42,0
8954,3,2,51169,4000,150000,29,0
8967,3,2,34305,1250,40000,23,0
8972,3,2,10015,329,20000,23,1
8974,3,2,19200,1000,20000,27,0
8977,3,2,3774,4508,250000,43,1
8985,3,2,888,656,30000,34,1
8988,3,2,137525,0,150000,35,1
8989,3,2,8256,7600,130000,41,1
8995,3,2,45393,8212,50000,30,1
8998,3,6,121216,0,80000,31,0
8999,3,2,3336,0,100000,46,0
9000,3,2,146,1600,280000,35,1
9003,3,2,20803,1500,30000,36,1
9007,3,2,146189,5600,150000,35,0
9010,3,2,19400,1000,20000,26,0
9013,3,3,81445,3200,100000,29,0
9020,3,2,175905,7000,200000,34,0
9032,3,2,23766,0,50000,36,0
9034,3,2,68939,5100,160000,24,0
9035,3,2,1861,1457,360000,30,0
9048,3,2,1346,300,20000,25,1
9063,3,2,46626,2000,70000,34,0
9067,3,2,2336,0,80000,27,0
9075,3,2,29192,2700,30000,33,0
9080,3,4,56623,0,50000,26,0
9085,3,2,47617,2000,50000,27,0
9090,3,4,82852,0,180000,31,0
9099,3,2,44396,2000,130000,37,0
9103,3,2,80561,5000,140000,45,0
9108,3,2,99562,3500,110000,32,0
9111,3,2,88327,6300,380000,46,0
9119,3,2,316,316,160000,49,1
9136,3,2,243589,7046,240000,54,1
9137,3,2,31501,2000,300000,28,1
9140,3,2,92077,3500,130000,29,1
9143,3,2,46466,2800,80000,34,0
9147,3,2,28650,0,70000,35,0
9149,3,2,4525,1000,10000,46,1
9154,3,2,161427,5666,210000,32,1
9159,3,2,18373,1000,20000,34,1
9167,3,4,23921,0,30000,25,0
9189,3,2,440,880,60000,26,1
9190,3,2,18621,0,20000,35,1
9191,3,2,35284,0,60000,24,0
9194,3,2,153795,5000,390000,26,0
9195,3,5,2495,0,460000,39,0
9213,3,2,64308,2400,80000,34,0
9215,3,3,16334,1500,20000,48,0
9223,3,2,30827,1200,50000,36,0
9228,3,2,11516,408,20000,44,0
9234,3,2,136223,7903,140000,30,0
9235,3,2,21057,1000,40000,33,0
9251,3,2,96169,5050,180000,30,1
9272,3,2,60745,4580,60000,31,0
9273,3,2,46157,1800,100000,40,0
9284,3,2,229923,18000,240000,41,0
9287,3,2,46112,3900,100000,42,0
9288,3,2,78715,1075,80000,34,0
9290,3,2,102996,2900,220000,30,0
9293,3,2,122612,1100,140000,30,1
9296,3,2,24031,1949,30000,35,1
9306,3,2,106947,4000,140000,45,0
9326,3,2,68255,2,80000,23,1
9337,3,2,33632,3000,70000,31,0
9340,3,2,13296,0,30000,22,0
9341,3,2,29480,928,30000,45,0
9358,3,2,887,26514,360000,33,1
9374,3,2,29497,0,30000,45,0
9385,3,3,8950,0,10000,26,0
9390,3,2,32183,8000,40000,26,0
9397,3,2,11305,1100,30000,23,0
9409,3,2,25674,0,170000,34,0
9414,3,2,99898,3100,100000,39,0
9419,3,2,12000,9427,300000,32,0
9429,3,2,44570,3618,50000,29,1
9452,3,2,16545,1000,50000,43,0
9463,3,2,51802,7,50000,36,0
9466,3,2,10243,1000,50000,34,1
9484,3,2,71622,0,70000,59,0
9486,3,2,16686,1000,20000,47,1
9493,3,4,48988,0,50000,38,0
9495,3,2,99176,3011,100000,25,0
9518,3,2,34805,1000,50000,24,0
9520,3,3,19771,1000,20000,25,0
9522,3,3,163018,0,220000,39,0
9534,3,2,1100,0,30000,37,1
9538,3,2,34205,6000,40000,24,0
9551,3,2,75408,3000,80000,30,0
9554,3,2,28002,1879,30000,52,1
9560,3,2,49271,2000,70000,24,1
9563,3,2,80388,0,80000,39,0
9571,3,2,22442,517,80000,48,0
9584,3,2,7622,800,20000,23,0
9585,3,2,31407,0,100000,44,0
9588,3,2,390,240,30000,36,1
9594,3,2,300,0,20000,26,0
9604,3,2,18387,4000,30000,30,1
9605,3,2,10005,1000,290000,55,1
9614,3,2,100493,4000,120000,34,0
9633,3,2,50307,0,50000,41,0
9638,3,2,4988,102,20000,22,1
9647,3,2,30042,0,30000,34,0
9651,3,2,65253,0,70000,24,0
9654,3,2,8736,20000,200000,49,1
9661,3,2,28694,0,30000,35,0
9662,3,2,19590,2000,30000,36,0
9665,3,2,19621,281,20000,23,1
9672,3,7,2400,0,170000,48,0
9677,3,2,49476,2000,60000,29,0
9685,3,2,166749,5858,280000,38,0
9692,3,2,78,0,130000,29,0
9695,3,2,17100,2600,20000,23,0
9697,3,2,18134,0,50000,34,0
9700,3,2,126524,4400,130000,27,0
9706,3,2,42816,1723,50000,27,1
9707,3,2,46927,1900,100000,46,0
9714,3,2,414,416,360000,29,1
9716,3,2,117783,4302,210000,26,0
9719,3,2,46993,1694,50000,31,1
9731,3,2,17207,3490,20000,22,1
9732,3,2,163567,5822,160000,25,0
9749,3,2,48683,1312,90000,34,1
9750,3,2,31293,0,50000,60,1
9762,3,2,383030,0,360000,33,0
9765,3,3,30928,0,50000,50,0
9773,3,2,780,0,120000,39,1
9782,3,2,24424,900,30000,34,0
9788,3,2,73442,3500,130000,34,0
9791,3,2,12944,0,60000,23,1
9795,3,2,8069,5464,30000,24,1
9812,3,2,77514,3100,90000,49,0
9815,3,2,45640,1500,90000,26,0
9816,3,2,49276,0,50000,35,0
9821,3,2,30013,0,20000,26,0
9822,3,2,9907,0,20000,23,0
9833,3,2,19944,3260,100000,67,0
9839,3,2,103978,4500,150000,29,0
9841,3,2,2005,0,230000,23,1
9843,3,2,26753,4100,30000,25,0
9858,3,2,52927,2214,70000,50,0
9863,3,2,37069,1508,170000,30,1
9871,3,2,600,0,110000,37,0
9877,3,2,55081,2200,80000,29,0
9881,3,2,166492,6200,180000,23,0
9893,3,2,137279,10400,150000,25,1
9902,3,2,28705,4000,250000,28,0
9903,3,4,600,0,60000,25,0
9910,3,2,43658,2000,50000,44,0
9915,3,2,171669,5500,220000,37,0
9921,3,2,193777,5,200000,34,0
9923,3,2,58748,2100,60000,38,0
9933,3,2,7278,0,20000,22,0
9938,3,2,208,4170,70000,29,1
9942,3,2,28755,3500,30000,22,1
9947,3,2,24705,791,30000,26,0
9950,3,2,15274,2000,30000,25,0
9953,3,2,17251,1000,20000,37,0
9963,3,2,780,0,20000,55,0
9980,3,6,33756,0,30000,38,0
10008,3,2,37706,1369,100000,38,0
10039,3,2,63070,1000,90000,31,1
10058,3,2,181801,6508,510000,61,1
10063,3,2,29192,991,200000,31,0
10084,3,2,20414,1934,30000,23,0
10089,3,2,68334,0,70000,47,1
10094,3,2,1108,1500,210000,40,1
10096,3,2,10064,0,30000,26,1
10103,3,2,6811,245,30000,42,0
10106,3,2,8101,1000,10000,23,0
10116,3,2,5271,1000,10000,24,0
10121,3,2,62650,10000,150000,48,0
10125,3,2,8338,1000,20000,38,0
10129,3,2,70604,0,130000,37,0
10139,3,2,29354,2038,140000,34,1
10143,3,2,52727,0,400000,39,0
10152,3,2,62075,0,60000,48,0
10170,3,2,31301,1500,70000,26,1
10177,3,2,69402,0,90000,49,0
10184,3,2,24230,3000,30000,39,0
10187,3,2,37395,1302,50000,22,0
10195,3,2,9557,0,10000,46,0
10197,3,2,28950,1500,50000,41,0
10210,3,2,15979,1000,20000,46,0
10213,3,2,30087,1000,50000,41,0
10216,3,2,29506,0,30000,52,0
10231,3,2,131671,10800,140000,38,0
10238,3,2,64072,0,140000,41,1
10240,3,2,57187,1690,60000,24,1
10241,3,2,5075,0,20000,28,0
10242,3,2,42417,1500,100000,27,1
10270,3,2,5112,45554,50000,36,1
10275,3,2,4788,5042,90000,25,1
10279,3,2,30385,0,50000,33,1
10317,3,2,15784,2000,20000,23,1
10324,3,2,11653,600,40000,24,0
10331,3,2,32426,1176,90000,32,0
10338,3,2,17892,1700,20000,47,0
10339,3,2,20838,0,200000,32,0
10355,3,2,19702,0,30000,25,0
10357,3,2,24372,2100,30000,48,1
10390,3,4,1650,0,20000,25,0
10391,3,2,90634,7260,200000,49,0
10403,3,2,6199,0,10000,26,0
10409,3,2,179230,7000,180000,39,0
10411,3,2,22718,0,50000,32,0
10420,3,2,13861,0,30000,38,0
10422,3,2,10844,507,10000,22,1
10425,3,2,91142,0,140000,32,0
10437,3,2,93000,2340,180000,29,1
10448,3,2,731,7300,30000,25,1
10459,3,2,249,0,60000,53,0
10460,3,2,46424,0,50000,48,0
10461,3,2,46887,0,150000,34,0
10467,3,2,34934,1300,70000,43,1
10468,3,2,105325,0,110000,24,0
10498,3,2,14979,1300,30000,43,0
10507,3,2,17219,1444,20000,22,1
10511,3,2,98188,3600,100000,35,1
10513,3,2,142163,4610,150000,34,0
10518,3,2,15287,14201,280000,37,1
10522,3,3,54083,2000,100000,51,0
10534,3,2,4148,500,10000,52,0
10537,3,2,300,828,30000,25,0
10540,3,2,198088,0,220000,47,0
10544,3,2,25451,0,50000,39,0
10547,3,2,27574,1600,30000,56,0
10548,3,2,7246,1100,80000,25,0
10576,3,2,87706,3500,100000,31,0
10596,3,2,17443,5000,150000,29,1
10598,3,2,74555,0,100000,30,0
10601,3,2,31,0,180000,51,1
10629,3,2,150,0,260000,52,0
10631,3,2,390,390,180000,46,0
10644,3,2,22285,687,360000,38,0
10670,3,2,1134,1200,50000,45,1
10673,3,2,66948,1001,70000,35,0
10696,3,2,85188,4200,90000,27,0
10702,3,2,29532,0,50000,31,0
10708,3,2,21660,1000,80000,34,0
10711,3,2,1519,0,200000,38,1
10716,3,2,390,390,30000,31,0
10729,3,2,118814,4503,130000,47,0
10740,3,2,63082,20000,270000,48,0
10745,3,2,2482,0,280000,45,0
10757,3,2,17807,1000,50000,22,0
10759,3,2,45772,1900,70000,51,0
10765,3,2,52028,1085,50000,24,1
10776,3,2,69802,2433,100000,39,0
10783,3,2,27000,1100,30000,43,1
10785,3,2,56575,2200,80000,33,0
10795,3,2,18600,1000,20000,35,1
10802,3,7,2400,0,50000,36,0
10804,3,2,67887,6000,100000,41,0
10816,3,3,9244,0,10000,24,0
10818,3,2,400,0,160000,32,0
10819,3,2,197185,5169,200000,27,0
10823,3,2,98015,3600,140000,27,0
10839,3,2,115038,8200,140000,28,1
10862,3,4,600,0,110000,29,0
10871,3,2,59831,2300,80000,37,0
10878,3,2,43365,1800,80000,26,1
10879,3,3,27332,0,30000,25,0
10898,3,2,9802,58542,50000,41,1
10908,3,2,20304,2000,150000,30,0
10909,3,2,2700,0,150000,30,1
10913,3,2,6946,450,10000,40,0
10918,3,4,104686,0,200000,54,0
10933,3,2,49158,1008,50000,48,0
10936,3,2,118117,3000,120000,23,1
10937,3,2,111108,3900,180000,29,0
10939,3,2,600,9375,250000,54,1
10943,3,2,20680,0,60000,42,1
10964,3,2,25079,0,60000,28,0
10975,3,2,24983,1100,30000,29,0
10980,3,2,50175,0,50000,44,0
10983,3,2,2500,0,300000,59,1
10988,3,2,409,1333,230000,35,1
10992,3,2,1716,0,20000,63,0
10995,3,2,212979,0,230000,32,0
11002,3,2,34113,2000,40000,23,1
11007,3,2,20999,1000,60000,22,0
11009,3,2,13017,1500,70000,40,0
11031,3,2,20654,0,20000,24,1
11034,3,2,24441,0,30000,22,0
11041,3,2,31379,0,400000,32,0
11044,3,2,116061,9500,120000,34,0
11045,3,2,1090,0,220000,43,0
11050,3,2,78252,2100,90000,33,0
11052,3,2,8159,1000,70000,24,1
11053,3,2,114344,4000,130000,53,0
11060,3,2,109226,7013,320000,32,0
11075,3,2,2500,0,260000,43,0
11096,3,2,200,200,220000,37,1
11105,3,2,28312,1200,30000,23,0
11107,3,2,780,0,20000,43,1
11117,3,2,61392,2,100000,42,1
11119,3,2,1707,617,200000,39,1
11123,3,2,9502,1000,50000,30,0
11152,3,2,9654,1000,10000,58,0
11190,3,2,88487,3301,90000,29,1
11198,3,2,127906,3029,130000,54,0
11205,3,2,30266,2000,50000,40,0
11207,3,7,2443,0,200000,28,0
11219,3,2,1170,0,30000,26,1
11220,3,2,940,965,150000,42,0
11226,3,2,9730,3000,10000,23,0
11238,3,2,200,0,20000,58,1
11240,3,2,126527,5008,180000,26,0
11241,3,2,29701,600,30000,44,0
11243,3,2,147332,5800,150000,26,1
11244,3,3,28632,2500,30000,23,0
11246,3,2,265433,9932,500000,40,0
11261,3,2,6997,3000,20000,54,1
11264,3,2,10018,0,130000,25,0
11265,3,2,9000,1000,10000,24,1
11266,3,2,29395,0,100000,31,1
11267,3,2,18310,900,70000,34,0
11272,3,2,495,0,60000,43,0
11273,3,2,20200,0,20000,45,0
11284,3,2,27915,0,30000,25,0
11286,3,2,23046,950,50000,26,0
11296,3,2,10220,600,130000,30,0
11303,3,2,76649,7500,80000,34,1
11343,3,3,18449,0,20000,41,0
11346,3,2,19055,550,20000,28,0
11348,3,2,5552,3041,130000,48,1
11357,3,2,13785,646,30000,43,0
11389,3,2,5528,2000,10000,41,0
11404,3,2,19100,0,20000,37,0
11409,3,4,192447,0,240000,48,0
11415,3,2,7626,11896,100000,24,1
11425,3,2,38072,0,40000,39,1
11428,3,2,103800,4000,120000,27,0
11436,3,2,8635,0,20000,23,0
11437,3,2,150,0,200000,43,0
11441,3,2,229553,6829,230000,29,0
11443,3,2,20039,700,50000,54,0
11452,3,2,28668,1300,50000,47,0
11473,3,2,18200,0,20000,29,0
11476,3,2,8699,199,130000,26,1
11478,3,2,9572,0,50000,28,0
11485,3,2,27026,1596,30000,23,0
11498,3,1,321232,8100,250000,42,0
11511,3,4,1650,0,20000,63,0
11512,3,2,39944,1462,80000,29,1
11517,3,3,83318,0,100000,35,0
11555,3,6,155821,0,150000,42,0
11559,3,2,15514,0,30000,35,0
11560,3,2,214981,0,240000,28,0
11574,3,2,7307,1000,20000,24,1
11578,3,2,24909,0,100000,33,0
11585,3,2,157577,13000,170000,30,0
11586,3,2,61388,4000,90000,47,0
11590,3,2,19807,1000,30000,26,0
11617,3,2,29111,0,30000,52,0
11626,3,2,13818,700,140000,28,0
11643,3,2,735,1575,130000,39,1
11644,3,2,5326,0,80000,34,0
11664,3,2,28858,1200,50000,27,0
11672,3,2,50030,0,110000,56,0
11682,3,3,95884,0,100000,29,0
11697,3,2,188,376,200000,28,1
11702,3,3,51960,0,130000,24,0
11706,3,3,1050,0,20000,25,0
11709,3,2,18686,900,20000,25,1
11711,3,2,11225,310,140000,38,1
11713,3,2,118030,8990,120000,47,0
11715,3,2,33230,103,180000,32,0
11717,3,2,57778,3000,100000,34,0
11720,3,2,46540,1900,70000,29,0
11735,3,2,54485,8000,180000,28,0
11740,3,2,5000,0,300000,47,0
11744,3,2,8891,923,70000,31,1
11749,3,2,48287,1900,100000,34,0
11750,3,2,48854,3800,50000,45,1
11776,3,2,9538,500,10000,27,0
11777,3,2,58840,2000,70000,34,0
11778,3,2,14776,13000,150000,31,1
11780,3,2,1010,0,120000,29,0
11785,3,2,5561,3000,10000,23,1
11814,3,2,49653,0,120000,34,0
11818,3,2,28879,2500,30000,23,0
11821,3,2,2394,8000,170000,36,1
11825,3,2,19094,0,20000,56,0
11827,3,2,30392,784,30000,25,0
11828,3,2,47517,2000,50000,30,0
11829,3,2,888,0,130000,26,1
11830,3,2,16546,0,30000,24,0
11838,3,4,31071,0,30000,29,0
11845,3,6,1800,0,30000,24,0
11850,3,2,792,396,260000,53,0
11855,3,2,34757,2000,70000,27,0
11874,3,2,90018,3500,100000,29,0
11875,3,2,33489,3000,60000,31,0
11888,3,2,2600,200,360000,35,1
11903,3,2,3831,0,20000,28,0
11907,3,2,91077,3324,100000,25,1
11908,3,2,20579,0,130000,43,0
11921,3,2,9840,2000,130000,49,1
11969,3,2,8611,400,70000,28,0
11978,3,2,226452,7604,280000,30,0
11988,3,3,1050,0,20000,36,0
11997,3,2,36,24863,330000,36,1
12011,3,2,87070,3200,90000,39,0
12016,3,2,83945,0,100000,36,0
12019,3,2,2500,0,260000,64,0
12022,3,2,4119,0,80000,52,0
12023,3,2,13948,500,50000,36,1
12029,3,2,56049,2003,80000,31,0
12030,3,2,40416,1650,50000,35,0
12036,3,2,2646,0,30000,44,0
12042,3,2,29003,0,120000,44,0
12044,3,2,11260,0,20000,52,1
12048,3,2,51345,1718,140000,35,1
12052,3,2,18265,2500,50000,26,0
12066,3,2,2800,2998,260000,43,1
12067,3,2,53925,4400,70000,53,0
12068,3,2,19694,1000,20000,53,1
12079,3,2,22194,0,30000,46,0
12084,3,2,2845,0,30000,42,0
12090,3,2,92444,3700,160000,32,1
12094,3,2,27733,1000,70000,43,0
12101,3,2,39730,3400,120000,41,0
12105,3,2,16581,650,70000,23,1
12118,3,2,39094,680,50000,49,1
12120,3,2,11164,289,20000,22,0
12121,3,2,192342,2000,150000,27,0
12122,3,4,40114,0,40000,27,0
12143,3,2,28968,2032,70000,25,0
12145,3,2,13415,1400,190000,32,0
12150,3,2,32591,2900,300000,42,0
12155,3,3,70275,0,70000,35,0
12156,3,2,652,0,50000,25,0
12158,3,2,40851,0,130000,33,0
12161,3,2,579,1420,30000,34,1
12163,3,2,57455,2200,120000,31,0
12164,3,2,45892,2000,50000,42,0
12177,3,2,45874,3500,50000,53,0
12192,3,4,420,0,10000,55,0
12197,3,2,16792,1500,20000,35,0
12202,3,2,23551,2000,50000,25,1
12207,3,2,22630,0,30000,36,0
12217,3,2,194189,0,280000,39,0
12218,3,2,40371,805,50000,37,1
12235,3,2,52113,2053,110000,30,1
12238,3,2,37215,1400,50000,30,0
12253,3,2,390,390,120000,26,1
12255,3,2,890,3430,110000,34,1
12261,3,4,37825,3400,90000,23,0
12275,3,2,33239,1250,40000,23,0
12279,3,2,9400,837,20000,47,1
12281,3,2,11705,1700,100000,36,0
12287,3,2,71219,3000,60000,36,0
12289,3,2,23237,0,30000,35,1
12302,3,2,46794,0,50000,45,0
12303,3,2,1170,0,90000,38,0
12308,3,2,298042,24000,320000,40,0
12316,3,2,3629,1575,250000,39,1
12319,3,2,17276,800,20000,27,0
12321,3,2,135322,4546,210000,40,1
12331,3,2,296931,1070,300000,37,1
12345,3,2,18986,0,30000,53,0
12346,3,2,46543,661,50000,29,0
12347,3,2,166163,6500,190000,28,0
12362,3,2,96662,0,100000,26,0
12363,3,2,43121,3400,50000,32,1
12365,3,2,1672,0,100000,47,1
12370,3,2,19355,800,20000,42,0
12372,3,2,22040,2000,40000,28,0
12375,3,2,11021,402,20000,39,0
12388,3,2,28642,2820,70000,42,1
12391,3,3,75841,0,150000,32,0
12392,3,2,71201,4000,230000,37,0
12393,3,2,27150,2300,30000,47,0
12395,3,2,16928,1000,20000,45,0
12401,3,2,1248,0,130000,27,1
12407,3,2,138289,200,160000,33,0
12417,3,2,10957,1000,60000,27,0
12419,3,2,24458,37778,50000,52,1
12424,3,2,104529,4000,110000,25,0
12431,3,4,1650,0,20000,24,0
12433,3,4,1650,0,20000,24,0
12449,3,2,15461,1000,30000,30,1
12454,3,2,47939,1014,60000,22,0
12464,3,2,17295,8372,360000,40,1
12468,3,2,13329,607,30000,22,1
12471,3,2,8113,1000,60000,27,0
12472,3,2,127930,5000,130000,30,1
12482,3,2,43671,6768,80000,26,0
12489,3,2,153,1495,30000,36,0
12492,3,2,30311,957,30000,25,0
12497,3,2,111,300,60000,31,1
12501,3,2,31678,1400,70000,38,0
12503,3,2,60984,500,400000,27,1
12509,3,2,1129,1705,150000,52,0
12517,3,2,25768,1100,50000,50,1
12520,3,3,96461,3000,100000,27,0
12523,3,2,15806,0,20000,48,1
12525,3,2,4883,353,10000,23,0
12533,3,2,38605,0,50000,29,0
12547,3,2,43712,10000,90000,27,1
12577,3,2,48610,800,50000,25,0
12583,3,2,826,22662,60000,31,1
12588,3,2,8768,1000,10000,27,0
12589,3,2,35100,0,30000,44,0
12593,3,3,69264,0,70000,27,0
12598,3,2,696,696,150000,30,1
12601,3,2,44106,1767,50000,55,1
12610,3,2,17637,633,50000,54,0
12629,3,2,221798,4400,110000,28,1
12630,3,2,8869,240,10000,36,1
12674,3,2,300873,0,430000,42,0
12686,3,2,90160,0,130000,52,1
12689,3,2,356,356,20000,29,0
12696,3,2,8015,0,20000,38,1
12699,3,2,3254,1443,180000,25,1
12716,3,2,205681,0,250000,35,0
12724,3,2,63586,2500,70000,27,0
12732,3,2,78652,0,130000,36,0
12733,3,2,16720,2000,70000,34,0
12746,3,2,41774,0,50000,52,0
12761,3,2,47192,4000,50000,30,1
12773,3,2,2044,4000,70000,36,0
12775,3,2,18880,4613,20000,23,0
12803,3,2,133107,0,260000,53,0
12811,3,2,27324,3000,50000,25,0
12813,3,2,126531,4500,130000,29,0
12820,3,2,38954,1600,50000,47,0
12823,3,2,140047,5006,140000,50,0
12825,3,7,2400,0,50000,36,0
12835,3,2,12655,0,40000,26,0
12846,3,2,94681,3500,90000,42,0
12864,3,2,1522,3980,220000,36,1
12868,3,2,7839,160,20000,40,1
12877,3,6,23154,0,20000,28,0
12878,3,2,4592,4025,150000,29,1
12882,3,2,14692,1000,70000,40,1
12884,3,2,56544,2000,150000,27,1
12905,3,2,32597,900,50000,29,0
12909,3,2,120990,4200,120000,37,0
12913,3,2,49086,0,50000,29,0
12919,3,2,3283,3961,300000,39,1
12925,3,2,30358,0,30000,21,0
12931,3,2,32979,0,50000,24,1
12937,3,2,211340,3200,220000,32,0
12947,3,2,132065,800,140000,34,0
12953,3,2,33168,1200,40000,23,0
12956,3,2,2500,0,280000,62,0
12965,3,2,192962,7000,250000,53,1
12967,3,5,389903,0,400000,40,0
12973,3,2,20460,0,30000,27,0
12979,3,2,4419,0,100000,44,1
12983,3,2,4722,5000,180000,28,0
12991,3,2,61947,16,60000,36,0
12993,3,2,15016,0,20000,22,0
12997,3,2,227054,7100,230000,43,0
12998,3,2,200,0,50000,30,0
13011,3,2,392,500,60000,26,1
13013,3,2,316,316,120000,54,0
13021,3,2,19148,0,20000,56,0
13029,3,2,69111,2500,100000,47,1
13041,3,2,12999,1686,20000,52,1
13056,3,2,236702,9000,230000,29,0
13060,3,2,48608,392,50000,57,0
13067,3,2,184,5924,20000,31,1
13072,3,2,9009,1000,30000,25,1
13073,3,2,22983,200,160000,41,0
13080,3,2,37166,1300,50000,27,0
13084,3,2,11371,0,20000,35,0
13101,3,2,6772,0,60000,35,0
13152,3,2,146552,0,180000,34,0
13163,3,2,390,780,20000,48,0
13168,3,2,855,0,210000,30,1
13173,3,2,24404,1500,60000,38,0
13178,3,2,2500,0,300000,34,0
13189,3,2,56663,2100,300000,36,0
13194,3,2,20306,1000,30000,42,1
13212,3,2,29482,0,30000,23,1
13218,3,2,320622,7025,320000,42,0
13222,3,2,42368,3200,50000,24,0
13232,3,7,2400,0,20000,23,0
13236,3,2,37701,1300,50000,55,1
13239,3,2,19464,700,20000,22,0
13240,3,2,780,0,20000,34,1
13248,3,2,16184,1000,20000,51,0
13251,3,2,394,900,180000,28,1
13255,3,2,13863,0,20000,25,0
13259,3,2,188461,7000,200000,55,0
13262,3,6,66616,0,60000,60,0
13273,3,2,60,5182,80000,23,1
13281,3,2,126,4462,30000,22,1
13283,3,2,56386,3000,110000,25,0
13290,3,2,198707,7500,230000,34,0
13292,3,2,47341,0,50000,22,0
13298,3,2,49311,4100,80000,36,1
13301,3,2,51421,2400,100000,41,0
13312,3,2,1159,1159,150000,28,1
13314,3,2,26729,1300,30000,26,0
13338,3,2,2528,4007,120000,27,1
13341,3,2,295141,10000,350000,47,0
13361,3,2,81833,3000,80000,27,1
13366,3,2,14212,1000,20000,56,1
13370,3,2,131511,3669,150000,31,0
13378,3,2,1509,0,80000,30,1
13391,3,2,15444,1000,60000,25,0
13401,3,2,46345,3600,50000,32,0
13406,3,2,44326,1596,50000,43,0
13407,3,7,2400,0,10000,23,0
13410,3,2,42925,3548,100000,48,0
13418,3,2,15888,0,50000,32,0
13422,3,2,76434,0,100000,29,0
13425,3,2,128391,9,70000,42,1
13429,3,2,50245,332,50000,22,0
13433,3,2,15908,321,30000,36,1
13441,3,2,33903,3200,40000,23,0
13445,3,2,218370,7700,320000,48,0
13451,3,2,14708,500,40000,53,0
13455,3,2,29383,1200,30000,22,0
13456,3,2,97720,3800,140000,34,0
13467,3,2,23670,1023,30000,45,1
13476,3,2,13580,600,30000,56,1
13479,3,2,16762,1000,30000,43,0
13480,3,2,167317,12000,390000,41,0
13489,3,2,63154,2000,80000,26,0
13499,3,2,98680,3605,180000,41,0
13501,3,2,46115,2000,140000,36,0
13510,3,2,18905,10000,30000,48,1
13528,3,2,11649,342,120000,27,1
13529,3,2,15090,2001,20000,31,0
13553,3,2,105810,4100,120000,25,1
13562,3,3,325700,0,320000,46,0
13570,3,2,17418,1000,50000,55,0
13576,3,2,9592,1000,40000,26,0
13578,3,2,2274,0,360000,46,1
13585,3,2,42779,1600,50000,23,0
13597,3,2,20398,8000,200000,41,1
13603,3,2,51531,1000,310000,33,1
13606,3,2,34806,1500,50000,27,0
13620,3,2,52889,0,80000,25,1
13624,3,4,3800,0,10000,23,0
13628,3,2,30082,7,30000,25,0
13634,3,2,94407,2951,100000,33,1
13636,3,6,23214,0,20000,36,0
13638,3,2,89866,1527,90000,26,1
13647,3,2,871,0,240000,36,1
13654,3,2,46589,0,50000,36,0
13656,3,2,17923,800,30000,29,0
13657,3,2,148682,7000,200000,43,1
13673,3,2,5446,288,180000,27,1
13675,3,2,13289,1000,30000,35,0
13680,3,2,41531,1496,60000,28,1
13681,3,2,28502,2041,90000,38,0
13696,3,2,20234,900,20000,29,1
13697,3,2,30226,0,30000,49,0
13712,3,2,2500,0,200000,30,0
13713,3,6,19930,70,20000,40,0
13714,3,2,14207,672,80000,32,1
13715,3,2,13565,0,30000,54,1
13718,3,2,58008,2500,70000,30,0
13720,3,2,28203,1600,30000,27,0
13723,3,2,2545,1170,50000,23,1
13737,3,2,28236,2000,30000,27,0
13739,3,2,27915,0,30000,22,0
13740,3,7,2400,0,40000,43,0
13744,3,2,2497,0,260000,29,0
13745,3,2,30882,0,100000,58,0
13755,3,2,142139,6000,150000,36,1
13779,3,2,25429,1000,30000,25,0
13784,3,3,7995,0,10000,22,0
13786,3,2,33996,1400,240000,35,0
13792,3,2,15040,0,20000,22,0
13798,3,2,35435,0,30000,33,0
13804,3,2,19082,667,20000,39,0
13808,3,2,47475,101,50000,26,1
13810,3,2,15723,0,20000,23,1
13811,3,2,13102,0,40000,47,0
13817,3,2,12218,1980,50000,23,1
13858,3,2,2250,0,20000,55,0
13865,3,2,15428,0,20000,44,0
13877,3,2,9407,0,10000,45,0
13893,3,2,19384,600,20000,26,0
13898,3,2,46037,3012,80000,54,0
13902,3,2,9369,15000,40000,26,1
13905,3,2,28317,969,50000,26,0
13909,3,2,163620,6100,180000,28,0
13933,3,2,16696,0,50000,27,0
13944,3,2,940,1110,30000,50,1
13945,3,2,78174,2500,90000,32,0
13948,3,2,203592,7000,200000,49,1
13950,3,3,10626,0,10000,30,1
13952,3,2,130768,4732,130000,34,0
13958,3,3,16082,0,20000,33,0
13961,3,2,115804,0,120000,38,0
13963,3,2,25682,1200,30000,54,0
13967,3,7,2400,0,40000,55,0
13974,3,2,3281,0,250000,41,0
13988,3,2,50866,0,50000,63,0
13992,3,2,200300,7500,230000,46,0
13995,3,2,168,1449,160000,36,0
13998,3,2,75670,10000,90000,31,0
14017,3,2,1260,0,80000,38,1
14018,3,3,28371,3600,50000,45,0
14033,3,2,121016,5000,310000,47,1
14037,3,2,2160,10800,20000,25,0
14040,3,2,774,2,30000,24,1
14049,3,2,2080,200,120000,31,1
14063,3,2,12408,0,30000,26,0
14067,3,2,143084,6000,140000,39,0
14075,3,2,64428,2000,90000,28,0
14082,3,2,83656,3000,80000,41,0
14085,3,2,75995,5500,200000,36,0
14092,3,2,18446,0,50000,29,1
14097,3,2,13145,2087,20000,61,0
14111,3,2,16607,0,120000,28,1
14140,3,2,390,549,20000,50,1
14162,3,2,9993,200,50000,25,0
14175,3,2,32459,3000,250000,52,0
14201,3,2,18249,2305,290000,26,0
14202,3,2,94532,2000,180000,30,1
14205,3,2,2280,248,30000,24,1
14221,3,2,46621,0,70000,42,0
14223,3,2,27167,3000,30000,54,1
14226,3,3,1050,0,50000,29,0
14245,3,7,2400,0,10000,50,0
14259,3,2,7487,0,50000,27,0
14273,3,2,61792,17,60000,49,1
14278,3,2,17750,647,20000,47,0
14281,3,2,127701,10000,140000,38,0
14289,3,2,34144,1243,80000,45,0
14295,3,4,1650,0,20000,24,0
14296,3,2,1422,2693,80000,25,1
14315,3,2,50372,2000,80000,60,0
14321,3,2,16510,1000,20000,22,1
14328,3,2,15498,0,20000,26,0
14330,3,2,150,1000,20000,25,0
14331,3,2,11759,850,150000,46,0
14334,3,2,1879,0,50000,27,0
14341,3,2,21778,1000,30000,28,0
14346,3,2,28345,0,30000,28,0
14352,3,2,775,776,440000,38,1
14356,3,2,228720,5857,200000,40,0
14361,3,2,194930,5000,220000,36,1
14365,3,2,6608,17087,180000,33,1
14368,3,2,95022,3400,100000,51,0
14372,3,2,18910,290,20000,39,1
14375,3,2,45856,4000,160000,42,1
14377,3,2,23888,1000,30000,47,0
14393,3,2,8498,800,80000,41,0
14398,3,2,14909,550,80000,54,0
14402,3,2,390,1080,160000,52,1
14411,3,2,6050,0,10000,24,0
14415,3,2,21247,300,20000,22,0
14419,3,4,20508,0,20000,40,0
14424,3,2,20731,587,50000,24,1
14429,3,3,1050,0,30000,25,0
14440,3,4,29421,0,50000,31,0
14454,3,2,11,0,330000,28,1
14468,3,3,26647,2000,60000,37,0
14472,3,2,89655,3300,110000,28,0
14486,3,2,18768,0,90000,27,0
14490,3,2,69424,4023,50000,41,0
14500,3,3,48871,0,60000,24,0
14501,3,2,206386,16007,240000,29,1
14511,3,2,8472,310,50000,52,0
14513,3,2,1000,0,360000,30,1
14522,3,2,1097,0,160000,33,1
14528,3,2,248,1,260000,38,1
14535,3,2,31247,9000,130000,31,1
14542,3,3,52298,0,50000,31,0
14563,3,2,45660,4000,240000,39,0
14564,3,2,6622,0,20000,24,1
14567,3,2,178358,3400,200000,50,0
14569,3,2,73783,0,80000,34,1
14570,3,2,6218,0,20000,61,0
14577,3,2,101930,4000,110000,25,0
14582,3,2,20484,2000,130000,47,0
14587,3,2,500,0,320000,27,1
14589,3,4,314931,500,280000,50,0
14594,3,2,79075,3000,80000,44,1
14596,3,2,96051,18000,50000,28,1
14597,3,2,35786,1210,120000,28,1
14601,3,2,29918,1148,30000,38,0
14615,3,6,142,0,10000,29,0
14624,3,2,30324,0,30000,23,0
14631,3,2,10025,500,10000,23,0
14634,3,3,50805,1800,50000,25,0
14645,3,2,20899,800,20000,36,1
14647,3,2,19543,391,20000,25,0
14650,3,2,170010,6500,200000,33,0
14653,3,2,14846,1500,30000,25,0
14683,3,2,47306,3000,50000,25,1
14692,3,2,14255,0,20000,28,0
14693,3,2,86004,3957,170000,34,0
14696,3,2,28741,2492,30000,59,0
14707,3,2,37152,0,100000,34,0
14708,3,2,23496,0,30000,30,0
14709,3,2,57501,4500,80000,37,0
14719,3,2,93114,3365,200000,51,0
14723,3,2,43018,2000,80000,30,0
14729,3,3,64477,2600,110000,30,1
14733,3,2,113312,4387,340000,43,1
14752,3,2,2417,0,20000,41,0
14764,3,2,189149,7000,220000,36,0
14789,3,2,200,29847,30000,22,0
14794,3,4,7638,0,20000,25,0
14797,3,2,47390,0,50000,43,0
14806,3,2,18327,0,20000,24,0
14808,3,2,29634,1020,30000,29,0
14811,3,2,8535,3000,250000,44,1
14820,3,2,283356,9122,320000,36,1
14821,3,2,27922,1173,30000,34,0
14822,3,2,7987,2629,80000,25,1
14827,3,2,32431,2000,80000,23,1
14841,3,2,2224,12,360000,34,1
14843,3,2,1170,0,160000,28,0
14861,3,2,74847,6000,80000,34,0
14862,3,7,2550,0,30000,24,0
14868,3,2,99504,3400,100000,29,1
14878,3,2,21811,2921,190000,27,1
14881,3,2,114719,4400,120000,32,0
14882,3,2,50319,13,50000,34,0
14884,3,2,12393,2000,20000,26,0
14888,3,2,6455,5,280000,38,1
14892,3,7,2550,0,50000,29,0
14894,3,2,23275,2000,70000,32,0
14901,3,2,1402,3244,150000,37,0
14907,3,2,16635,600,20000,24,1
14909,3,2,792,0,210000,35,1
14913,3,2,2996,209,330000,42,1
14915,3,2,200,0,30000,26,0
14923,3,2,10087,0,20000,25,0
14933,3,2,12380,0,20000,26,0
14948,3,2,28301,1200,50000,22,1
14951,3,2,2487,0,250000,51,0
14952,3,2,45385,1500,50000,49,0
14955,3,2,15975,2500,20000,40,0
14962,3,2,29105,1060,30000,42,1
14974,3,7,2395,0,30000,55,0
14977,3,2,27905,0,30000,58,0
14981,3,2,28635,2250,30000,23,0
14993,3,2,476,2880,260000,51,1
15009,3,2,21207,2645,30000,43,0
15014,3,3,16253,0,20000,40,0
15017,3,2,31380,0,30000,42,0
15018,3,2,9264,3000,20000,44,1
15021,3,2,12251,600,70000,45,0
15031,3,2,150254,1722,150000,46,0
15033,3,3,11834,0,20000,46,1
15034,3,2,117426,5000,180000,36,0
15057,3,2,8505,1200,20000,40,0
15063,3,2,70638,2800,100000,35,0
15077,3,2,15693,1500,30000,47,0
15087,3,2,145333,6910,260000,35,0
15111,3,2,19930,0,20000,50,0
15112,3,2,21864,0,50000,50,0
15118,3,2,50382,0,50000,48,0
15120,3,2,10730,2000,20000,56,0
15127,3,2,148953,0,160000,50,0
15132,3,2,46706,2500,50000,52,1
15139,3,2,2395,0,30000,55,0
15152,3,2,78259,2122,80000,23,0
15160,3,2,69422,55,70000,22,0
15170,3,2,9895,2000,40000,23,0
15174,3,2,15364,2000,30000,23,1
15185,3,2,16580,2067,20000,25,0
15186,3,2,4476,7002,30000,25,0
15191,3,2,300,0,30000,24,0
15194,3,2,111661,4000,110000,24,0
15202,3,2,24482,910,50000,23,0
15208,3,2,8396,0,60000,27,1
15210,3,2,72616,15,70000,27,1
15226,3,2,89609,0,90000,40,0
15227,3,2,118539,0,130000,44,0
15229,3,2,89895,0,130000,29,0
15232,3,2,18592,1238,20000,42,0
15237,3,2,28804,0,30000,26,0
15240,3,2,129713,5100,130000,34,1
15252,3,2,5570,31,180000,28,0
15268,3,2,23502,1800,30000,34,0
15280,3,2,13169,1000,20000,46,0
15288,3,2,5754,0,20000,28,0
15296,3,2,8973,1675,30000,41,0
15299,3,2,69790,3500,380000,31,1
15307,3,2,145,0,60000,34,0
15309,3,2,17621,800,50000,43,0
15351,3,2,49325,0,50000,37,0
15354,3,2,37238,20000,520000,46,0
15368,3,3,780,0,60000,38,1
15384,3,3,23719,900,20000,45,0
15401,3,2,30529,3562,280000,49,0
15407,3,2,43327,0,50000,53,0
15424,3,2,16470,1500,20000,24,1
15425,3,2,156843,2700,360000,27,0
15428,3,2,2500,0,360000,30,0
15430,3,2,47627,1925,130000,24,1
15444,3,2,38318,5000,80000,28,0
15446,3,2,48559,1640,50000,25,1
15448,3,2,19121,0,20000,26,1
15453,3,2,79384,3900,120000,27,1
15455,3,2,9159,1000,20000,23,0
15470,3,2,50104,0,120000,40,0
15476,3,2,51400,0,50000,46,0
15496,3,2,6353,1000,30000,30,0
15498,3,2,55768,2000,150000,34,0
15501,3,2,49546,1713,50000,28,0
15503,3,2,67223,2943,200000,41,1
15506,3,2,50351,0,50000,29,0
15513,3,2,20930,1000,30000,37,0
15518,3,2,13555,0,50000,41,0
15525,3,2,80107,371,80000,36,1
15537,3,2,33261,0,50000,39,0
15551,3,2,16768,1134,20000,36,0
15559,3,2,48736,1900,60000,38,0
15566,3,2,1752,2000,290000,43,1
15571,3,2,65489,2500,130000,40,0
15581,3,2,33288,0,250000,52,0
15584,3,3,19368,0,20000,52,1
15586,3,2,76463,3000,500000,50,0
15594,3,2,458862,18000,600000,53,0
15603,3,3,948,0,60000,24,1
15615,3,2,95163,80,100000,30,0
15624,3,2,396,792,130000,30,1
15652,3,2,91442,1144,90000,39,0
15673,3,2,11462,2300,30000,31,0
15675,3,2,94,112,550000,31,0
15678,3,2,22721,1700,30000,26,0
15682,3,2,390,0,30000,25,1
15700,3,3,20442,0,20000,31,0
15741,3,3,142243,0,140000,27,0
15750,3,2,736,736,30000,24,1
15753,3,2,200,0,30000,22,0
15758,3,2,83628,12,80000,22,0
15760,3,2,21213,0,130000,22,0
15763,3,2,44438,1539,60000,23,0
15764,3,2,95189,3600,100000,23,0
15766,3,2,10221,6808,30000,22,0
15767,3,3,6744,500,10000,22,0
15775,3,2,52903,2200,140000,24,0
15778,3,2,10385,0,10000,25,0
15779,3,2,13266,0,20000,24,0
15789,3,2,30670,0,30000,26,0
15806,3,2,29915,1731,30000,23,1
15809,3,2,92041,0,100000,28,0
15815,3,2,390,780,30000,27,1
15825,3,2,8109,21,80000,27,0
15827,3,2,45064,3400,50000,27,0
15836,3,2,2816,1000,60000,27,1
15844,3,2,36498,1929,70000,27,0
15851,3,2,51967,0,50000,28,0
15853,3,2,28125,1000,70000,27,1
15854,3,2,55764,9700,60000,27,0
15856,3,2,118700,0,150000,25,0
15857,3,2,19962,1450,30000,27,1
15862,3,2,15545,1275,30000,29,0
15864,3,2,57022,0,80000,29,1
15867,3,2,626,626,240000,29,0
15868,3,2,126200,8000,110000,30,0
15872,3,2,19607,2500,30000,28,0
15889,3,2,69602,2900,80000,35,1
15899,3,3,91624,7000,110000,25,0
15903,3,2,75635,32000,200000,30,1
15910,3,3,41126,0,50000,28,0
15916,3,2,3499,3302,290000,30,1
15923,3,2,102872,0,80000,29,0
15925,3,2,39676,3700,60000,31,1
15930,3,2,22437,1000,60000,32,0
15936,3,2,30023,0,30000,25,0
15938,3,2,20616,1000,50000,26,0
15940,3,2,26363,1758,30000,32,0
15944,3,2,64478,5000,340000,33,1
15948,3,2,2400,0,30000,30,0
15951,3,2,21163,1300,50000,31,0
15955,3,2,21638,1376,50000,38,0
15958,3,2,132120,0,200000,29,0
15965,3,2,66468,0,50000,39,0
15970,3,3,20732,0,20000,49,0
15981,3,2,29346,108,30000,37,0
15984,3,3,12755,17,50000,31,0
15988,3,2,30895,1500,50000,31,0
15992,3,2,36338,2270,100000,32,1
16001,3,2,2400,0,20000,44,0
16002,3,2,51457,10000,130000,29,1
16003,3,2,84062,30,80000,34,0
16008,3,2,72596,0,70000,22,0
16017,3,4,144280,0,140000,47,0
16022,3,2,418,424,200000,35,1
16029,3,2,18177,1289,50000,43,0
16032,3,2,19098,0,20000,32,0
16040,3,2,5000,0,200000,31,0
16048,3,2,16801,1281,20000,26,0
16053,3,2,29066,3000,30000,48,0
16059,3,2,104817,4500,140000,29,1
16061,3,2,26283,4087,50000,47,1
16067,3,2,50492,5000,50000,39,0
16068,3,2,81587,0,80000,31,1
16076,3,2,118474,0,160000,38,0
16084,3,2,3723,0,140000,28,0
16093,3,2,25635,2900,40000,37,0
16095,3,2,95758,4385,160000,42,0
16096,3,3,61459,0,140000,36,0
16098,3,2,17141,4200,30000,42,0
16099,3,2,25930,1000,70000,46,0
16104,3,3,2440,500,10000,37,0
16122,3,2,19381,0,20000,30,0
16127,3,2,11787,0,30000,37,0
16137,3,2,189665,0,220000,37,0
16138,3,2,48827,2034,50000,36,0
16139,3,2,24672,1233,30000,33,1
16141,3,2,9754,20000,120000,35,1
16142,3,2,70415,5800,120000,39,0
16158,3,2,29088,2916,30000,46,0
16178,3,2,32700,4,50000,29,0
16212,3,2,19360,1700,20000,34,0
16220,3,2,7996,1166,180000,44,1
16223,3,2,71459,4000,80000,43,0
16227,3,2,62882,7282,80000,34,0
16236,3,3,53896,2000,70000,41,0
16237,3,2,49060,2000,50000,43,0
16244,3,2,63325,5487,80000,56,1
16247,3,3,39477,1400,40000,38,1
16251,3,2,48263,2384,50000,24,1
16252,3,3,28233,0,30000,25,1
16258,3,2,184403,4100,190000,30,1
16260,3,2,46549,0,60000,40,0
16261,3,2,39322,0,40000,49,0
16265,3,2,56884,2723,70000,40,0
16285,3,3,82194,5,80000,34,0
16286,3,2,400,200,260000,34,1
16287,3,2,148066,27,150000,34,0
16290,3,2,101882,0,100000,41,0
16295,3,2,91505,8600,110000,44,1
16297,3,2,30321,1511,30000,41,1
16300,3,3,9964,0,10000,45,0
16305,3,2,26270,2000,30000,33,0
16310,3,2,39030,5000,100000,34,0
16316,3,2,780,0,30000,45,1
16320,3,2,48353,2154,50000,44,1
16331,3,2,26789,0,30000,45,0
16340,3,2,17838,0,30000,43,0
16348,3,2,158994,0,220000,33,0
16358,3,2,17280,1606,30000,34,0
16363,3,2,590,0,360000,33,1
16375,3,2,20471,800,80000,42,0
16376,3,2,3660,2415,150000,35,0
16377,3,3,12240,0,30000,48,0
16380,3,2,31295,954,30000,46,0
16387,3,2,1302,1852,160000,29,1
16390,3,2,37539,0,90000,29,0
16401,3,2,10964,1000,10000,44,0
16411,3,2,24335,1200,150000,36,1
16416,3,2,20767,0,50000,36,0
16432,3,2,31304,1600,110000,52,0
16441,3,2,622,1000,10000,53,1
16452,3,2,16620,0,30000,56,0
16455,3,2,66705,3500,80000,56,0
16456,3,2,100978,0,100000,52,0
16459,3,2,8402,1000,20000,54,0
16464,3,2,7156,1500,50000,53,0
16470,3,2,19379,1000,30000,53,0
16476,3,2,10523,2000,20000,56,1
16478,3,2,50416,2000,80000,54,0
16481,3,2,14802,1276,30000,53,1
16489,3,3,38678,0,100000,33,1
16490,3,2,1050,0,30000,22,0
16491,3,2,23321,3316,30000,23,1
16492,3,2,98450,2000,50000,22,1
16498,3,2,16940,3300,20000,26,0
16503,3,2,14638,1500,20000,24,0
16506,3,3,7817,0,10000,22,0
16512,3,2,17325,800,20000,24,0
16513,3,2,13427,700,100000,24,0
16515,3,2,21408,0,20000,24,0
16516,3,3,59755,198,60000,24,0
16518,3,2,38862,1200,40000,24,0
16520,3,2,382620,13175,420000,26,0
16521,3,2,13921,1900,20000,26,0
16527,3,2,26087,820,30000,25,0
16536,3,2,41167,1700,50000,26,0
16543,3,3,3940,1000,10000,27,0
16549,3,2,19145,0,20000,30,0
16554,3,2,22317,2100,40000,29,1
16555,3,2,2300,0,10000,30,0
16559,3,2,1650,0,30000,27,0
16567,3,2,13913,0,20000,29,0
16569,3,2,2500,0,360000,28,1
16572,3,3,6095,500,10000,25,0
16577,3,2,91325,3204,70000,28,0
16579,3,2,29128,1500,30000,29,0
16582,3,3,1800,0,20000,29,0
16591,3,2,12114,2000,70000,25,0
16593,3,2,35878,1400,70000,29,0
16594,3,2,150,0,20000,28,0
16596,3,2,29199,2000,430000,30,1
16612,3,2,770,0,50000,31,1
16613,3,2,68392,2798,130000,27,0
16620,3,2,117678,5000,320000,35,1
16623,3,2,17127,1259,50000,30,0
16626,3,2,32847,1300,50000,32,0
16631,3,2,9423,1000,120000,25,1
16632,3,2,29505,1300,30000,35,0
16634,3,2,18566,2000,50000,25,0
16635,3,2,8587,1200,30000,34,0
16641,3,2,14475,1000,20000,31,0
16643,3,2,9602,0,50000,33,0
16650,3,2,13108,0,50000,46,0
16652,3,2,21972,0,30000,42,0
16663,3,2,152858,14025,160000,28,0
16668,3,2,20353,381,20000,32,0
16675,3,2,16045,1000,100000,48,1
16680,3,2,67734,6500,140000,32,0
16682,3,2,29261,0,50000,41,0
16684,3,2,12943,2700,20000,44,0
16686,3,2,49400,2000,50000,36,1
16687,3,2,20526,0,20000,41,0
16690,3,2,86472,3000,260000,46,0
16694,3,2,160658,24000,250000,35,0
16697,3,2,44084,1700,50000,44,0
16698,3,2,82698,2139,80000,40,0
16700,3,3,197022,6000,220000,47,0
16701,3,2,12591,5000,120000,39,0
16711,3,2,17437,1306,30000,41,0
16723,3,2,162360,6000,220000,47,0
16730,3,2,33988,3200,50000,34,0
16733,3,2,245397,12300,240000,42,0
16744,3,2,48935,0,50000,39,0
16749,3,2,88909,3800,150000,36,0
16752,3,3,26185,0,30000,35,0
16754,3,3,9979,0,80000,36,0
16769,3,2,150,0,50000,35,0
16772,3,2,172122,0,190000,39,0
16780,3,2,25600,0,50000,47,1
16782,3,2,18440,0,60000,31,0
16786,3,2,43222,1708,60000,29,0
16789,3,2,2379,0,30000,37,0
16790,3,2,183039,7000,220000,39,0
16799,3,3,10092,0,10000,41,0
16800,3,2,11127,0,20000,47,0
16802,3,2,17976,1700,20000,35,0
16813,3,2,74489,6000,100000,40,0
16823,3,2,11813,0,20000,38,0
16833,3,2,20035,0,20000,43,0
16834,3,2,8876,1500,10000,45,0
16835,3,2,3997,1000,50000,29,0
16839,3,2,16770,2300,30000,43,0
16848,3,2,59478,6,100000,45,0
16850,3,2,124745,0,150000,41,0
16854,3,2,600,0,80000,36,0
16857,3,3,155368,0,150000,45,0
16859,3,2,59875,3000,160000,47,0
16868,3,2,16199,20,400000,38,0
16870,3,3,16079,0,20000,36,0
16872,3,2,26860,1646,30000,31,0
16875,3,2,124901,9463,140000,48,1
16881,3,2,29548,0,50000,39,0
16890,3,2,35985,3300,150000,37,0
16915,3,3,12086,0,20000,50,0
16920,3,2,38630,4086,50000,52,0
16923,3,2,578,340,30000,49,1
16926,3,2,28066,0,30000,52,0
16933,3,2,2255,0,20000,53,0
16938,3,2,18482,2300,20000,59,0
16950,3,2,11257,1000,50000,58,0
16957,3,3,212058,0,270000,50,0
16961,3,2,45470,2000,50000,48,0
16964,3,2,58039,2300,110000,54,0
16968,3,2,7924,0,130000,57,0
16971,3,3,29472,0,30000,54,0
16975,3,2,42117,0,60000,29,0
16978,3,2,27248,2800,30000,30,0
16991,3,2,32982,1200,50000,22,1
16992,3,2,39441,3003,50000,22,0
16993,3,2,89623,3900,140000,23,1
16996,3,3,14881,0,30000,23,0
17005,3,2,22219,0,50000,22,0
17009,3,2,51450,0,50000,24,0
17020,3,2,8908,1000,10000,22,1
17026,3,2,25406,2000,30000,22,0
17031,3,2,44069,0,50000,22,0
17032,3,2,43878,0,50000,23,0
17034,3,2,2400,0,10000,23,0
17040,3,2,96674,3800,100000,24,0
17044,3,2,48868,1701,50000,26,0
17045,3,2,30546,1453,30000,26,1
17049,3,2,33041,2900,60000,24,0
17055,3,2,34656,1200,50000,22,1
17056,3,2,43434,1900,50000,22,0
17075,3,2,190716,6000,200000,25,1
17077,3,2,88624,3300,100000,24,0
17078,3,2,109646,0,140000,24,1
17084,3,2,27059,2900,50000,25,1
17086,3,2,8637,1800,10000,22,1
17087,3,4,29399,0,30000,23,0
17088,3,2,23130,6380,30000,23,1
17092,3,3,20563,1000,30000,25,0
17101,3,2,150,0,60000,24,0
17104,3,2,26372,1400,50000,24,1
17122,3,2,27536,1400,30000,27,0
17130,3,2,23124,4300,80000,24,0
17133,3,2,43576,2012,80000,24,1
17140,3,2,45916,1700,50000,25,1
17141,3,2,35683,1400,50000,25,0
17143,3,2,39559,0,80000,26,1
17148,3,2,48308,5000,60000,27,1
17149,3,2,21186,2000,50000,27,0
17154,3,2,87510,0,90000,27,0
17155,3,2,19658,1600,20000,29,0
17156,3,2,10862,1100,30000,26,0
17160,3,2,167095,6800,210000,27,0
17168,3,2,2173,0,280000,27,1
17175,3,2,252087,8065,250000,29,0
17181,3,2,143225,6000,150000,28,0
17189,3,4,13403,0,20000,31,0
17191,3,2,59271,2300,80000,29,0
17204,3,2,45354,4500,50000,29,0
17208,3,2,34370,1300,50000,27,0
17209,3,2,15377,0,50000,28,0
17217,3,2,390,3115,360000,30,0
17219,3,2,22178,0,30000,23,1
17220,3,2,48461,1500,80000,25,1
17231,3,2,99542,2950,100000,39,0
17232,3,3,80296,0,80000,33,1
17233,3,2,9629,0,10000,46,0
17235,3,2,22677,1395,80000,35,0
17236,3,2,24204,1000,40000,39,0
17240,3,2,2400,0,10000,41,0
17245,3,4,48981,0,50000,36,0
17246,3,2,8428,1200,110000,34,1
17248,3,2,2500,0,360000,31,0
17249,3,3,17517,0,20000,38,0
17253,3,2,147038,5000,150000,39,0
17256,3,2,20909,900,60000,47,0
17269,3,2,16820,800,50000,33,0
17274,3,2,19308,1318,20000,32,1
17279,3,2,45650,1700,50000,34,0
17295,3,2,30206,1100,30000,31,0
17319,3,3,100536,5500,120000,25,0
17320,3,3,140383,10000,200000,25,0
17321,3,2,8762,1062,30000,29,1
17323,3,2,88653,3510,390000,31,1
17325,3,4,77757,0,150000,32,0
17352,3,3,13492,0,20000,43,0
17359,3,3,28615,1500,120000,42,0
17364,3,2,48082,5000,50000,36,0
17375,3,2,49060,4,50000,46,0
17387,3,2,16283,2000,20000,48,0
17394,3,2,45983,2000,100000,46,0
17396,3,2,72464,6000,80000,29,0
17414,3,2,17080,800,30000,47,0
17418,3,2,151591,4845,150000,33,1
17421,3,2,30413,3000,200000,46,0
17424,3,2,17541,1200,20000,36,1
17432,3,2,8541,305,20000,31,0
17447,3,2,26622,2,30000,43,0
17461,3,2,390,780,90000,43,1
17484,3,2,50292,0,50000,32,0
17485,3,2,53582,6200,120000,39,0
17486,3,2,24981,1200,50000,41,0
17490,3,2,8162,457,400000,48,0
17499,3,2,9608,1200,10000,33,0
17501,3,2,836,390,30000,42,1
17513,3,2,25749,1100,40000,33,0
17517,3,2,29364,0,90000,32,0
17520,3,3,16635,0,20000,33,1
17526,3,2,25182,4200,110000,41,0
17534,3,2,21188,0,50000,43,1
17540,3,2,31037,800,30000,47,1
17541,3,2,33862,2000,100000,36,0
17559,3,2,17194,0,30000,45,0
17562,3,2,46400,3700,50000,35,1
17576,3,2,3500,7190,170000,40,1
17586,3,2,15232,2000,20000,39,0
17588,3,2,22949,1000,70000,38,0
17592,3,2,20502,0,20000,43,0
17601,3,2,52775,2000,80000,31,1
17613,3,2,142421,6003,180000,32,0
17615,3,2,42719,1300,80000,30,0
17619,3,2,3342,4844,80000,32,0
17620,3,2,126899,4000,180000,33,0
17623,3,2,29733,2600,30000,31,0
17625,3,2,18247,0,180000,32,1
17635,3,2,60385,6100,80000,30,0
17650,3,2,129137,4500,130000,47,0
17654,3,2,8403,1735,10000,46,0
17657,3,2,18057,2175,20000,44,1
17660,3,4,29367,0,30000,44,0
17668,3,2,102623,0,100000,30,0
17688,3,2,55030,3000,70000,35,0
17694,3,2,10293,0,20000,42,0
17702,3,2,1780,4760,360000,43,1
17703,3,2,5366,1500,60000,35,0
17706,3,2,858,1054,240000,34,1
17708,3,2,89711,4086,90000,33,1
17713,3,2,18451,0,90000,44,0
17715,3,2,600,0,10000,50,0
17718,3,2,33018,10076,120000,50,1
17725,3,2,28919,28426,30000,50,0
17729,3,2,46985,4600,50000,51,1
17733,3,2,49551,2300,50000,60,0
17735,3,2,76983,0,290000,58,0
17738,3,2,7776,0,40000,53,1
17741,3,2,735,0,360000,70,1
17742,3,2,316,316,200000,63,0
17747,3,2,13545,500,30000,58,0
17748,3,2,26068,3500,30000,54,0
17750,3,2,4366,0,10000,52,0
17757,3,2,2400,0,10000,51,0
17764,3,2,24087,2500,30000,56,0
17775,3,2,91453,3290,110000,54,0
17776,3,2,85594,3300,100000,58,0
17779,3,4,59111,2000,60000,59,0
17781,3,3,4709,0,100000,60,1
17786,3,2,308878,22053,310000,62,0
17788,3,2,28403,0,50000,64,0
17798,3,2,4038,1500,50000,23,1
17802,3,2,29276,150,30000,23,0
17809,3,2,1050,0,10000,24,0
17811,3,2,22599,2700,50000,24,0
17813,3,2,8950,0,10000,22,0
17833,3,3,29991,0,30000,24,0
17837,3,2,104878,3700,110000,24,0
17839,3,2,26549,9000,110000,25,1
17843,3,2,16715,2200,20000,24,0
17845,3,2,19661,2000,20000,26,0
17847,3,2,202494,0,200000,26,0
17852,3,2,18047,0,20000,26,0
17863,3,2,2400,0,10000,26,0
17864,3,2,13738,2226,30000,26,0
17872,3,2,27492,2000,70000,28,0
17875,3,2,2400,0,30000,30,0
17889,3,2,141471,2000,240000,33,0
17893,3,2,1444,1000,60000,29,1
17897,3,2,39620,2500,40000,27,0
17904,3,2,400,0,50000,29,0
17907,3,2,59892,3000,60000,28,0
17908,3,2,3787,1000,50000,32,1
17909,3,2,71933,0,130000,34,0
17910,3,2,15936,2355,20000,25,1
17916,3,3,40160,1600,50000,32,0
17919,3,2,91057,3300,120000,33,0
17922,3,2,85536,6800,100000,29,0
17925,3,2,25927,2700,40000,44,0
17927,3,2,1050,0,10000,40,0
17928,3,2,8794,1192,10000,44,1
17941,3,2,45375,0,70000,44,0
17945,3,2,10687,1700,120000,42,1
17951,3,2,94772,0,200000,43,0
17960,3,2,69361,0,80000,33,0
17967,3,2,7789,1000,20000,31,0
17974,3,2,21022,3000,30000,33,0
17987,3,2,1291,2740,240000,38,0
17989,3,2,45741,1000,50000,48,0
17999,3,2,4374,1200,80000,33,1
18000,3,2,14176,1000,30000,36,0
18001,3,2,98706,4200,160000,37,0
18004,3,8,37026,2500,70000,33,0
18006,3,2,29268,3000,90000,39,0
18015,3,2,143649,114,140000,31,1
18020,3,2,118491,15000,130000,48,0
18021,3,2,43996,1750,90000,45,1
18027,3,2,125768,4200,180000,38,0
18034,3,2,211391,8000,280000,32,0
18039,3,2,49666,4500,400000,39,0
18040,3,4,29721,0,30000,45,0
18050,3,2,33143,1568,110000,40,1
18058,3,2,8562,0,50000,35,1
18059,3,3,51841,0,50000,37,0
18063,3,2,21204,800,50000,31,0
18065,3,2,11670,1036,50000,41,1
18067,3,2,76063,3000,100000,38,0
18072,3,2,49857,2000,60000,36,0
18073,3,2,8019,1000,10000,29,0
18074,3,2,81753,7000,110000,34,0
18075,3,2,38401,2100,40000,34,1
18084,3,2,2460,0,250000,29,1
18086,3,2,2000,700,130000,33,0
18095,3,2,1050,0,20000,42,0
18097,3,2,1573,0,250000,41,0
18099,3,2,45880,3900,50000,41,1
18100,3,3,24624,0,30000,39,0
18102,3,3,168401,0,200000,40,1
18110,3,2,44872,1800,120000,43,0
18111,3,2,67800,2512,110000,48,0
18117,3,2,7604,270,60000,42,0
18123,3,2,52714,4500,150000,33,1
18136,3,2,1050,0,10000,46,0
18137,3,2,47080,1200,50000,37,1
18143,3,2,11293,1200,300000,32,1
18158,3,2,15824,30000,20000,35,0
18159,3,2,90376,2500,210000,41,0
18170,3,2,25086,0,60000,38,0
18186,3,2,3896,119498,260000,44,1
18193,3,2,37424,2000,70000,39,0
18199,3,2,10467,2000,20000,40,0
18215,3,2,129558,5800,130000,50,1
18216,3,2,128447,0,200000,50,1
18222,3,2,19195,0,20000,49,0
18226,3,2,9853,0,80000,53,0
18228,3,2,54046,0,100000,56,0
18229,3,2,17242,0,20000,62,0
18230,3,2,39148,0,50000,54,0
18239,3,2,31756,0,80000,52,1
18242,3,2,21734,0,190000,50,0
18244,3,2,18047,0,20000,49,0
18253,3,3,8031,0,100000,60,1
18257,3,2,8386,1000,10000,54,0
18260,3,3,17471,0,20000,61,0
18263,3,2,629,13371,420000,54,1
18273,3,2,360,360,330000,56,1
18278,3,2,36322,3405,180000,58,0
18279,3,2,46365,2000,170000,59,0
18293,3,2,389,390,200000,66,1
18315,3,2,18255,2500,20000,31,0
18343,3,2,12582,2000,20000,21,0
18351,3,2,199,2780,20000,22,1
18352,3,3,8076,0,20000,22,0
18358,3,2,14426,2600,20000,22,1
18359,3,2,15436,1200,20000,22,0
18370,3,2,20808,0,30000,22,1
18371,3,2,15410,2000,30000,23,0
18376,3,2,28577,2709,60000,23,0
18382,3,2,23691,0,30000,28,0
18384,3,2,50148,1500,50000,22,0
18394,3,2,12193,1300,90000,24,0
18397,3,2,19054,2000,20000,24,0
18415,3,2,29697,1000,30000,22,1
18420,3,2,31090,1000,30000,22,0
18426,3,2,64440,0,70000,23,0
18433,3,2,294198,5000,250000,27,0
18438,3,2,13773,1400,30000,26,0
18444,3,2,81265,3100,100000,24,0
18445,3,2,18451,1956,20000,26,0
18451,3,2,4480,0,100000,26,0
18455,3,2,47959,2470,50000,26,0
18460,3,2,24180,2000,30000,23,1
18479,3,2,14371,4100,20000,25,1
18508,3,2,14506,1555,20000,23,1
18513,3,3,21197,0,20000,25,1
18515,3,2,25650,1500,30000,25,0
18519,3,2,26532,3000,40000,26,0
18528,3,2,38582,1858,40000,26,1
18537,3,2,79496,3300,80000,26,0
18540,3,2,12738,0,20000,25,0
18554,3,2,42133,2000,50000,25,1
18558,3,2,16834,1166,50000,25,1
18577,3,2,96998,0,110000,24,1
18581,3,2,30737,0,30000,24,0
18583,3,2,390,0,120000,28,1
18607,3,2,16366,1289,50000,24,1
18610,3,2,48833,0,80000,25,0
18623,3,2,43264,1500,50000,27,0
18626,3,2,33408,0,50000,26,0
18628,3,2,20330,1700,260000,26,1
18629,3,3,52175,0,190000,26,0
18639,3,2,690,6097,80000,25,1
18640,3,2,35472,3500,70000,25,1
18656,3,2,53295,2000,90000,26,0
18657,3,2,90311,3500,90000,26,0
18658,3,2,79548,3000,80000,27,0
18659,3,3,33002,0,40000,28,0
18660,3,2,26570,2001,50000,22,1
18680,3,2,8698,0,230000,30,0
18687,3,2,46345,1573,60000,28,0
18688,3,2,52664,2000,60000,28,0
18695,3,2,70507,2371,150000,26,0
18701,3,2,39063,3500,70000,25,1
18704,3,2,14371,0,30000,27,1
18720,3,2,88705,2054,90000,26,0
18726,3,2,99961,3700,140000,28,0
18732,3,2,80495,2350,80000,23,0
18736,3,2,55981,0,70000,25,0
18748,3,2,12075,4300,130000,25,0
18749,3,2,60906,12,60000,26,0
18757,3,2,4500,32468,160000,30,1
18758,3,2,155301,12534,160000,30,0
18761,3,2,1286,1117,200000,28,1
18774,3,2,23435,0,50000,27,0
18782,3,2,27932,0,200000,30,0
18827,3,2,14814,0,80000,24,0
18839,3,2,178390,8000,320000,27,1
18841,3,2,5459,1000,190000,27,0
18852,3,4,27090,0,30000,30,0
18858,3,2,955,1000,180000,28,1
18862,3,2,23699,1794,100000,27,1
18868,3,6,189981,0,180000,28,0
18869,3,2,22035,2007,320000,28,0
18870,3,2,6945,0,50000,28,0
18875,3,2,4782,1500,120000,26,0
18893,3,2,180484,0,200000,28,0
18900,3,2,8414,0,180000,28,0
18911,3,2,600,0,110000,29,0
18914,3,3,46898,0,50000,28,0
18919,3,2,163684,6500,190000,28,0
18926,3,2,27293,0,30000,29,0
18929,3,2,9078,1500,90000,29,0
18935,3,2,33907,3000,60000,28,0
18937,3,2,63389,18,60000,28,0
18949,3,2,326,978,50000,32,1
18952,3,2,9331,700,40000,23,0
18958,3,2,121304,4500,140000,28,0
18962,3,2,67564,2500,100000,29,0
18980,3,2,298,13764,200000,32,1
18988,3,2,209286,0,200000,30,1
18989,3,2,97410,3700,100000,30,0
18992,3,3,71489,0,70000,32,0
18997,3,2,799,1883,400000,36,1
19000,3,2,74853,5816,70000,29,1
19022,3,2,45020,1800,60000,34,0
19026,3,2,204369,7530,440000,28,0
19033,3,2,28781,0,30000,34,0
19036,3,2,26620,1000,50000,41,0
19040,3,2,16141,0,30000,26,0
19043,3,2,16892,1400,70000,23,0
19050,3,4,101072,6686,100000,30,0
19053,3,2,18093,1000,20000,26,0
19056,3,2,51060,4600,70000,35,0
19057,3,2,30766,0,30000,38,1
19065,3,2,29349,1000,30000,31,0
19070,3,2,26444,3000,30000,35,0
19078,3,2,42520,1800,90000,40,0
19084,3,2,24419,2000,70000,32,0
19085,3,2,7667,20000,300000,34,1
19092,3,3,42838,1500,50000,31,0
19101,3,2,7891,1300,20000,28,0
19104,3,2,31558,1000,50000,40,0
19131,3,2,16846,4000,90000,30,0
19134,3,2,48052,2033,50000,34,0
19146,3,2,63179,5346,100000,40,0
19150,3,2,19310,1339,70000,36,0
19164,3,2,260963,11021,350000,36,1
19168,3,2,54736,2000,200000,33,0
19174,3,2,330,330,150000,35,1
19179,3,2,101204,0,180000,41,0
19195,3,2,368318,14301,380000,33,0
19201,3,2,14663,2000,20000,46,0
19207,3,2,27640,0,30000,25,0
19215,3,4,112968,8000,150000,34,0
19221,3,2,29368,2000,30000,47,0
19245,3,2,1281,3786,100000,42,0
19247,3,2,38622,0,100000,38,0
19250,3,2,150,0,220000,38,0
19259,3,2,24191,0,30000,33,0
19261,3,2,125721,0,250000,29,0
19265,3,2,32492,1500,70000,47,0
19271,3,3,29740,0,30000,43,0
19279,3,3,946,0,50000,39,1
19309,3,2,2781,32231,100000,32,1
19316,3,2,150,0,110000,41,0
19318,3,2,19499,2385,50000,44,0
19323,3,5,72225,528,60000,38,0
19345,3,2,15865,750,20000,48,0
19352,3,3,60584,4900,120000,40,0
19359,3,2,147184,5790,160000,31,0
19361,3,2,220,632,20000,34,1
19369,3,2,11221,0,20000,39,1
19382,3,2,20667,0,90000,37,0
19384,3,2,10289,1000,90000,47,0
19386,3,3,14464,0,180000,29,0
19387,3,2,28089,9,30000,30,1
19453,3,2,13539,2000,270000,32,0
19461,3,2,71307,2500,70000,33,0
19465,3,2,48188,3800,50000,40,1
19466,3,2,28034,2007,30000,40,0
19472,3,2,15009,3000,180000,32,0
19475,3,2,3097,48546,270000,33,1
19485,3,2,96592,5000,100000,46,0
19489,3,2,110405,0,150000,37,0
19490,3,2,142477,3000,180000,42,0
19521,3,2,23785,1319,30000,35,0
19533,3,2,384705,15135,380000,41,0
19534,3,2,8885,2000,40000,43,0
19546,3,2,136732,0,160000,28,0
19557,3,2,17697,1317,30000,29,0
19578,3,2,55327,3000,80000,45,0
19588,3,2,16320,700,40000,30,0
19596,3,2,296219,11000,430000,42,0
19617,3,2,164009,3451,270000,30,0
19640,3,3,79872,2700,90000,31,0
19650,3,2,123087,7000,180000,33,0
19661,3,2,20434,1000,20000,44,1
19698,3,2,66450,2600,120000,38,0
19708,3,2,24235,0,40000,24,0
19712,3,2,4283,1587,220000,29,0
19727,3,2,137637,5000,300000,30,0
19740,3,3,57205,0,50000,46,0
19753,3,2,11119,1502,20000,41,0
19762,3,2,123,7286,100000,34,0
19771,3,2,18098,0,30000,37,0
19783,3,2,24587,3,50000,37,0
19794,3,2,18486,3000,60000,42,1
19799,3,2,19281,0,70000,32,1
19810,3,2,13892,1000,30000,47,0
19814,3,2,8685,1300,20000,41,1
19815,3,2,97624,0,100000,45,0
19821,3,2,1436,1261,200000,46,0
19825,3,2,10525,9000,20000,46,0
19831,3,2,3498,10494,200000,35,1
19832,3,2,82385,5,80000,36,0
19840,3,2,22608,0,50000,49,0
19843,3,2,177530,6408,250000,40,0
19844,3,2,112279,0,120000,35,0
19866,3,2,11166,0,100000,33,0
19874,3,2,185142,0,500000,46,1
19932,3,2,48701,2500,50000,49,1
19936,3,2,48310,420,50000,31,0
19937,3,2,192140,6947,240000,36,1
19958,3,2,213,3336,50000,45,1
19964,3,2,6566,2911,180000,41,1
19971,3,2,2297,0,230000,37,1
19976,3,2,150748,8000,220000,41,1
19983,3,2,5000,0,300000,47,0
20011,3,2,193598,7193,210000,34,1
20022,3,3,204,0,20000,31,1
20031,3,2,2868,9470,200000,30,1
20047,3,2,935,5362,100000,41,0
20079,3,2,194,3800,160000,35,1
20095,3,2,52059,0,80000,33,0
20106,3,2,1024,990,200000,30,1
20114,3,2,26153,2400,20000,45,1
20127,3,2,812,4100,50000,48,1
20130,3,2,139070,4854,140000,42,0
20141,3,2,11475,0,50000,35,0
20147,3,2,24574,516,50000,42,0
20149,3,2,51921,0,50000,36,0
20164,3,3,19045,0,50000,42,0
20173,3,2,1224,0,360000,42,1
20210,3,2,20078,1600,30000,50,1
20215,3,2,10120,1200,30000,52,0
20217,3,2,920,390,280000,53,1
20221,3,2,14236,0,100000,52,0
20255,3,2,2400,0,350000,52,0
20267,3,2,11207,500,20000,58,0
20270,3,2,89151,3300,150000,52,1
20273,3,2,94227,0,190000,48,0
20282,3,2,23057,2131,30000,50,0
20283,3,2,40582,1700,50000,50,0
20285,3,2,28347,3000,40000,55,0
20308,3,2,117301,0,130000,53,0
20331,3,2,3100,0,230000,54,1
20333,3,2,19227,2000,80000,54,1
20336,3,2,90635,3500,90000,54,0
20339,3,2,41150,1500,50000,58,0
20347,3,2,54784,5000,60000,66,1
20359,3,2,18113,1300,20000,22,0
20360,3,2,19279,2000,20000,22,0
20365,3,2,14127,1000,20000,22,0
20368,3,4,13609,0,20000,23,0
20373,3,2,16752,1300,20000,22,0
20374,3,2,8882,0,10000,22,0
20379,3,3,6097,511,20000,23,1
20380,3,2,18663,2616,20000,24,0
20382,3,2,7065,1125,10000,24,0
20389,3,2,18541,1298,20000,23,0
20396,3,2,19276,1000,20000,22,0
20399,3,2,10916,2000,20000,23,0
20416,3,2,14264,0,20000,25,1
20425,3,2,158632,0,200000,27,0
20426,3,2,8469,1157,20000,24,0
20428,3,2,150,0,20000,26,0
20438,3,2,27826,0,30000,22,0
20439,3,2,13295,1112,50000,24,1
20440,3,2,183197,6500,80000,24,0
20441,3,2,34154,0,50000,26,0
20446,3,2,390,390,360000,28,1
20447,3,2,23325,1405,90000,25,0
20454,3,2,45532,2430,50000,23,1
20459,3,2,825,825,80000,25,1
20465,3,2,170405,10048,150000,26,0
20466,3,2,5040,1103,190000,25,1
20473,3,2,73987,0,80000,34,0
20484,3,2,62196,2315,70000,26,1
20497,3,2,133567,0,140000,26,0
20498,3,2,7626,1200,20000,24,0
20522,3,2,48546,1900,50000,29,0
20524,3,2,38176,1200,60000,29,0
20526,3,2,72323,2600,90000,30,0
20531,3,2,61233,2300,150000,27,1
20546,3,2,19612,0,20000,30,0
20549,3,2,30425,1310,30000,26,0
20550,3,2,12521,2000,50000,31,1
20556,3,2,24193,0,60000,28,1
20560,3,2,11926,0,20000,26,0
20562,3,2,28313,0,180000,28,0
20578,3,2,400,0,310000,29,0
20581,3,2,26176,23,500000,30,1
20582,3,2,82922,0,120000,30,0
20597,3,2,114247,5000,200000,32,0
20600,3,2,35660,3000,90000,31,1
20606,3,2,180260,15000,200000,30,0
20610,3,2,47113,1700,130000,29,0
20615,3,2,46958,2000,50000,30,0
20635,3,2,19476,62877,80000,30,1
20638,3,3,13952,0,50000,31,1
20640,3,3,188441,7100,260000,37,1
20646,3,2,13400,2000,50000,26,0
20647,3,2,36537,2000,100000,31,0
20652,3,5,28029,0,30000,22,0
20653,3,3,10225,0,30000,27,0
20660,3,2,66545,0,330000,32,0
20664,3,3,10398,0,20000,44,0
20669,3,2,47830,2000,60000,30,0
20676,3,2,13109,0,20000,31,0
20685,3,2,37526,1600,50000,29,0
20688,3,2,153515,14500,180000,28,0
20690,3,2,24728,1730,30000,40,0
20696,3,2,56075,0,50000,34,0
20702,3,2,25744,3000,30000,33,0
20703,3,2,47426,2000,310000,34,1
20710,3,2,56581,0,70000,44,0
20711,3,2,7077,0,560000,49,1
20712,3,2,1473,1473,360000,40,1
20719,3,2,43134,1219,50000,44,1
20722,3,2,2400,0,20000,37,0
20725,3,2,268769,0,270000,38,0
20727,3,2,31938,1236,60000,41,1
20728,3,4,27371,0,30000,36,1
20734,3,3,30575,0,50000,41,0
20738,3,3,19933,0,20000,24,0
20739,3,2,24524,5621,30000,30,0
20742,3,2,950,1000,50000,44,1
20755,3,2,17963,0,20000,40,1
20757,3,2,32515,0,40000,46,0
20758,3,2,16814,1700,20000,34,0
20771,3,2,46872,4200,50000,34,0
20775,3,2,30759,2535,150000,34,0
20777,3,2,18028,1250,20000,31,0
20803,3,2,64930,4500,100000,34,0
20841,3,2,2015,0,500000,41,1
20852,3,2,325,2250,240000,35,1
20853,3,2,46468,1800,50000,32,0
20855,3,2,78353,3328,80000,34,0
20867,3,2,48757,5000,60000,32,0
20868,3,2,18642,2000,170000,35,0
20871,3,2,197509,200,200000,31,0
20882,3,2,92035,3600,110000,30,0
20884,3,2,3056,2000,100000,41,0
20893,3,2,565550,18000,550000,35,0
20903,3,2,2443,0,200000,28,0
20904,3,2,250,0,20000,48,0
20907,3,2,156765,6600,190000,40,0
20914,3,2,9885,2000,20000,26,0
20925,3,2,2983,0,20000,45,1
20927,3,2,193224,4000,340000,39,1
20928,3,2,45727,1200,50000,33,1
20933,3,2,69329,6000,130000,39,0
20937,3,2,45166,2400,70000,35,0
20958,3,2,48256,0,50000,33,0
20963,3,2,3737,179460,290000,32,0
20964,3,2,132549,0,130000,36,0
20968,3,3,159283,0,150000,38,0
20984,3,2,20075,1500,20000,34,0
20987,3,2,17224,1600,30000,45,0
20991,3,2,176869,6000,180000,31,0
20992,3,2,116004,5812,210000,38,0
20993,3,2,295114,11000,460000,44,0
20994,3,2,194396,8684,200000,47,0
20996,3,2,49463,2300,50000,49,0
20997,3,2,185074,6500,230000,38,0
21013,3,2,2500,0,200000,43,0
21017,3,2,156898,8000,160000,33,0
21018,3,2,49101,1800,50000,32,0
21028,3,2,17014,1592,50000,39,0
21032,3,2,48454,2183,50000,36,0
21034,3,2,19260,0,20000,36,0
21051,3,2,24538,554,50000,42,0
21053,3,2,62740,2000,70000,37,0
21057,3,2,24246,3000,100000,34,1
21058,3,2,99911,6700,160000,38,0
21060,3,2,183825,0,220000,34,1
21061,3,2,1965,1300,150000,29,1
21077,3,2,197039,8000,230000,46,0
21079,3,2,49072,2198,50000,34,1
21096,3,2,114785,50005,380000,40,1
21098,3,2,175281,7000,200000,42,0
21102,3,2,4679,1000,20000,34,1
21103,3,2,181932,6206,200000,40,0
21106,3,2,15002,0,30000,45,0
21120,3,2,3503,0,160000,40,1
21128,3,2,390,0,500000,41,1
21167,3,2,67164,1346,150000,31,0
21169,3,2,111642,2975,110000,45,1
21176,3,2,23173,2000,40000,33,1
21182,3,2,19909,2531,50000,36,0
21199,3,2,300,0,130000,31,0
21202,3,3,18406,3000,20000,30,0
21207,3,2,12695,0,70000,44,0
21213,3,2,16433,1289,20000,40,0
21218,3,2,75322,0,50000,37,0
21221,3,2,1383,0,200000,41,0
21222,3,2,69258,3000,80000,38,0
21224,3,2,14033,2000,90000,34,1
21225,3,2,36726,4898,40000,47,1
21226,3,2,6113,2000,10000,38,0
21233,3,2,1405,0,180000,49,1
21242,3,2,10511,1200,80000,45,1
21247,3,2,26960,3000,100000,37,0
21266,3,2,17494,0,20000,50,1
21267,3,2,10000,0,20000,52,0
21274,3,2,43135,1800,70000,50,0
21276,3,2,104480,4000,120000,53,1
21290,3,2,5546,1000,20000,59,0
21298,3,2,264,264,50000,63,1
21302,3,2,390,992,80000,51,1
21318,3,3,97297,3700,150000,55,0
21322,3,2,256178,10000,300000,50,0
21331,3,2,43733,16,50000,52,0
21341,3,2,20141,1300,20000,57,1
21343,3,2,16303,0,150000,57,0
21344,3,2,5914,13401,20000,53,0
21363,3,3,18405,0,20000,56,0
21372,3,2,390,390,130000,55,0
21377,3,2,15212,0,20000,55,0
21381,3,2,48647,1314,50000,54,0
21391,3,2,195681,0,190000,67,0
21393,3,2,25294,2201,150000,54,0
21401,3,2,375,375,220000,27,1
21402,3,2,85919,3300,120000,59,0
21404,3,2,66782,2975,70000,37,1
21411,3,2,19030,1000,30000,24,0
21419,3,2,27725,0,60000,27,0
21448,3,3,344,0,200000,28,1
21450,3,2,45784,1800,70000,27,0
21463,3,2,21103,2500,30000,29,0
21471,3,2,42521,1331,50000,26,0
21481,3,4,19299,2000,20000,24,0
21487,3,2,48425,3000,90000,27,1
21498,3,2,51278,13,50000,25,0
21501,3,2,36263,7847,160000,39,1
21508,3,3,21098,0,20000,22,0
21510,3,4,36489,0,30000,23,0
21517,3,2,55208,5000,60000,26,0
21519,3,2,98010,4507,100000,30,1
21524,3,2,17466,1000,20000,22,0
21531,3,2,59693,301,60000,22,0
21533,3,3,8164,0,10000,23,0
21534,3,2,29150,1418,30000,23,0
21537,3,2,13255,1670,30000,22,0
21540,3,2,15195,0,20000,22,0
21548,3,2,4840,780,20000,22,1
21549,3,2,26449,2201,30000,22,0
21565,3,2,72307,0,80000,23,0
21573,3,2,18550,0,20000,22,0
21574,3,2,14220,1230,30000,22,0
21583,3,2,1650,0,20000,22,0
21588,3,2,27688,3000,30000,22,1
21600,3,2,33533,1500,50000,22,0
21625,3,3,3023,0,20000,24,0
21636,3,2,23772,0,80000,23,0
21637,3,2,18408,1573,50000,22,0
21638,3,2,6171,1681,10000,23,0
21640,3,2,10928,0,50000,24,0
21648,3,2,70691,2752,70000,25,0
21652,3,2,8104,0,10000,26,0
21668,3,2,322,0,20000,24,0
21676,3,2,49587,2500,120000,25,1
21706,3,2,112706,4400,110000,26,0
21708,3,2,7820,1295,10000,23,0
21709,3,2,3579,30334,230000,23,0
21716,3,2,27474,1200,30000,24,0
21725,3,2,24989,1500,30000,26,0
21741,3,2,46097,8,50000,24,0
21743,3,2,18227,1720,20000,24,1
21747,3,2,2778,6572,20000,24,1
21756,3,2,51051,2100,50000,24,0
21775,3,2,15703,1000,20000,24,1
21790,3,2,81229,2000,220000,26,0
21801,3,3,42891,1700,50000,25,0
21812,3,3,19502,2000,20000,24,0
21820,3,2,9022,0,310000,26,1
21829,3,2,3687,0,270000,27,1
21832,3,2,7,11958,60000,27,1
21841,3,3,18305,1000,50000,24,0
21868,3,2,12276,2000,160000,26,1
21877,3,2,2000,0,50000,26,1
21880,3,2,130898,7000,190000,26,1
21883,3,2,500,624,230000,26,1
21892,3,2,53799,0,70000,26,0
21895,3,2,30047,3000,30000,27,1
21896,3,2,197630,7556,230000,25,1
21901,3,2,121861,0,120000,27,0
21912,3,2,13371,1000,130000,24,1
21914,3,2,12997,0,30000,23,0
21937,3,2,3784,0,180000,27,0
21939,3,2,89242,5085,90000,27,1
21942,3,2,19292,1310,20000,27,1
21951,3,2,50453,0,50000,28,1
21953,3,2,131053,5000,280000,27,1
21961,3,2,2400,0,50000,28,0
21972,3,2,76710,0,80000,24,1
21977,3,2,81308,2800,80000,25,0
21986,3,2,280337,50000,300000,28,1
22001,3,2,54587,0,50000,28,1
22004,3,2,6588,4571,230000,29,1
22011,3,2,72432,3700,100000,28,0
22012,3,2,50006,0,50000,29,0
22021,3,2,7738,3000,30000,25,1
22053,3,2,21047,1000,50000,29,0
22061,3,2,26305,2000,70000,28,0
22076,3,2,9224,1200,190000,28,1
22079,3,2,52595,5000,80000,29,1
22090,3,2,12163,0,60000,28,1
22091,3,2,293055,11155,320000,28,1
22095,3,2,35043,1513,230000,28,0
22108,3,2,206332,12014,240000,28,0
22119,3,2,6187,7761,80000,29,1
22125,3,2,46998,2000,80000,26,0
22134,3,2,4258,7032,80000,22,0
22150,3,2,192,2518,320000,29,1
22165,3,2,6527,2500,150000,30,1
22167,3,2,736,736,170000,27,1
22169,3,2,42958,8656,50000,28,0
22183,3,2,31250,1533,40000,28,1
22203,3,2,41370,2000,320000,27,0
22205,3,2,344459,15076,350000,25,1
22208,3,2,110768,5060,110000,24,1
22225,3,2,97727,3401,130000,29,1
22231,3,2,390,2724,50000,31,0
22258,3,2,199,3697,60000,29,1
22267,3,2,70557,3200,400000,29,1
22286,3,2,29693,1500,30000,29,0
22288,3,2,163,2250,200000,32,1
22311,3,2,33350,1500,100000,30,0
22345,3,2,4141,15305,200000,26,1
22346,3,2,2288,405,240000,28,0
22362,3,2,34064,2547,200000,30,1
22375,3,2,12668,2905,30000,29,1
22376,3,2,165,5908,230000,31,1
22377,3,2,8104,0,60000,27,0
22387,3,2,161487,0,170000,30,0
22402,3,2,146648,5200,150000,28,0
22415,3,2,52222,2000,60000,37,0
22416,3,2,14331,500,20000,37,0
22417,3,2,107185,5399,130000,39,0
22422,3,2,20491,0,20000,34,0
22430,3,2,25740,0,150000,35,0
22439,3,2,8892,0,30000,38,0
22443,3,2,42948,1202,400000,46,1
22444,3,2,90049,4100,90000,36,1
22460,3,2,16784,1500,170000,36,0
22463,3,3,20521,0,20000,38,0
22465,3,2,21919,600,50000,41,0
22467,3,2,9733,0,40000,36,0
22473,3,2,118855,10000,200000,39,0
22495,3,2,19416,2000,70000,49,0
22503,3,2,20857,0,50000,44,1
22507,3,2,44700,1800,60000,37,0
22521,3,2,3871,0,40000,40,1
22523,3,2,17549,3570,20000,34,0
22530,3,2,73783,24,210000,40,0
22537,3,2,109965,4100,130000,48,0
22551,3,2,34699,0,50000,35,0
22555,3,2,17606,1400,20000,32,1
22567,3,2,72381,0,120000,30,0
22596,3,2,2135,3305,240000,49,1
22611,3,2,145374,5860,200000,30,0
22621,3,3,27009,924,20000,43,0
22626,3,2,331518,13150,380000,34,0
22629,3,2,19376,1400,20000,42,0
22648,3,2,30027,0,60000,47,0
22657,3,2,322032,12000,350000,44,0
22665,3,2,2370,2243,450000,33,1
22680,3,2,507,0,320000,44,1
22689,3,2,44313,2000,50000,33,0
22691,3,2,118913,5000,140000,38,0
22700,3,2,16160,0,20000,46,0
22725,3,2,750,0,100000,38,0
22726,3,2,6690,1196,100000,32,1
22730,3,2,390,390,70000,40,1
22755,3,2,3606,4656,220000,45,1
22760,3,2,2650,0,460000,40,0
22789,3,3,168541,0,160000,33,0
22792,3,2,197466,0,220000,36,0
22806,3,2,4845,0,30000,45,0
22813,3,2,46281,1800,70000,35,0
22831,3,2,21124,1000,50000,37,0
22832,3,2,50255,0,50000,29,0
22856,3,2,85229,3000,90000,31,1
22859,3,2,38049,1100,30000,33,1
22863,3,2,20050,5000,150000,31,0
22872,3,2,149627,5117,340000,44,0
22879,3,2,227698,10000,290000,34,0
22881,3,2,25647,0,30000,39,0
22896,3,2,108455,4012,110000,27,0
22898,3,2,41131,3500,100000,31,0
22900,3,2,1622,5377,130000,47,0
22901,3,2,20313,0,30000,35,0
22954,3,3,9223,79,90000,44,1
22973,3,2,27086,2200,50000,36,1
22979,3,2,20388,1350,50000,41,0
22994,3,2,49188,2000,50000,41,0
23006,3,2,258903,2914,260000,33,0
23015,3,2,17227,8560,120000,37,1
23024,3,2,22234,0,70000,39,0
23027,3,2,413942,16385,610000,43,1
23031,3,2,108706,0,150000,33,0
23040,3,6,238172,0,220000,41,0
23052,3,2,165,5773,360000,39,0
23060,3,2,3161,0,160000,33,0
23066,3,2,71434,2700,150000,41,0
23070,3,2,6769,0,200000,45,0
23081,3,2,8763,1313,50000,40,1
23088,3,2,77977,3000,100000,36,0
23100,3,2,55887,20783,60000,44,0
23104,3,2,14509,1555,90000,42,1
23110,3,2,121993,5000,130000,42,0
23113,3,2,53080,2000,70000,30,1
23129,3,2,37433,1700,90000,35,1
23136,3,2,2182,0,20000,35,1
23156,3,2,21678,0,50000,35,0
23159,3,2,54902,1200,50000,38,0
23167,3,2,91710,3424,90000,47,0
23170,3,2,304025,10500,320000,37,0
23189,3,2,945,0,320000,36,1
23206,3,2,113778,6100,170000,45,0
23211,3,2,98364,8500,110000,43,0
23216,3,2,4140,0,80000,37,0
23234,3,2,59601,2734,390000,35,0
23259,3,3,18125,0,50000,36,0
23262,3,2,19890,0,150000,39,1
23264,3,2,87587,0,130000,37,0
23282,3,3,26784,2100,30000,44,1
23283,3,2,770,5269,200000,42,1
23288,3,2,96898,3600,130000,39,1
23297,3,2,429,4836,50000,28,0
23302,3,2,68552,25000,90000,35,0
23307,3,2,17105,2001,20000,40,0
23316,3,2,6547,1200,90000,40,0
23324,3,2,4634,0,130000,39,0
23339,3,2,78669,0,200000,36,0
23356,3,2,1200,0,30000,28,0
23385,3,2,28071,0,50000,44,0
23386,3,2,4679,2000,300000,40,0
23395,3,2,20958,1252,230000,37,1
23409,3,3,9427,0,50000,48,0
23415,3,2,39635,0,600000,38,0
23416,3,2,17021,0,20000,46,0
23427,3,2,18756,2403,20000,29,0
23437,3,2,117856,5000,190000,37,1
23461,3,2,2318,3792,300000,38,1
23469,3,2,21128,0,50000,39,0
23472,3,2,45239,1900,100000,30,0
23482,3,2,9945,4500,100000,30,1
23506,3,2,68592,5700,120000,33,0
23510,3,5,87486,5000,110000,31,0
23515,3,3,1551,9,120000,30,1
23526,3,2,18411,0,20000,35,0
23530,3,2,32222,1600,220000,35,0
23533,3,2,81477,0,80000,35,0
23541,3,2,2500,0,360000,45,1
23593,3,2,23017,0,80000,39,0
23608,3,2,170329,7000,240000,37,0
23616,3,2,106582,3659,80000,39,0
23618,3,2,19212,0,20000,42,1
23619,3,2,13662,2088,20000,46,1
23646,3,2,111948,4000,240000,38,0
23650,3,2,8753,1316,20000,46,0
23663,3,2,65516,2100,70000,48,0
23665,3,2,11970,1214,30000,47,0
23666,3,2,1056,1000,40000,46,1
23688,3,2,28569,2300,50000,50,0
23690,3,2,23582,1000,30000,51,1
23692,3,3,8212,0,20000,54,0
23695,3,2,66362,60,100000,54,0
23705,3,2,45250,1800,50000,53,0
23708,3,2,35497,3364,280000,64,1
23711,3,2,48385,2000,100000,55,0
23716,3,2,130168,4500,280000,47,0
23743,3,2,19717,0,20000,51,0
23748,3,2,83674,3000,90000,55,0
23752,3,2,26755,0,50000,58,0
23778,3,2,21790,0,70000,49,0
23792,3,2,71818,3075,70000,62,0
23823,3,3,948,0,120000,47,1
23826,3,2,24602,3801,30000,51,1
23828,3,2,111510,0,280000,50,0
23834,3,2,2321,2001,80000,50,0
23853,3,2,71902,2800,140000,58,0
23858,3,2,23117,3000,30000,49,0
23863,3,2,774,2000,300000,30,1
23864,3,2,23700,1000,50000,30,0
23865,3,2,17973,0,20000,27,0
23884,3,2,44070,2000,50000,23,1
23896,3,2,93182,0,130000,29,0
23899,3,3,12311,0,50000,26,0
23905,3,2,16899,0,20000,22,0
23910,3,2,165,481,80000,26,0
23914,3,2,17478,1500,20000,22,1
23919,3,3,16345,0,20000,22,0
23920,3,2,17046,200,20000,22,0
23927,3,2,93436,0,110000,26,0
23932,3,2,5560,1000,20000,22,1
23935,3,2,17137,3000,20000,22,0
23939,3,2,31130,1300,70000,27,0
23944,3,2,18342,0,20000,24,1
23950,3,2,13634,1300,20000,24,0
23965,3,3,17473,0,20000,24,0
23969,3,2,54675,500,120000,25,0
23971,3,2,83132,1706,50000,27,1
23979,3,2,17113,0,30000,23,1
23987,3,4,51981,0,50000,25,1
23996,3,2,80903,3636,80000,25,0
24004,3,3,20440,0,20000,27,0
24013,3,2,16371,1500,20000,24,0
24014,3,2,19117,1000,20000,24,0
24022,3,2,52757,3106,60000,25,1
24026,3,2,1050,0,20000,26,0
24033,3,2,43032,5215,50000,25,1
24036,3,2,232,1000,210000,27,1
24039,3,2,63633,2500,70000,27,0
24042,3,2,1200,0,20000,27,0
24057,3,2,15146,1266,20000,22,0
24076,3,2,131327,7326,180000,28,0
24083,3,2,26577,2000,30000,28,0
24109,3,2,45429,1617,50000,22,0
24131,3,3,662,0,200000,28,1
24133,3,2,42382,1800,50000,29,0
24141,3,2,16285,1300,50000,29,1
24154,3,2,43286,0,230000,29,1
24155,3,2,56598,0,110000,29,0
24156,3,2,2500,0,200000,29,0
24165,3,2,113676,4000,110000,28,0
24166,3,2,11281,2000,80000,29,0
24168,3,2,2400,0,20000,22,0
24169,3,2,9815,0,30000,28,0
24173,3,2,20199,0,20000,28,0
24193,3,2,18067,0,20000,30,0
24198,3,2,69607,3000,80000,30,0
24220,3,3,264,0,290000,30,1
24226,3,2,8317,5002,460000,31,1
24230,3,2,92504,0,200000,32,0
24233,3,2,163,500,50000,27,1
24249,3,2,33776,1563,90000,31,0
24257,3,2,113877,4700,280000,30,0
24258,3,2,14252,2200,30000,31,0
24272,3,2,51255,2313,60000,24,0
24287,3,4,179754,7468,200000,30,0
24298,3,2,22875,2000,30000,40,0
24299,3,2,11647,2000,40000,37,1
24300,3,2,115836,10000,200000,29,1
24303,3,2,96611,4005,100000,31,0
24316,3,2,16511,0,20000,32,0
24318,3,2,31914,1300,70000,35,1
24320,3,2,7803,1100,10000,38,1
24325,3,2,50011,5000,50000,49,0
24328,3,2,154850,0,170000,35,0
24330,3,2,22043,2000,30000,37,0
24342,3,2,105924,0,200000,38,0
24346,3,2,2500,0,200000,45,0
24351,3,2,48268,2000,50000,45,0
24377,3,2,111819,3700,230000,40,0
24382,3,2,106719,4000,160000,33,0
24383,3,3,19205,0,50000,32,1
24398,3,2,1050,0,20000,36,0
24401,3,2,56128,2100,140000,38,0
24441,3,2,47522,2000,80000,42,0
24450,3,2,3190,0,190000,44,1
24458,3,2,259,66,120000,36,1
24459,3,2,11208,0,20000,46,0
24460,3,2,16911,0,270000,31,1
24472,3,2,7898,0,130000,44,0
24476,3,2,800,0,420000,32,1
24495,3,2,5346,5000,20000,45,1
24500,3,5,32308,0,100000,42,0
24503,3,2,49914,0,50000,34,0
24505,3,2,23312,2000,100000,46,0
24507,3,2,20374,1000,30000,32,0
24528,3,2,170001,0,190000,34,0
24545,3,2,17452,0,20000,48,1
24553,3,2,129099,11300,150000,34,1
24559,3,2,10015,0,20000,46,0
24571,3,2,1050,0,50000,31,0
24591,3,2,69670,3000,70000,32,0
24599,3,2,38166,3427,80000,45,0
24601,3,2,68917,2477,110000,38,0
24609,3,2,264,2193,360000,39,1
24618,3,2,109678,4500,190000,36,0
24657,3,2,203466,8000,230000,33,0
24665,3,2,61107,3000,90000,37,0
24666,3,2,27988,3300,30000,45,0
24673,3,2,15852,1279,20000,43,1
24710,3,2,58906,2150,60000,31,1
24715,3,2,7859,1800,20000,43,1
24723,3,2,736,270,210000,36,1
24724,3,2,20599,6,30000,35,0
24741,3,2,86091,0,160000,33,1
24753,3,2,69248,2109,70000,40,0
24769,3,2,20406,1000,40000,35,0
24782,3,2,74675,6200,120000,44,0
24785,3,2,3370,5018,80000,35,1
24799,3,2,136222,6015,140000,35,0
24800,3,2,106628,0,240000,41,0
24802,3,2,94009,4000,100000,26,0
24809,3,2,16721,7313,120000,36,1
24828,3,2,12077,1212,20000,36,0
24845,3,2,40567,2000,90000,44,0
24853,3,2,35063,2000,50000,38,1
24866,3,3,1882,0,90000,35,1
24874,3,2,32928,0,70000,36,0
24877,3,2,72083,6147,410000,46,0
24879,3,3,22469,0,20000,30,1
24885,3,2,19844,0,20000,34,1
24891,3,2,17427,65007,80000,30,1
24907,3,3,44741,0,50000,32,0
24908,3,2,2192,10248,400000,33,1
24914,3,3,57156,0,110000,34,0
24934,3,2,9600,1500,50000,42,0
24939,3,2,134301,4200,210000,40,0
24941,3,2,67405,3000,60000,38,1
24949,3,2,130952,5000,200000,42,1
24956,3,2,238,3730,360000,31,1
24960,3,2,38008,9497,240000,34,1
24967,3,2,68554,0,160000,37,0
24970,3,2,48781,2500,80000,36,0
24974,3,3,17174,0,20000,35,0
24989,3,3,10425,0,10000,36,0
24997,3,2,71691,2612,80000,47,0
25009,3,4,19225,0,20000,50,0
25011,3,2,35875,1500,50000,34,1
25025,3,2,38051,1700,190000,50,0
25027,3,2,11016,1500,20000,50,1
25033,3,2,22202,2500,70000,55,0
25044,3,2,140830,9000,150000,52,0
25054,3,2,4957,0,500000,55,0
25062,3,2,9957,2270,500000,54,1
25085,3,2,230713,10018,500000,51,0
25103,3,2,50782,0,50000,54,0
25115,3,2,223,1,360000,58,1
25144,3,6,29656,0,30000,56,0
25147,3,2,519267,19000,500000,54,0
25154,3,2,23012,1000,50000,27,0
25155,3,2,71851,3100,70000,26,0
25156,3,2,31085,0,30000,24,0
25161,3,2,43231,0,80000,29,0
25163,3,2,9533,1000,130000,30,0
25169,3,2,27849,1400,30000,22,1
25170,3,4,50977,0,50000,23,1
25171,3,2,8898,1000,10000,21,1
25176,3,2,49555,1656,50000,22,0
25177,3,2,51688,0,50000,22,0
25178,3,3,20433,0,50000,22,0
25181,3,2,5187,1022,50000,23,0
25186,3,2,28609,1100,30000,22,0
25191,3,2,2829,1700,20000,22,1
25192,3,2,46573,2000,50000,23,0
25193,3,2,34637,2000,30000,25,0
25196,3,2,18534,8200,20000,23,1
25197,3,2,12973,2700,30000,23,0
25213,3,2,390,15736,30000,23,1
25224,3,2,16345,750,40000,23,0
25227,3,2,31026,1183,80000,25,1
25234,3,2,40713,1575,80000,25,1
25242,3,2,49874,5000,130000,25,1
25244,3,2,41739,3000,140000,24,0
25249,3,2,1250,0,120000,23,0
25251,3,2,31827,1200,30000,25,0
25260,3,2,41688,4960,50000,24,0
25261,3,2,36654,1831,90000,23,0
25262,3,2,3079,4095,50000,23,1
25286,3,2,123141,5000,140000,26,0
25306,3,2,12900,2046,30000,25,0
25317,3,2,35447,1500,50000,26,0
25330,3,2,27456,1200,30000,25,1
25340,3,2,12420,1329,50000,24,1
25354,3,3,3631,0,30000,23,1
25364,3,2,20319,0,20000,25,0
25374,3,2,3740,0,80000,27,0
25382,3,2,6065,0,130000,26,0
25388,3,2,204769,2806,240000,28,0
25391,3,2,41308,3006,220000,29,1
25398,3,2,20012,531,340000,26,0
25406,3,2,290,362,150000,27,0
25416,3,2,57550,2000,70000,30,0
25434,3,2,1250,0,100000,28,0
25441,3,2,88477,4100,90000,25,1
25454,3,3,54174,1900,140000,28,1
25468,3,2,24669,2700,110000,33,0
25501,3,2,149237,5000,140000,29,1
25511,3,2,85389,0,100000,24,0
25520,3,2,32800,131200,280000,34,1
25531,3,2,33071,0,130000,34,0
25533,3,2,35666,0,50000,33,0
25541,3,2,153522,4104,150000,45,0
25549,3,2,17991,2500,30000,49,0
25558,3,2,84998,3000,100000,46,1
25570,3,2,18491,2400,130000,43,0
25575,3,2,25048,1433,30000,36,0
25582,3,2,100,300,180000,31,1
25585,3,2,25344,1000,30000,35,0
25588,3,2,195724,7500,230000,34,0
25591,3,2,128380,4535,130000,42,0
25605,3,2,33239,1171,50000,39,0
25630,3,2,14866,1300,70000,30,0
25634,3,2,43357,4000,70000,34,0
25646,3,2,37490,2170,40000,44,0
25665,3,2,28679,3000,170000,25,1
25696,3,2,18865,34000,270000,34,1
25728,3,2,299382,24100,320000,26,0
25731,3,2,19302,1311,20000,41,1
25740,3,2,45741,3755,90000,45,0
25742,3,3,29163,0,30000,37,0
25746,3,2,46392,6000,240000,38,1
25748,3,2,103381,4000,110000,28,1
25751,3,2,2897,2000,30000,38,1
25778,3,2,92696,3500,110000,33,1
25788,3,2,47681,1742,160000,37,1
25798,3,2,39750,1500,100000,38,0
25804,3,2,65636,3000,70000,27,1
25809,3,2,28719,0,210000,39,0
25835,3,2,43781,2554,50000,47,0
25838,3,2,59327,34,60000,31,0
25839,3,2,4,0,210000,32,1
25840,3,2,70050,3000,70000,42,1
25870,3,6,461402,0,510000,40,0
25875,3,2,131711,11000,170000,35,0
25879,3,2,71672,6100,200000,34,0
25885,3,2,18547,1511,30000,40,0
25887,3,2,15184,0,40000,37,0
25898,3,2,380523,6,360000,35,0
25905,3,2,169529,5166,180000,28,0
25913,3,2,33283,652,80000,48,0
25934,3,2,28565,1500,50000,44,0
25961,3,2,390,390,80000,47,1
25975,3,5,73326,0,70000,33,1
25985,3,2,21616,5800,30000,46,1
25987,3,3,964,0,80000,35,1
26002,3,2,416,416,110000,31,0
26003,3,2,151984,0,280000,46,1
26013,3,2,12476,0,50000,27,0
26044,3,2,10153,0,10000,42,0
26051,3,2,20723,1500,160000,49,1
26063,3,2,45136,2000,90000,29,0
26083,3,2,17031,3300,20000,36,0
26099,3,2,143786,12000,160000,37,0
26133,3,2,27189,1800,30000,29,0
26134,3,2,173490,0,170000,30,1
26139,3,2,58643,1500,100000,29,0
26149,3,2,80774,3800,80000,36,0
26151,3,2,48602,499,50000,34,0
26165,3,2,34983,0,110000,28,1
26199,3,2,20263,3000,90000,43,1
26217,3,2,1420,0,140000,30,0
26235,3,4,51924,1,50000,35,0
26247,3,2,75688,0,80000,30,0
26277,3,2,3309,500,60000,36,0
26281,3,2,59452,17,70000,43,0
26295,3,2,421,267,350000,35,1
26298,3,2,223137,8500,240000,32,0
26315,3,2,11700,2000,20000,29,1
26328,3,2,28627,4900,50000,33,1
26330,3,2,630,15788,350000,34,1
26341,3,2,63156,2000,150000,26,1
26348,3,2,276585,0,240000,28,0
26355,3,2,177,1170,100000,30,1
26356,3,2,22546,1314,110000,31,1
26373,3,2,18055,3000,20000,35,0
26379,3,2,97088,3500,180000,34,0
26382,3,2,10903,101,30000,43,0
26387,3,2,128901,6270,450000,35,0
26391,3,2,780,0,50000,41,1
26395,3,2,29827,4455,30000,30,0
26412,3,2,51176,2712,390000,41,1
26413,3,2,14734,0,20000,38,0
26441,3,2,77795,2700,130000,50,0
26458,3,2,11913,1100,70000,49,0
26484,3,2,9839,0,10000,56,0
26485,3,2,99734,3000,100000,50,0
26501,3,2,26400,0,30000,54,0
26503,3,2,83496,3100,120000,58,0
26507,3,2,45127,0,100000,52,0
26511,3,2,6480,1131,10000,51,1
26512,3,2,959,1623,100000,55,0
26519,3,2,29953,1962,30000,51,0
26521,3,2,45781,3814,60000,57,1
26525,3,2,28015,1000,90000,58,0
26536,3,3,18321,1900,30000,51,0
26555,3,2,10179,0,20000,53,0
26557,3,2,7181,1000,20000,52,0
26558,3,2,70,90000,150000,53,1
26561,3,2,34554,2000,50000,51,0
26565,3,3,163143,3000,200000,55,0
26571,3,2,1351,1109,280000,56,1
26576,3,2,390,390,50000,51,1
26580,3,2,18746,2500,50000,51,0
26586,3,2,201714,10000,200000,27,1
26599,3,2,7858,0,160000,25,1
26606,3,2,2400,0,20000,23,0
26610,3,2,17432,2700,20000,23,1
26637,3,2,18794,6650,30000,24,1
26641,3,2,7897,0,20000,23,0
26652,3,2,8965,0,10000,24,0
26655,3,2,34435,3000,50000,24,1
26659,3,2,54083,1000,50000,24,0
26660,3,2,16012,1644,50000,25,1
26664,3,3,64005,0,60000,27,0
26666,3,2,27999,1000,30000,26,1
26681,3,2,91898,2090,90000,27,0
26690,3,3,20786,4,20000,22,0
26695,3,2,62163,2200,80000,27,1
26703,3,2,39982,0,40000,29,0
26707,3,2,133521,5133,130000,26,0
26711,3,2,34775,142848,160000,27,0
26713,3,2,15467,0,30000,26,0
26716,3,2,68247,2000,80000,27,0
26729,3,2,51056,2174,50000,24,0
26737,3,2,56657,2200,80000,27,0
26739,3,2,7925,1000,50000,23,0
26740,3,2,2551,4217,160000,27,1
26744,3,2,100783,49,100000,28,0
26747,3,2,33117,0,220000,29,0
26765,3,2,121093,5500,190000,27,0
26774,3,2,52805,1489,50000,25,0
26775,3,2,31091,2300,30000,32,0
26777,3,2,93209,3501,100000,28,1
26780,3,2,12987,1234,50000,29,0
26782,3,2,61285,0,70000,27,1
26785,3,3,155201,6000,160000,26,0
26786,3,2,135624,0,130000,28,0
26793,3,2,72192,0,70000,26,0
26802,3,2,2500,0,200000,30,0
26803,3,2,17150,0,230000,28,1
26823,3,2,1280,3822,120000,29,1
26827,3,3,6958,800,20000,27,0
26849,3,2,31137,2531,70000,46,0
26852,3,2,37114,2400,140000,32,1
26856,3,2,20924,2000,230000,48,1
26859,3,2,52792,1400,50000,35,0
26866,3,2,89397,3500,140000,48,0
26874,3,2,114367,0,110000,37,1
26880,3,2,142275,6000,150000,32,0
26881,3,2,55899,0,50000,39,0
26890,3,3,20832,1200,130000,33,0
26893,3,2,22922,18,20000,38,0
26895,3,2,48370,2000,240000,33,1
26915,3,2,39394,2,150000,36,0
26926,3,2,132249,5600,130000,34,0
26930,3,2,135309,0,140000,38,0
26943,3,2,5640,0,10000,28,0
26948,3,2,59722,0,80000,46,0
26979,3,3,62890,0,80000,42,0
26997,3,2,63827,2500,80000,34,0
27006,3,2,26574,0,70000,31,0
27009,3,2,58147,2500,60000,39,1
27011,3,2,48328,1800,160000,39,0
27028,3,2,150,0,50000,36,0
27035,3,2,428712,16100,420000,46,0
27049,3,2,58917,3000,130000,43,0
27050,3,2,196933,6451,200000,35,1
27054,3,2,23873,1000,30000,28,0
27072,3,2,450,0,110000,35,0
27083,3,2,55132,3000,80000,39,0
27085,3,2,93890,0,140000,39,0
27088,3,2,390,0,20000,39,0
27112,3,2,13633,0,70000,46,0
27122,3,2,10199,0,450000,31,0
27123,3,2,64813,0,150000,31,0
27137,3,2,20089,3000,30000,33,0
27138,3,2,55597,5000,490000,45,1
27140,3,2,66872,0,200000,46,0
27144,3,2,749,749,60000,30,1
27150,3,2,33543,1580,100000,30,0
27155,3,2,17818,3000,20000,43,0
27157,3,5,32101,0,30000,29,0
27158,3,2,13523,700,90000,29,0
27161,3,2,300,0,20000,40,0
27164,3,2,6247,2000,10000,42,0
27186,3,2,47756,1619,90000,27,1
27193,3,2,2500,0,250000,32,0
27206,3,2,136232,0,240000,47,1
27210,3,2,46831,5520,50000,40,1
27212,3,2,34336,0,60000,31,0
27215,3,2,21332,1000,60000,35,0
27217,3,2,68345,5900,130000,49,0
27218,3,2,8623,0,10000,42,0
27222,3,2,293497,8114,300000,36,0
27226,3,2,91508,3752,90000,31,1
27229,3,3,13528,800,30000,40,0
27231,3,2,89064,3000,200000,36,0
27236,3,2,21904,2000,100000,31,0
27239,3,2,17405,3450,80000,42,1
27254,3,2,390,0,100000,48,1
27255,3,2,42592,1700,80000,46,0
27260,3,2,19820,0,20000,30,0
27262,3,3,14474,0,20000,34,0
27263,3,3,35527,1600,50000,38,0
27277,3,2,45858,1000,200000,30,0
27278,3,2,20346,0,20000,44,0
27299,3,2,20107,0,50000,32,1
27309,3,2,18417,0,20000,33,0
27312,3,2,326,476,280000,30,0
27320,3,2,283400,0,340000,43,1
27321,3,2,119314,5000,180000,41,0
27334,3,2,57876,0,110000,42,1
27337,3,2,28322,1800,30000,37,0
27354,3,2,170775,5,280000,38,0
27361,3,2,193731,0,200000,38,0
27368,3,2,48162,1523,50000,28,0
27385,3,2,154957,7300,160000,35,0
27397,3,2,1982,991,230000,39,1
27408,3,2,2272,6080,470000,31,1
27440,3,2,131426,4900,150000,32,0
27442,3,3,780,0,300000,38,1
27454,3,2,18209,1000,50000,49,0
27459,3,2,66924,7000,100000,50,0
27464,3,2,1170,0,10000,51,1
27468,3,2,494690,19067,550000,50,0
27477,3,2,159029,5700,170000,50,0
27485,3,2,88223,0,100000,54,0
27486,3,2,160242,0,300000,58,0
27500,3,3,8486,0,20000,59,0
27511,3,4,95609,0,70000,62,0
27512,3,2,12374,1231,20000,55,1
27522,3,2,18239,1500,20000,56,1
27530,3,2,49581,1502,50000,56,0
27536,3,3,14449,1200,20000,53,0
27537,3,2,2487,0,250000,51,0
27545,3,2,17982,1289,20000,62,0
27549,3,2,150080,0,150000,52,0
27550,3,2,19637,2403,30000,53,0
27557,3,2,29060,4000,80000,59,0
27567,3,2,16432,2100,100000,52,0
27569,3,2,1821,1683,210000,53,1
27580,3,3,94429,3500,240000,55,0
27581,3,2,211323,0,320000,55,0
27582,3,2,9511,1482,70000,61,0
27583,3,2,200,0,200000,58,0
27586,3,2,81558,0,80000,52,0
27605,3,2,30560,1377,30000,22,1
27613,3,2,34394,3000,50000,25,0
27616,3,2,119820,8500,120000,27,0
27624,3,2,77572,3500,80000,23,0
27628,3,3,21197,0,20000,24,0
27631,3,3,10094,0,10000,21,0
27633,3,2,10447,2020,50000,23,1
27638,3,2,41583,2000,120000,23,1
27644,3,2,5989,38,20000,24,0
27663,3,2,780,0,20000,21,1
27664,3,3,18248,0,20000,23,1
27665,3,2,26111,0,80000,23,0
27670,3,2,27226,2000,30000,24,0
27672,3,2,16895,1000,20000,23,1
27674,3,2,51052,2000,50000,24,1
27683,3,2,780,0,30000,24,1
27697,3,2,10270,0,40000,26,0
27702,3,2,26425,4400,30000,25,0
27704,3,2,1972,1426,110000,25,0
27705,3,2,34686,5000,50000,24,0
27712,3,2,59349,3000,230000,24,1
27731,3,2,9988,1892,30000,25,0
27743,3,2,33506,9851,30000,23,0
27748,3,2,35597,1500,40000,26,0
27763,3,2,6714,2000,10000,22,1
27776,3,2,31105,0,30000,24,1
27794,3,2,71035,2000,420000,25,0
27796,3,2,17561,17098,160000,26,1
27800,3,2,49333,1551,50000,26,0
27801,3,2,35847,3500,100000,26,0
27810,3,2,51986,3500,170000,26,0
27813,3,2,89,0,100000,28,1
27827,3,2,92226,0,90000,26,0
27842,3,2,164777,7400,170000,27,0
27843,3,2,10534,0,30000,26,0
27858,3,2,14459,597,20000,23,0
27879,3,2,7042,0,100000,29,0
27881,3,2,127881,9000,130000,26,1
27884,3,2,94521,3917,110000,28,0
27889,3,2,398,0,160000,26,0
27907,3,2,10327,17337,310000,28,1
27914,3,2,4789,1500,10000,26,0
27916,3,2,300,0,50000,27,0
27920,3,2,1770,1400,80000,27,0
27923,3,2,26733,1028,30000,28,0
27930,3,2,17848,1574,20000,28,0
27951,3,2,167856,14100,200000,27,1
27958,3,2,31533,1111,50000,26,0
27959,3,2,17862,2500,20000,28,0
27972,3,2,16412,1000,110000,29,1
27984,3,2,10232,1483,60000,28,1
27994,3,2,8319,1282,50000,29,1
28001,3,2,29703,0,30000,29,0
28016,3,2,6643,0,150000,29,0
28019,3,2,4144,5101,20000,28,1
28027,3,2,79988,4382,80000,30,1
28034,3,2,82558,3500,140000,30,1
28040,3,2,141289,5547,140000,29,1
28041,3,2,811,3071,200000,30,1
28055,3,2,2400,0,20000,32,0
28058,3,2,33714,0,50000,34,0
28060,3,2,71389,4204,80000,35,0
28062,3,2,31785,0,140000,40,0
28064,3,2,5847,1000,50000,44,1
28074,3,2,651,1302,120000,26,1
28077,3,2,25917,0,80000,42,0
28082,3,3,8128,0,10000,44,0
28097,3,2,29124,0,50000,39,0
28100,3,2,187033,0,220000,31,0
28103,3,2,16915,1200,180000,30,0
28104,3,2,50092,2300,50000,31,0
28109,3,2,744,444,120000,37,0
28144,3,2,228368,10000,220000,46,0
28150,3,2,47891,5400,50000,49,0
28151,3,2,21556,1900,20000,48,0
28155,3,2,97051,4100,100000,42,1
28164,3,2,47188,0,160000,41,0
28171,3,2,25004,0,50000,45,0
28202,3,2,390,769,300000,48,0
28221,3,2,2400,0,30000,33,0
28232,3,2,30603,0,30000,42,0
28242,3,2,105137,5000,110000,46,1
28260,3,2,29274,3000,30000,43,1
28262,3,2,19465,800,20000,42,0
28270,3,2,12145,1000,20000,49,1
28298,3,2,25522,1200,30000,31,0
28302,3,2,9502,0,60000,34,0
28305,3,2,82639,3000,80000,29,0
28315,3,2,10902,6309,200000,48,1
28320,3,2,13962,0,50000,27,0
28324,3,2,109439,7623,180000,29,0
28342,3,2,2874,759,50000,42,1
28345,3,2,51400,0,50000,40,1
28350,3,2,179020,7000,180000,36,0
28352,3,2,29754,0,30000,44,1
28358,3,2,34,10700,210000,32,1
28365,3,2,31250,3711,80000,35,0
28366,3,2,3963,4527,30000,38,1
28367,3,2,8198,1700,20000,39,0
28372,3,2,3786,3809,100000,40,1
28373,3,2,34189,3000,100000,41,0
28375,3,2,73741,2700,80000,36,0
28377,3,2,49125,0,50000,36,0
28383,3,2,58535,2169,80000,31,1
28392,3,2,31065,1766,50000,42,1
28403,3,2,12261,2403,80000,27,1
28406,3,2,467911,18975,500000,28,1
28427,3,2,44048,1800,50000,30,0
28434,3,2,35800,2000,40000,44,0
28443,3,2,39247,9076,120000,37,0
28454,3,2,115468,0,360000,40,0
28457,3,2,30160,1600,100000,46,1
28460,3,2,1214,0,230000,35,0
28482,3,2,94652,4900,110000,31,0
28487,3,3,20296,0,20000,41,0
28489,3,2,20544,0,50000,41,0
28492,3,2,17994,3000,40000,36,1
28502,3,2,18378,2400,20000,39,0
28504,3,2,112453,4200,150000,36,0
28517,3,2,207559,0,200000,34,1
28521,3,3,13513,1400,50000,47,1
28522,3,2,100495,0,80000,37,0
28532,3,2,84900,3000,200000,40,0
28533,3,3,15143,2300,50000,44,0
28534,3,2,24832,0,120000,31,0
28555,3,2,56363,3000,60000,40,0
28561,3,2,6073,8591,400000,46,1
28573,3,2,29647,3000,50000,29,1
28577,3,2,71866,2600,110000,30,0
28582,3,2,7183,1000,10000,33,0
28586,3,2,72681,2500,160000,34,0
28591,3,2,48525,2000,80000,34,1
28598,3,3,44999,1500,60000,46,0
28599,3,2,173233,8000,220000,38,0
28604,3,2,40752,1700,110000,44,0
28609,3,2,90785,10000,140000,38,1
28624,3,2,80662,0,200000,31,1
28625,3,4,572677,0,340000,31,0
28636,3,2,102698,0,100000,35,0
28638,3,2,1772,1807,350000,44,0
28642,3,2,6334,2823,150000,33,0
28645,3,2,108350,3700,100000,44,0
28647,3,2,3564,1000,10000,38,0
28655,3,2,44255,0,160000,33,0
28662,3,2,50101,1200,50000,46,0
28663,3,2,41164,3500,50000,44,0
28671,3,2,275075,10951,290000,49,0
28684,3,2,221419,8500,230000,30,0
28690,3,2,427,23500,170000,31,1
28703,3,2,60969,0,260000,37,0
28712,3,2,47831,10000,80000,44,1
28748,3,2,2400,0,50000,28,0
28749,3,2,123379,3000,150000,32,0
28767,3,3,4415,0,80000,40,0
28785,3,2,89200,3012,260000,36,1
28821,3,2,16465,5047,30000,46,1
28827,3,2,85248,3500,90000,40,1
28849,3,2,825,1283,220000,33,0
28852,3,2,2500,0,220000,42,0
28859,3,2,83779,7200,90000,32,1
28876,3,2,33442,0,380000,30,1
28880,3,2,221001,5000,230000,43,0
28894,3,2,428,428,30000,41,0
28895,3,2,6957,1000,290000,41,1
28897,3,2,827,827,200000,46,1
28911,3,2,324589,450,320000,42,1
28933,3,2,396,792,80000,48,1
28941,3,2,11903,0,20000,31,0
28951,3,2,86472,3300,280000,33,1
28972,3,2,25195,0,150000,31,0
28975,3,2,41631,1700,110000,42,0
28979,3,2,3030,5,200000,48,1
28989,3,2,836,836,160000,47,0
29003,3,2,10495,1000,240000,31,0
29026,3,2,84131,3400,90000,28,0
29029,3,2,140777,4600,160000,31,0
29053,3,3,7992,900,10000,52,0
29074,3,2,280882,0,280000,51,0
29078,3,2,47928,1500,130000,52,1
29080,3,2,5101,2000,400000,55,1
29082,3,2,187747,6014,200000,58,0
29088,3,3,13125,2000,140000,56,1
29091,3,2,9385,4560,160000,52,1
29106,3,3,1214,457,50000,50,1
29110,3,2,18104,0,140000,54,0
29116,3,3,10672,1000,20000,59,0
29119,3,2,51040,6000,200000,49,1
29121,3,2,1783,129,400000,50,1
29122,3,2,171993,14367,290000,50,0
29123,3,2,84144,4000,210000,53,1
29128,3,2,80070,4007,80000,52,0
29139,3,2,44911,1900,70000,51,0
29150,3,2,28092,1800,30000,67,0
29152,3,2,1950,0,30000,60,0
29155,3,2,450,0,140000,56,0
29161,3,4,17826,1300,20000,53,0
29162,3,2,8355,0,10000,53,0
29163,3,2,390,390,100000,56,1
29170,3,2,9680,0,20000,56,0
29185,3,2,639,621,120000,34,1
29190,3,3,18064,2000,50000,28,1
29196,3,4,9565,0,10000,22,0
29201,3,2,44694,0,50000,25,1
29202,3,2,17541,1305,20000,23,0
29211,3,2,20602,0,20000,22,0
29214,3,2,15855,1000,20000,24,0
29215,3,2,8810,1000,20000,24,0
29223,3,2,8386,1107,10000,24,1
29235,3,2,2736,1000,10000,23,1
29250,3,2,1650,0,20000,25,0
29251,3,3,20943,0,20000,25,0
29269,3,2,29843,3200,50000,26,0
29282,3,2,9802,0,10000,25,0
29287,3,2,2500,0,200000,26,0
29288,3,2,61748,0,60000,25,1
29293,3,2,21637,1500,30000,25,0
29296,3,2,113662,0,120000,26,0
29301,3,2,143647,12000,200000,25,0
29310,3,2,137057,6342,140000,26,0
29313,3,2,89555,3000,110000,30,0
29323,3,2,40340,3304,40000,27,0
29339,3,4,31624,0,30000,26,0
29342,3,2,7758,1000,50000,28,1
29343,3,2,23473,0,30000,24,0
29346,3,2,19884,1000,20000,27,0
29348,3,5,18235,1000,20000,27,0
29353,3,2,19137,1400,90000,28,1
29358,3,2,71946,0,70000,28,0
29361,3,2,8033,2000,110000,28,1
29367,3,2,300,0,20000,26,0
29401,3,2,2662,6053,200000,28,1
29409,3,2,46324,0,50000,29,0
29414,3,4,95979,0,100000,30,0
29419,3,2,1050,0,10000,30,0
29428,3,2,390,390,120000,28,0
29433,3,2,390,0,130000,30,0
29437,3,2,33961,0,140000,28,0
29449,3,2,1700,1125,120000,30,0
29457,3,2,78842,2007,140000,30,1
29467,3,2,8023,0,50000,29,0
29478,3,3,22838,57,50000,37,0
29479,3,2,23553,0,50000,42,1
29494,3,3,57250,2300,100000,33,0
29499,3,2,25922,2000,70000,37,1
29501,3,3,8893,334,10000,42,0
29504,3,2,32577,0,60000,36,0
29505,3,3,16706,2560,20000,40,0
29514,3,2,30819,0,30000,32,1
29523,3,2,50611,2200,50000,29,1
29524,3,2,2400,0,50000,36,0
29525,3,2,26346,1300,30000,42,0
29536,3,2,16292,2000,20000,34,0
29539,3,2,119044,4500,120000,34,0
29542,3,2,5450,1000,20000,47,0
29549,3,2,126311,27500,220000,31,1
29551,3,2,12326,0,20000,30,0
29557,3,2,87525,0,80000,33,0
29561,3,3,743,0,220000,38,1
29571,3,2,73305,7000,140000,41,0
29574,3,2,164866,0,270000,32,0
29577,3,2,67259,2100,120000,45,0
29580,3,2,2400,0,20000,36,0
29604,3,3,18687,0,50000,37,0
29606,3,2,491956,15296,500000,37,1
29607,3,2,1776,0,90000,45,0
29613,3,2,390,0,20000,47,1
29620,3,2,22544,0,30000,44,0
29621,3,2,26075,0,50000,36,1
29623,3,2,40995,0,110000,39,0
29634,3,2,7973,6228,200000,31,1
29652,3,3,51847,0,50000,41,0
29666,3,2,25026,0,20000,36,0
29668,3,2,78326,2000,110000,38,0
29669,3,4,61873,3100,70000,42,0
29682,3,2,499,13169,360000,40,0
29688,3,2,45268,1900,240000,37,0
29689,3,2,182641,0,180000,43,0
29696,3,2,239874,3662,300000,44,1
29709,3,2,12568,1528,30000,44,0
29710,3,2,81,5000,250000,33,0
29712,3,2,28935,780,30000,38,1
29716,3,2,17325,0,50000,38,0
29717,3,2,34909,1309,50000,47,0
29724,3,2,110235,4500,150000,41,0
29727,3,2,2400,0,60000,36,0
29733,3,2,10062,0,10000,45,0
29735,3,2,5334,1920,500000,49,1
29745,3,4,20424,786,30000,38,0
29747,3,2,291,291,180000,32,1
29748,3,2,89939,3656,90000,31,0
29757,3,2,23722,1696,30000,37,0
29767,3,2,20650,0,20000,37,1
29771,3,2,2400,0,20000,31,0
29772,3,3,6988,0,10000,37,0
29785,3,2,740,2048,210000,31,1
29799,3,2,245657,0,240000,36,1
29800,3,8,21936,0,20000,33,0
29802,3,2,128251,18000,260000,33,0
29805,3,2,18849,0,20000,45,0
29810,3,3,14740,4000,20000,48,1
29815,3,3,50125,0,50000,49,0
29817,3,3,87801,0,80000,42,0
29825,3,2,12605,1000,40000,47,0
29841,3,2,215392,8000,320000,48,0
29849,3,2,84133,3000,100000,44,0
29866,3,2,416,416,150000,43,0
29885,3,2,170451,5500,350000,31,0
29897,3,2,71020,0,70000,45,0
29906,3,2,17614,1310,50000,30,0
29908,3,2,62848,4400,240000,29,1
29918,3,2,29928,31200,30000,33,0
29920,3,2,3207,0,50000,37,1
29927,3,2,51173,1104,50000,46,0
29929,3,2,14503,1400,20000,42,1
29931,3,2,7009,1400,20000,43,0
29939,3,2,22120,0,30000,38,0
29963,3,2,264,7300,50000,30,1
29964,3,2,319014,349395,610000,31,1
29975,3,2,4328,0,50000,37,0
29977,3,3,53415,2000,40000,47,0
29982,3,2,33101,0,50000,44,0
29992,3,2,2500,0,210000,34,0
29995,3,2,79384,0,80000,34,0
29998,3,2,2758,22000,30000,37,0
1,4,2,3102,689,20000,24,0
2,4,2,1725,1000,120000,26,1
14,4,2,67369,0,70000,30,0
16,4,2,29173,1500,50000,23,0
51,4,2,36171,3100,70000,42,0
54,4,2,41742,2010,180000,25,0
59,4,3,1098,0,200000,34,1
63,4,2,24300,2700,50000,29,0
67,4,2,4193,0,10000,56,0
72,4,2,59246,2500,320000,29,0
90,4,2,8303,1651,20000,44,0
91,4,2,140774,5500,200000,53,0
105,4,2,55208,5000,60000,26,0
113,4,2,138532,0,280000,41,0
116,4,2,17618,1312,30000,24,1
121,4,2,45976,4035,50000,37,0
130,4,2,61450,7,60000,55,0
143,4,2,10833,10000,50000,23,0
148,4,2,176192,5000,200000,34,0
149,4,2,10522,0,80000,23,0
159,4,3,122904,10478,210000,45,0
160,4,2,12362,1600,50000,57,0
161,4,2,27453,0,30000,41,0
168,4,2,96847,0,100000,27,1
176,4,2,65978,3000,130000,56,0
178,4,2,47801,1500,50000,30,0
186,4,2,13961,1600,100000,38,0
188,4,2,202947,7000,200000,47,0
190,4,5,21087,1000,20000,31,0
196,4,2,37188,1400,50000,24,0
200,4,2,29256,85,30000,22,0
215,4,2,303320,11001,470000,27,0
221,4,2,115468,0,360000,40,0
225,4,3,51537,24,50000,37,0
230,4,2,18165,1333,20000,24,0
232,4,2,17132,1200,20000,23,0
241,4,2,20650,0,60000,28,0
251,4,2,51486,136,50000,26,0
270,4,2,14880,0,50000,27,0
272,4,2,632,1350,120000,34,1
293,4,2,2610,0,30000,43,0
309,4,2,10613,1200,30000,55,0
314,4,2,51040,6000,200000,49,1
319,4,2,50955,1,50000,46,0
321,4,2,56598,0,110000,29,0
327,4,2,650,0,220000,41,1
328,4,2,27976,0,60000,34,0
330,4,2,102586,0,150000,40,0
333,4,2,10232,1483,60000,28,0
343,4,2,183,4872,200000,29,1
355,4,2,18720,0,50000,58,0
361,4,3,509229,0,500000,23,0
363,4,3,44741,0,50000,32,0
368,4,2,1923,1500,10000,24,1
370,4,2,20010,1168,20000,32,0
377,4,2,19901,1342,30000,43,0
382,4,2,3200,400,50000,37,0
400,4,2,120822,0,120000,25,0
405,4,2,163916,0,160000,29,0
408,4,2,491956,15296,500000,37,0
411,4,2,28577,2709,60000,23,0
414,4,2,12647,1064,230000,27,0
424,4,2,105924,0,200000,38,0
427,4,2,12081,1500,20000,49,0
436,4,2,233036,8000,270000,32,0
452,4,2,458862,18000,600000,53,0
457,4,2,69329,6000,130000,39,0
474,4,2,30321,1500,60000,38,0
479,4,2,300,501,500000,38,1
484,4,2,73317,4000,90000,48,0
492,4,2,26622,2,30000,43,0
502,4,2,22474,6000,90000,35,0
514,4,2,30741,1500,50000,23,0
519,4,2,8558,2126,10000,22,0
527,4,2,18066,1594,20000,27,0
528,4,2,156839,6200,620000,45,0
540,4,2,90905,7300,110000,40,0
543,4,3,28039,1000,30000,36,0
565,4,2,155,1693,390000,45,0
604,4,2,28823,0,140000,28,0
606,4,2,22099,2700,50000,34,0
614,4,2,29541,1435,40000,23,0
615,4,2,117856,5000,190000,37,0
649,4,2,181779,15000,280000,44,0
650,4,7,20795,0,20000,46,0
660,4,2,298,1179,280000,28,1
669,4,2,102698,0,100000,35,0
670,4,2,7511,500,20000,30,0
674,4,2,2400,0,30000,25,0
676,4,2,63164,2900,90000,42,0
677,4,2,156765,6600,190000,40,0
692,4,2,780,0,170000,27,1
698,4,2,7500,0,90000,34,1
704,4,3,51424,0,50000,30,0
705,4,2,26518,0,30000,22,0
707,4,2,59011,2500,50000,38,0
708,4,2,11806,1970,30000,46,0
713,4,2,14249,3828,360000,30,0
730,4,2,255,500,60000,29,1
733,4,2,639,621,120000,34,0
750,4,7,37102,0,50000,25,0
761,4,2,43360,1400,50000,52,0
764,4,2,3123,3509,90000,29,1
775,4,2,5180,32013,50000,33,1
776,4,2,21657,8000,60000,26,0
783,4,2,81493,3200,100000,28,0
791,4,2,26480,0,30000,51,0
799,4,2,17949,800,100000,48,0
802,4,3,20005,0,20000,25,0
815,4,2,67405,2700,120000,33,0
817,4,2,51384,2100,70000,51,0
822,4,2,48082,2233,50000,24,0
827,4,2,26372,1400,50000,24,0
832,4,7,23987,0,20000,24,0
837,4,2,23837,1100,80000,23,0
841,4,2,79459,2201,80000,22,0
849,4,4,153787,0,150000,37,0
850,4,2,726,15400,80000,57,1
852,4,2,30819,0,30000,32,0
858,4,2,51582,2000,100000,43,0
863,4,2,2450,0,30000,52,0
892,4,1,15066,5014,400000,37,0
897,4,2,94755,0,110000,55,0
898,4,2,133897,0,170000,28,0
907,4,2,5152,0,50000,30,0
911,4,2,92898,2400,90000,25,0
938,4,2,5979,6938,240000,34,0
939,4,2,15009,3000,180000,32,0
944,4,2,1200,0,80000,24,0
950,4,2,1000,2125,160000,51,1
961,4,2,7882,0,380000,43,0
973,4,2,12689,0,180000,39,0
977,4,2,7543,28,20000,25,0
982,4,7,33952,0,30000,29,0
989,4,2,290690,0,360000,25,0
990,4,2,60885,0,50000,54,0
992,4,2,856,291,260000,44,1
1000,4,2,110119,5000,120000,25,0
1030,4,2,29038,1500,30000,67,0
1033,4,2,326,326,140000,31,1
1036,4,2,42381,5000,60000,27,0
1045,4,2,20547,660,20000,22,0
1048,4,2,45739,1775,140000,24,0
1051,4,2,279,0,110000,31,0
1057,4,2,108137,4413,190000,33,0
1082,4,2,8148,1632,10000,32,0
1083,4,2,33895,3200,60000,30,0
1084,4,2,48008,2000,50000,25,0
1093,4,2,194040,10000,210000,29,0
1095,4,2,45079,4300,50000,31,0
1101,4,2,5579,17309,210000,46,0
1105,4,2,18061,3292,20000,35,0
1110,4,2,10989,1200,30000,33,0
1111,4,2,85360,3200,110000,29,0
1118,4,2,18016,1500,20000,24,0
1122,4,2,21359,0,20000,30,0
1133,4,3,264267,18112,270000,44,0
1134,4,2,49125,0,50000,36,0
1135,4,2,15718,2000,20000,28,0
1146,4,2,135942,0,240000,32,0
1147,4,2,2400,0,70000,31,0
1148,4,2,60553,1399,360000,33,0
1149,4,2,145757,5350,140000,30,0
1150,4,2,1532,2000,50000,52,1
1152,4,2,187913,7600,280000,30,0
1153,4,2,51818,2000,180000,42,0
1155,4,2,19137,1200,20000,47,0
1160,4,2,75585,6000,80000,26,0
1176,4,2,12847,0,180000,25,0
1183,4,2,83674,3000,90000,55,0
1198,4,2,23154,1500,130000,44,1
1207,4,2,21790,0,70000,49,0
1237,4,2,13262,1200,50000,27,0
1242,4,2,17330,1000,70000,32,0
1244,4,2,99734,3000,100000,50,0
1247,4,2,80073,3800,170000,39,0
1250,4,2,2400,0,350000,52,0
1256,4,2,67308,3005,70000,28,0
1260,4,2,48808,2079,50000,24,0
1268,4,2,25015,2900,70000,34,0
1269,4,2,16680,1600,120000,37,1
1272,4,2,9236,1006,10000,46,0
1289,4,2,16743,1400,20000,48,0
1297,4,2,36297,4500,50000,29,0
1300,4,2,6659,3559,70000,37,1
1301,4,2,55339,2141,60000,36,0
1311,4,2,27074,2000,160000,31,0
1312,4,2,18350,1251,20000,24,0
1337,4,2,43600,5000,70000,26,0
1346,4,2,75984,4000,120000,35,0
1350,4,2,5011,1000,10000,49,0
1358,4,2,19143,0,20000,22,0
1363,4,2,251351,0,260000,37,0
1369,4,2,127881,4575,180000,27,0
1373,4,2,1250,0,270000,42,0
1380,4,2,69947,6000,80000,26,0
1388,4,2,11221,0,20000,39,0
1391,4,4,29986,0,60000,37,0
1397,4,2,105403,8564,180000,24,0
1402,4,2,28473,2000,30000,36,0
1428,4,3,17193,0,20000,32,0
1429,4,2,77985,3000,210000,37,0
1432,4,2,51975,2000,70000,42,0
1433,4,2,189023,6300,230000,32,0
1436,4,2,32928,3200,100000,31,0
1439,4,2,46885,1400,50000,54,0
1445,4,2,28182,1500,40000,24,0
1446,4,3,67930,6000,80000,25,0
1461,4,2,1050,0,50000,37,0
1486,4,2,2400,0,20000,44,0
1489,4,2,50467,0,50000,28,0
1496,4,2,64683,0,170000,36,0
1497,4,2,363239,30,360000,35,0
1500,4,2,5971,4000,20000,27,0
1510,4,2,78403,0,180000,27,0
1518,4,2,179062,3000,190000,49,0
1522,4,3,10940,0,60000,40,0
1524,4,2,29261,0,30000,27,0
1526,4,2,11434,2200,20000,35,1
1537,4,2,698,400,40000,24,1
1541,4,2,7948,1300,20000,22,0
1555,4,2,41812,2000,110000,28,0
1559,4,2,40025,1000,50000,31,0
1571,4,2,24508,1500,180000,45,0
1572,4,2,11510,1000,150000,33,0
1584,4,2,48480,2200,50000,70,0
1592,4,2,50352,0,50000,33,0
1596,4,2,11031,182123,480000,35,1
1597,4,2,794,2772,150000,37,1
1607,4,3,77441,0,160000,51,0
1626,4,2,16951,700,20000,63,0
1629,4,2,92588,1800,140000,31,0
1638,4,2,23020,2579,30000,40,0
1639,4,3,71272,0,70000,34,0
1647,4,2,35922,4000,50000,27,0
1661,4,2,49067,3900,50000,55,0
1667,4,2,50206,1700,90000,36,0
1668,4,2,35827,1303,200000,42,0
1679,4,2,395060,9500,390000,40,0
1690,4,2,12800,0,50000,46,1
1697,4,2,19661,1000,20000,35,0
1707,4,2,119823,4500,230000,35,0
1713,4,2,156038,8000,180000,33,0
1720,4,2,47990,2050,50000,40,0
1727,4,2,59153,2031,50000,54,0
1728,4,2,50821,2000,60000,42,0
1730,4,2,35921,1500,70000,41,0
1752,4,2,1050,0,10000,38,0
1761,4,2,1875,1814,290000,33,0
1765,4,2,21146,3500,130000,26,0
1767,4,2,8637,1000,20000,24,0
1774,4,2,6922,1200,50000,25,0
1776,4,2,16893,1500,80000,37,0
1814,4,2,166153,6908,200000,27,0
1836,4,2,13493,4000,50000,37,0
1840,4,2,144900,5500,160000,51,0
1848,4,3,30527,1060,30000,26,0
1850,4,2,820,0,150000,28,1
1862,4,6,8001,0,10000,35,0
1869,4,2,47188,0,160000,41,0
1870,4,2,33068,3200,40000,23,0
1880,4,2,17080,800,30000,47,0
1882,4,2,42829,0,150000,34,0
1889,4,2,83779,7200,90000,32,0
1895,4,3,90461,0,100000,30,0
1902,4,2,51005,2100,110000,42,0
1909,4,2,19809,3000,30000,36,0
1945,4,2,185384,38024,220000,34,0
1956,4,2,9592,0,10000,41,0
1957,4,2,2500,0,220000,42,0
1961,4,2,30320,0,30000,37,0
1967,4,1,43480,1000,90000,29,0
1969,4,2,34146,2000,70000,30,0
1972,4,2,19692,1600,20000,40,0
1982,4,2,40118,2000,80000,40,0
1988,4,3,10130,0,10000,25,0
1989,4,2,130625,3500,140000,34,0
1993,4,2,470915,9464,580000,67,0
2013,4,2,17696,1612,20000,40,0
2017,4,2,5377,1638,20000,22,0
2030,4,2,28983,1400,30000,24,0
2046,4,2,56620,5700,110000,26,0
2051,4,2,14620,1253,30000,47,0
2052,4,2,53143,3900,50000,27,0
2054,4,2,138932,5000,140000,37,0
2056,4,2,25956,2000,130000,46,0
2057,4,2,6148,1266,80000,30,0
2059,4,2,18102,0,100000,35,0
2072,4,2,11718,0,20000,29,0
2076,4,2,980,376,180000,27,1
2078,4,2,78505,0,150000,55,0
2080,4,2,9701,1000,230000,43,0
2087,4,2,55648,4803,110000,36,0
2090,4,2,80348,3200,90000,41,0
2092,4,2,16911,0,270000,31,0
2094,4,2,1457,1261,80000,34,0
2095,4,2,15534,1273,20000,23,0
2097,4,2,100495,0,80000,37,0
2100,4,2,46097,8,50000,24,0
2102,4,2,57973,2100,140000,35,0
2103,4,4,4272,0,10000,53,0
2106,4,2,16142,0,20000,23,1
2109,4,2,60210,2120,160000,49,0
2115,4,2,13661,0,70000,44,0
2122,4,2,72681,2500,160000,34,0
2123,4,2,51215,2300,50000,36,0
2127,4,2,72153,2674,210000,30,0
2128,4,2,17040,2700,100000,31,0
2131,4,2,105504,10970,140000,57,0
2133,4,2,16061,1294,50000,31,0
2135,4,2,69535,3000,160000,66,0
2145,4,2,4675,1095,20000,27,0
2156,4,2,105101,3800,110000,29,0
2168,4,2,179579,11500,400000,49,0
2169,4,2,31293,1400,180000,35,0
2216,4,2,4561,1856,200000,38,1
2219,4,3,51203,300,50000,58,0
2220,4,2,6167,24386,340000,41,1
2222,4,2,48918,2164,110000,63,0
2235,4,2,19099,816,20000,30,0
2243,4,2,8637,1800,10000,22,0
2248,4,2,172528,6100,280000,36,0
2252,4,2,4836,0,50000,36,0
2256,4,2,27226,2000,30000,24,0
2257,4,2,15171,0,30000,25,0
2263,4,2,216099,0,220000,26,0
2269,4,2,16652,0,30000,39,0
2276,4,2,1058,390,180000,48,1
2287,4,3,40383,3000,50000,27,0
2289,4,2,26598,1637,70000,28,0
2291,4,2,7936,1146,10000,54,0
2293,4,2,71459,4000,80000,43,0
2295,4,2,515,85,150000,29,1
2296,4,2,780,0,200000,32,0
2304,4,2,177065,0,180000,32,0
2311,4,2,23047,1698,30000,47,0
2322,4,3,1560,0,30000,39,1
2325,4,6,190843,0,200000,39,0
2333,4,2,5520,0,10000,23,0
2341,4,2,79597,3667,80000,25,0
2349,4,2,9815,0,30000,28,0
2361,4,2,4460,1500,20000,41,1
2363,4,7,24025,0,20000,24,0
2375,4,3,36518,1200,50000,25,0
2376,4,2,33623,2000,40000,38,0
2390,4,2,19890,0,150000,39,0
2391,4,2,5002,0,180000,29,0
2393,4,3,40160,1600,50000,32,0
2403,4,2,52595,5000,80000,29,0
2404,4,2,169,1948,320000,32,1
2406,4,2,2400,0,50000,43,0
2408,4,2,90568,3500,420000,31,0
2421,4,3,1702,0,180000,35,1
2422,4,3,16002,600,20000,24,0
2427,4,2,28092,1800,30000,67,0
2428,4,2,28230,0,50000,33,0
2432,4,2,58104,0,130000,27,0
2433,4,2,32743,1100,30000,34,0
2435,4,3,84821,2700,120000,25,0
2437,4,2,54869,14130,100000,24,0
2444,4,2,29849,2000,30000,42,0
2448,4,2,4805,42000,50000,41,0
2458,4,2,9560,0,30000,44,1
2459,4,2,31026,1183,80000,25,0
2462,4,2,29849,2000,30000,26,0
2464,4,3,18851,1000,20000,27,0
2466,4,3,153992,0,100000,29,0
2471,4,2,100152,3200,140000,29,0
2472,4,2,12044,0,20000,29,0
2481,4,2,18541,1298,20000,23,0
2485,4,2,83465,0,80000,27,0
2489,4,2,112130,0,110000,33,0
2495,4,2,29551,1500,30000,26,0
2510,4,2,23873,1000,30000,28,0
2511,4,2,32801,0,30000,24,0
2527,4,2,1379,1800,500000,33,0
2550,4,2,51192,173,50000,23,0
2558,4,2,73564,1966,200000,28,0
2580,4,2,17838,1307,20000,22,0
2582,4,2,142435,5000,140000,43,0
2590,4,2,62721,0,210000,35,0
2592,4,2,22474,150,30000,22,0
2614,4,2,27850,1452,30000,39,0
2630,4,2,27422,1542,30000,32,0
2634,4,2,50092,240,50000,30,0
2637,4,2,69040,4130,130000,31,0
2641,4,2,71389,4204,80000,35,0
2642,4,3,46740,0,50000,42,0
2645,4,2,149027,6320,170000,49,0
2652,4,2,75,12117,260000,25,1
2659,4,2,86302,0,180000,46,0
2660,4,2,29261,0,50000,41,0
2695,4,2,30425,1753,30000,33,0
2700,4,3,21696,0,30000,36,0
2704,4,2,6871,1000,130000,23,0
2707,4,2,29818,0,30000,47,0
2712,4,2,1448,0,360000,37,1
2715,4,2,28211,1200,30000,35,0
2716,4,2,33669,1597,50000,31,0
2723,4,2,143684,0,140000,41,0
2731,4,2,33423,0,50000,30,0
2738,4,2,131943,5000,240000,47,0
2747,4,2,80627,1,80000,34,0
2752,4,2,655,0,360000,39,1
2757,4,6,240966,328,200000,31,0
2773,4,3,42891,1700,50000,25,0
2774,4,2,390,390,90000,46,1
2777,4,2,180628,0,180000,39,0
2784,4,2,1311,0,280000,47,1
2785,4,2,50842,2031,100000,27,0
2802,4,3,86127,0,140000,28,0
2818,4,3,38063,1700,50000,24,0
2822,4,3,5621,0,30000,60,1
2836,4,2,46308,2000,50000,27,0
2844,4,2,111266,4100,120000,28,0
2850,4,2,47080,1200,50000,37,0
2852,4,2,9586,1200,30000,39,0
2853,4,2,87249,3000,90000,24,0
2855,4,2,16228,2150,50000,25,0
2865,4,2,29639,2000,50000,46,0
2877,4,2,45698,0,60000,23,0
2894,4,2,2657,1500,70000,24,0
2896,4,2,198272,5812,200000,43,0
2904,4,2,48716,0,60000,36,0
2909,4,2,10252,0,100000,35,1
2916,4,2,12624,1204,450000,29,0
2917,4,7,42619,0,20000,26,0
2927,4,2,25891,2217,30000,34,0
2932,4,2,45253,1000,230000,27,0
2936,4,2,20650,0,20000,35,0
2939,4,2,148841,6203,150000,31,0
2942,4,2,102385,95800,90000,26,0
2948,4,2,101123,4384,100000,27,0
2953,4,2,29580,1200,30000,26,0
2964,4,2,48802,0,140000,42,0
2974,4,2,150,0,30000,24,0
2991,4,2,29731,1831,50000,52,0
2997,4,2,167095,6800,210000,27,0
2998,4,2,1102,10512,80000,37,1
3003,4,3,6962,0,30000,44,0
3005,4,2,181587,9000,220000,37,0
3008,4,2,3686,1600,10000,24,0
3010,4,2,24168,0,30000,25,0
3021,4,2,22544,0,30000,44,0
3024,4,2,55081,2000,100000,36,0
3034,4,4,1113,0,50000,54,1
3047,4,2,283863,22200,330000,41,0
3052,4,2,397464,14414,390000,29,0
3064,4,2,44694,0,50000,25,0
3066,4,2,4529,0,70000,25,1
3070,4,2,29975,2000,30000,38,0
3075,4,2,35587,1800,180000,31,0
3076,4,2,14320,5000,200000,29,0
3087,4,2,300,0,30000,24,0
3088,4,2,400,0,310000,29,0
3094,4,2,221419,8500,230000,30,0
3116,4,2,5980,4486,200000,46,1
3127,4,2,73010,3000,100000,33,0
3129,4,2,141907,7000,140000,35,0
3141,4,2,18132,3000,20000,49,0
3144,4,2,51145,0,70000,41,0
3152,4,2,160421,6322,160000,46,0
3157,4,3,30856,600,70000,28,0
3171,4,2,10096,2000,20000,23,0
3174,4,2,17413,1502,20000,22,1
3186,4,2,2107,0,30000,28,1
3187,4,2,45578,4000,70000,26,0
3192,4,2,16892,1400,70000,23,0
3202,4,2,8627,0,20000,30,0
3211,4,2,218966,28341,230000,30,0
3217,4,2,18576,800,20000,25,0
3223,4,2,96566,9000,200000,33,0
3234,4,2,30670,0,30000,26,0
3248,4,2,114252,3600,120000,28,0
3254,4,3,4540,0,50000,47,0
3257,4,2,80025,0,80000,24,0
3271,4,2,90725,3500,320000,29,0
3276,4,2,18482,2300,20000,59,0
3288,4,2,12917,1500,30000,30,0
3290,4,2,416,832,270000,41,1
3296,4,2,81731,0,80000,37,0
3301,4,2,28569,2000,30000,41,0
3303,4,3,16967,780,20000,23,0
3311,4,2,108067,0,110000,31,0
3325,4,2,131878,0,130000,33,0
3331,4,2,48546,1900,50000,29,0
3337,4,2,20384,2500,80000,31,0
3339,4,2,8745,0,10000,24,0
3345,4,2,28894,2670,30000,29,0
3351,4,3,22523,0,30000,44,0
3370,4,3,8634,0,20000,35,1
3379,4,2,37,0,30000,28,0
3384,4,2,10144,5000,110000,36,0
3390,4,2,146262,7100,270000,32,0
3391,4,2,6285,1500,20000,44,0
3398,4,2,10928,1200,40000,45,0
3414,4,2,85800,7400,150000,33,0
3422,4,2,2373,2373,110000,30,0
3433,4,2,764,0,240000,40,1
3457,4,2,13975,12000,50000,29,0
3458,4,2,194489,8000,280000,46,0
3482,4,2,20709,1000,40000,23,0
3486,4,2,48164,0,50000,42,0
3495,4,2,101051,0,100000,25,0
3501,4,2,18564,0,30000,56,0
3509,4,2,2273,3,210000,33,1
3510,4,2,45064,3400,50000,27,0
3513,4,2,42682,3628,60000,28,0
3528,4,2,9686,0,20000,50,0
3532,4,2,29052,0,160000,41,1
3538,4,6,219973,1000,220000,28,0
3540,4,2,24476,5000,30000,45,0
3541,4,2,3546,0,100000,40,0
3549,4,2,20797,0,20000,37,0
3551,4,2,1000,3000,100000,31,0
3561,4,2,9895,350,80000,57,0
3562,4,2,63426,2500,90000,33,0
3564,4,2,118666,0,90000,24,0
3568,4,2,282285,10000,230000,39,0
3569,4,3,3942,0,70000,27,1
3573,4,2,18227,1720,20000,24,0
3576,4,2,59629,3250,60000,28,0
3584,4,2,6012,300,10000,51,0
3590,4,2,48134,5100,70000,26,0
3594,4,2,58756,2400,80000,28,0
3598,4,2,43594,0,50000,37,0
3606,4,2,26531,1772,30000,31,0
3634,4,2,71035,2000,420000,25,0
3641,4,2,28612,3500,50000,41,0
3650,4,2,390,390,20000,44,1
3657,4,2,114125,3500,110000,25,0
3664,4,2,1050,0,30000,24,0
3665,4,2,6920,0,110000,29,0
3669,4,2,5312,5,300000,37,0
3674,4,2,17196,800,20000,47,0
3687,4,2,63882,5000,80000,28,0
3689,4,2,284462,11143,280000,27,0
3698,4,2,1000,1430,150000,33,1
3714,4,2,12447,3000,100000,38,0
3716,4,2,153827,7000,220000,27,0
3726,4,2,3888,3179,20000,53,0
3729,4,2,107799,4000,110000,28,0
3736,4,2,16106,50000,80000,33,0
3742,4,2,36726,4898,40000,47,0
3744,4,2,36991,0,40000,45,0
3767,4,2,48294,1900,100000,40,0
3777,4,3,631,0,250000,26,0
3786,4,6,79283,0,80000,43,0
3790,4,2,49399,2247,50000,46,0
3804,4,2,21097,2000,80000,59,0
3806,4,2,140243,0,140000,27,0
3812,4,2,69264,3000,130000,28,0
3820,4,2,16607,1000,30000,24,0
3823,4,4,82861,0,80000,27,0
3825,4,2,326,326,240000,34,1
3833,4,2,199,1823,120000,48,1
3835,4,2,30322,1833,50000,25,0
3840,4,2,29184,0,50000,28,0
3851,4,2,44326,1345,50000,50,0
3860,4,2,14372,0,20000,32,0
3864,4,2,2441,1000,30000,39,0
3870,4,2,15616,1525,90000,26,0
3873,4,2,27127,0,30000,49,0
3874,4,2,29498,6900,50000,52,0
3879,4,2,1050,0,20000,26,0
3902,4,2,8862,1500,50000,27,0
3905,4,2,82729,2609,160000,30,0
3908,4,2,13027,0,30000,29,0
3936,4,2,115922,5000,130000,32,0
3938,4,2,40715,3406,60000,30,0
3951,4,2,124010,0,120000,30,0
3960,4,2,390,380,20000,23,1
3964,4,2,17593,2500,90000,23,0
3991,4,2,134976,6000,240000,47,0
3993,4,2,17137,3000,20000,22,0
3999,4,2,12759,200,20000,23,0
4007,4,2,1050,0,10000,46,0
4014,4,3,18937,0,20000,22,0
4016,4,4,88562,0,100000,33,0
4020,4,2,26835,2659,30000,27,0
4040,4,2,118913,5000,140000,38,0
4048,4,2,20424,0,220000,60,0
4065,4,2,28902,0,50000,31,0
4077,4,2,9257,3200,90000,37,0
4078,4,2,51075,14,50000,29,0
4085,4,2,28941,4000,30000,24,0
4087,4,2,211176,8000,310000,37,0
4094,4,2,25167,0,100000,31,0
4125,4,2,43205,5000,60000,43,0
4136,4,2,12900,2046,30000,25,0
4142,4,2,30557,1000,50000,42,0
4146,4,2,42276,4000,50000,46,0
4148,4,2,11926,0,20000,26,0
4156,4,2,198879,8555,200000,35,0
4161,4,4,37038,2000,50000,25,0
4162,4,2,2478,4000,200000,44,0
4185,4,2,22585,1700,350000,34,0
4189,4,2,270414,0,310000,43,0
4194,4,3,8078,0,10000,22,0
4197,4,2,46561,2200,100000,26,0
4209,4,2,20501,1000,30000,23,0
4213,4,2,32133,3500,70000,31,0
4218,4,2,41323,0,50000,33,0
4225,4,2,1016,452,100000,42,1
4249,4,2,49895,4116,90000,42,0
4260,4,2,27985,1482,50000,37,0
4263,4,2,32004,1550,50000,32,0
4264,4,2,6486,3192,30000,52,0
4286,4,2,19749,1303,20000,31,0
4295,4,2,17242,1299,50000,23,0
4296,4,2,9206,2000,500000,49,0
4302,4,2,110405,0,150000,37,0
4324,4,2,504834,14000,500000,31,0
4331,4,4,23744,0,30000,26,0
4337,4,7,372355,0,330000,39,0
4339,4,2,3029,1000,150000,50,0
4341,4,2,331518,13150,380000,34,0
4350,4,2,47112,1500,50000,54,0
4354,4,2,18111,1000,20000,23,0
4367,4,3,61413,0,90000,36,0
4375,4,4,50222,0,50000,54,0
4376,4,2,60059,2293,60000,31,0
4378,4,2,20877,3600,100000,52,0
4379,4,2,97088,3500,180000,34,0
4388,4,7,111077,0,90000,35,0
4405,4,2,55650,5600,100000,25,0
4409,4,2,343268,11426,360000,46,0
4425,4,2,262132,0,250000,49,0
4433,4,3,26955,1200,30000,42,0
4445,4,7,108478,0,100000,36,0
4448,4,2,92152,0,90000,52,0
4456,4,2,46226,2100,60000,28,0
4471,4,2,48839,1900,70000,35,0
4475,4,2,68842,2700,120000,32,0
4493,4,2,34154,0,50000,26,0
4495,4,2,5440,2800,10000,42,0
4503,4,2,68138,2705,70000,27,0
4506,4,2,34554,2000,50000,51,0
4508,4,4,31973,0,30000,42,0
4510,4,2,121993,5000,130000,42,0
4528,4,2,49817,1710,60000,27,0
4543,4,2,80369,5001,100000,29,0
4544,4,2,42226,1962,50000,26,0
4547,4,3,178939,10000,220000,24,0
4551,4,2,14078,1000,30000,64,0
4555,4,2,22260,0,160000,48,1
4570,4,2,17838,0,30000,43,0
4573,4,2,6339,0,10000,55,0
4579,4,2,326,326,40000,23,1
4580,4,2,172365,6998,200000,50,0
4583,4,3,30408,0,30000,22,1
4584,4,2,58039,2300,110000,54,0
4593,4,2,18219,0,100000,46,0
4594,4,2,1961,1700,80000,28,0
4599,4,2,9628,4060,10000,46,0
4609,4,2,76907,3000,160000,30,0
4618,4,2,12906,500,20000,24,0
4631,4,2,57604,6000,100000,35,0
4640,4,2,10923,3200,230000,39,0
4641,4,2,77728,0,150000,31,0
4660,4,2,45077,3841,100000,50,0
4674,4,2,45570,5021,50000,27,0
4675,4,3,275153,0,400000,44,0
4690,4,2,166870,13000,170000,39,0
4691,4,2,16075,2000,160000,37,0
4698,4,2,135624,0,130000,28,0
4701,4,2,113728,0,180000,45,0
4704,4,2,366194,12620,520000,41,0
4720,4,2,60729,0,60000,25,0
4723,4,2,13277,1234,30000,46,0
4725,4,2,30711,1300,180000,46,0
4732,4,2,1415,1749,40000,42,1
4741,4,3,19017,0,50000,36,0
4746,4,2,164692,14,160000,28,0
4747,4,2,48615,2000,110000,27,0
4753,4,2,8481,5000,20000,56,0
4768,4,2,76463,3000,500000,50,0
4770,4,2,85548,2500,100000,29,0
4775,4,2,46662,2000,80000,42,0
4790,4,3,20360,0,20000,35,0
4791,4,2,66741,3,150000,24,0
4802,4,5,237094,0,190000,35,0
4804,4,2,8998,1000,50000,29,0
4839,4,2,14475,2000,50000,22,0
4841,4,2,31130,0,50000,37,0
4848,4,2,24982,1000,50000,54,0
4853,4,2,28024,1050,60000,23,0
4858,4,2,44646,4000,50000,32,0
4861,4,2,90376,2500,210000,41,0
4863,4,2,72643,2600,80000,32,0
4867,4,2,4446,1000,130000,29,0
4876,4,2,20931,1500,40000,41,0
4883,4,2,46516,0,50000,29,0
4884,4,2,123379,3000,150000,32,0
4894,4,2,107629,9600,160000,28,0
4903,4,2,167768,6000,180000,27,0
4914,4,2,326,7788,170000,33,0
4918,4,2,133828,5000,160000,35,0
4922,4,2,16647,1590,180000,27,0
4932,4,2,16057,2300,30000,29,0
4935,4,2,25799,1710,30000,22,0
4952,4,2,23089,1481,20000,35,0
4954,4,2,844,0,280000,34,1
4974,4,2,192,1291,180000,30,0
4986,4,2,76865,3200,150000,26,0
4989,4,2,50465,2500,130000,32,0
4993,4,2,81697,0,80000,36,0
5013,4,2,52268,3000,30000,40,0
5020,4,2,17452,0,20000,48,0
5032,4,2,30090,0,170000,49,0
5049,4,2,81844,0,80000,30,0
5057,4,2,65430,150,120000,34,0
5062,4,2,61748,0,60000,25,0
5069,4,2,2476,5696,120000,44,1
5076,4,2,21187,3000,50000,27,0
5077,4,2,26937,1500,50000,31,0
5080,4,2,167478,14500,200000,43,0
5081,4,2,12984,1528,30000,59,0
5085,4,2,130521,10707,140000,45,0
5100,4,2,48772,3000,50000,29,0
5114,4,2,26734,0,30000,36,0
5116,4,4,21145,549,20000,31,0
5117,4,2,25151,0,30000,29,0
5122,4,2,123,123,200000,37,1
5127,4,2,2068,16952,30000,23,0
5129,4,2,21568,3000,60000,38,0
5136,4,2,76990,3000,180000,32,0
5144,4,2,390,390,360000,29,1
5148,4,2,15224,0,50000,25,0
5149,4,2,1852,1000,110000,33,0
5151,4,2,6527,0,20000,36,0
5164,4,2,91999,2200,110000,26,0
5172,4,2,31137,2531,70000,46,0
5178,4,2,71443,2600,190000,50,0
5189,4,2,115297,3500,140000,28,0
5200,4,2,70864,13,70000,24,0
5203,4,2,22703,1546,60000,58,0
5212,4,2,48927,50189,50000,23,0
5224,4,2,94448,0,90000,48,0
5225,4,2,51040,5,50000,22,0
5233,4,2,29504,3000,50000,35,0
5234,4,2,38525,3000,50000,35,0
5236,4,3,20260,0,20000,21,0
5237,4,2,163148,10000,190000,39,0
5238,4,2,992,12738,250000,46,1
5243,4,2,4840,1500,20000,50,0
5261,4,2,36023,1989,40000,24,0
5285,4,2,600,0,80000,36,0
5323,4,2,16887,1000,20000,34,0
5339,4,2,1650,0,20000,25,0
5343,4,2,78637,0,80000,27,0
5346,4,2,46027,3154,50000,28,0
5350,4,2,78259,2122,80000,23,0
5353,4,2,7260,0,100000,48,0
5367,4,2,20203,1289,20000,29,0
5372,4,2,6968,2035,10000,40,0
5381,4,2,18595,1500,20000,23,0
5384,4,2,18427,0,20000,25,0
5391,4,2,166590,6000,200000,37,0
5399,4,2,14382,0,50000,27,0
5420,4,2,30797,0,30000,47,0
5440,4,2,27653,2000,110000,42,0
5445,4,3,187720,6500,140000,47,0
5447,4,2,17541,1200,20000,36,0
5452,4,2,24900,900,50000,31,0
5456,4,2,72014,2200,70000,28,0
5458,4,4,106423,0,100000,28,0
5459,4,2,20939,2100,180000,38,0
5464,4,2,5747,0,30000,25,1
5467,4,2,56352,3500,80000,37,0
5473,4,2,20358,0,20000,55,0
5475,4,2,173840,0,290000,36,0
5477,4,2,4358,1089,16000,48,0
5486,4,2,300,0,30000,28,0
5488,4,2,25744,3000,30000,33,0
5513,4,2,2500,0,200000,69,0
5542,4,2,21799,1698,50000,29,0
5543,4,2,113877,4700,280000,30,0
5550,4,2,98450,2000,50000,22,0
5552,4,2,16939,0,20000,40,0
5558,4,2,99365,3927,100000,25,0
5572,4,2,30678,1200,100000,30,0
5580,4,2,26225,0,30000,58,0
5581,4,2,57477,2421,220000,42,0
5593,4,2,27404,1100,30000,49,0
5611,4,2,161308,5800,160000,27,0
5627,4,3,3348,0,360000,51,0
5639,4,2,42133,2000,50000,25,0
5643,4,2,67397,2500,80000,41,1
5645,4,1,9996,177080,500000,42,0
5652,4,2,226,4294,20000,27,1
5656,4,2,18735,2480,20000,24,1
5659,4,2,50956,1500,50000,38,0
5675,4,2,96919,0,100000,41,0
5682,4,2,14416,0,30000,23,0
5693,4,2,1760,1760,50000,25,1
5698,4,2,2356,6000,130000,25,0
5714,4,2,28639,2002,30000,22,0
5721,4,2,2500,0,360000,34,1
5722,4,2,14046,0,30000,27,0
5724,4,2,41131,2200,80000,22,0
5725,4,2,48862,0,50000,25,0
5727,4,2,27719,600,120000,37,0
5739,4,2,8835,2400,20000,23,0
5743,4,2,24764,0,30000,59,0
5747,4,2,78642,3000,120000,38,0
5751,4,2,143786,12000,160000,37,0
5756,4,2,12668,2905,30000,29,0
5757,4,2,145333,6910,260000,35,0
5762,4,2,5806,3009,300000,39,0
5771,4,2,4612,200,180000,38,0
5786,4,2,61380,2746,60000,26,0
5787,4,2,2500,0,240000,40,0
5794,4,2,18334,0,50000,48,0
5800,4,3,26431,12,50000,23,0
5813,4,2,109678,4500,190000,36,0
5818,4,2,14021,2000,140000,25,0
5820,4,2,8284,0,20000,24,0
5825,4,2,51564,2504,50000,70,0
5829,4,2,52034,39,50000,42,0
5832,4,2,105162,3600,140000,34,0
5834,4,2,28090,1517,30000,26,0
5838,4,2,2400,0,10000,26,0
5839,4,2,18408,1573,50000,22,0
5846,4,4,59111,2000,60000,59,0
5853,4,2,60294,5000,200000,28,0
5868,4,2,20393,2403,30000,24,0
5875,4,2,97751,3500,100000,35,0
5885,4,2,17859,1718,20000,25,0
5886,4,2,11700,2000,20000,29,0
5887,4,2,6433,0,20000,23,0
5895,4,2,591,1000,230000,34,1
5902,4,2,123630,8200,140000,27,0
5916,4,2,150,0,110000,41,0
5925,4,3,572677,0,340000,31,0
5931,4,3,26508,1200,50000,24,0
5960,4,2,23196,1636,50000,24,0
5964,4,2,16758,2000,220000,32,0
5974,4,2,221336,7063,300000,31,0
5980,4,2,16879,0,70000,24,0
5986,4,2,31287,1200,100000,44,0
5989,4,2,276229,10031,280000,28,0
5991,4,2,153320,7600,220000,45,0
5993,4,2,49874,5000,130000,25,0
6019,4,2,20141,1300,20000,57,0
6026,4,2,267233,100006,440000,31,0
6039,4,2,121386,3400,130000,23,0
6041,4,2,2400,0,20000,23,0
6045,4,2,4957,0,500000,55,0
6046,4,3,182427,7000,200000,27,0
6049,4,2,19756,1510,400000,29,0
6050,4,2,192055,0,200000,52,0
6053,4,2,43321,1200,50000,55,0
6056,4,2,150,0,50000,49,0
6062,4,2,141048,5200,150000,36,0
6077,4,2,123819,4436,120000,68,0
6079,4,3,148157,5202,150000,25,0
6083,4,2,15370,1700,50000,41,0
6084,4,2,71892,4000,80000,64,0
6085,4,2,1050,0,10000,23,0
6090,4,2,98455,12700,130000,52,0
6109,4,2,117131,1500,120000,35,0
6112,4,2,114621,4400,120000,36,0
6122,4,2,124320,0,250000,29,0
6123,4,2,77506,3700,150000,39,0
6128,4,2,177159,5022,180000,60,0
6147,4,2,27085,0,100000,38,0
6149,4,2,29305,1380,300000,37,0
6155,4,2,24744,0,30000,34,0
6160,4,2,127564,4725,330000,40,0
6175,4,2,108202,6000,110000,32,0
6176,4,2,31440,3041,50000,25,0
6177,4,2,25961,9,30000,28,0
6182,4,3,59556,2525,100000,35,0
6183,4,2,31128,42,70000,24,0
6194,4,2,70756,0,70000,45,0
6197,4,2,7221,0,20000,30,0
6211,4,2,45650,1700,50000,34,0
6216,4,2,1383,0,200000,41,0
6218,4,3,9692,3,300000,38,0
6233,4,2,42117,0,60000,29,0
6256,4,2,52440,2000,130000,39,0
6258,4,2,4308,0,20000,45,1
6260,4,2,79682,1200,80000,32,0
6269,4,2,85135,3200,120000,29,0
6272,4,2,2400,0,10000,23,0
6278,4,2,56871,2056,110000,32,0
6282,4,3,25177,600,30000,26,0
6286,4,3,85107,0,140000,30,0
6290,4,2,125973,3369,130000,28,0
6301,4,2,7872,1800,30000,24,0
6306,4,2,18688,3433,30000,43,0
6313,4,2,258331,7700,260000,29,0
6321,4,4,25855,0,30000,51,0
6328,4,2,7487,900,20000,22,0
6335,4,2,65350,2600,70000,33,0
6338,4,2,10356,600,20000,26,0
6344,4,2,18209,1000,150000,53,0
6345,4,2,5459,1000,190000,27,0
6348,4,3,80426,0,260000,31,1
6349,4,2,63827,2500,80000,34,0
6353,4,4,24529,0,50000,33,0
6358,4,2,465,760,50000,40,1
6363,4,2,19238,1302,20000,32,0
6371,4,3,110525,0,120000,31,0
6374,4,5,102832,0,100000,52,0
6379,4,2,625,0,120000,34,0
6380,4,2,28943,0,70000,27,0
6383,4,2,80997,3299,80000,30,0
6387,4,2,30712,2210,50000,29,0
6408,4,2,37557,56,90000,35,0
6417,4,2,106656,5200,110000,39,0
6427,4,2,97562,8440,100000,24,0
6429,4,2,119948,18259,130000,25,0
6435,4,2,99,0,150000,39,0
6456,4,2,54694,2100,80000,28,0
6475,4,2,227802,6918,260000,29,0
6490,4,2,58348,2150,250000,31,0
6493,4,2,29906,1500,30000,40,0
6494,4,2,56388,2061,50000,34,0
6507,4,2,5653,1200,50000,52,0
6510,4,2,1050,0,50000,25,0
6514,4,2,390,390,140000,41,1
6515,4,2,285272,14000,290000,48,0
6527,4,2,316,948,20000,24,1
6528,4,2,40185,3500,80000,49,0
6532,4,2,3260,678,160000,28,1
6541,4,2,57751,4770,60000,31,0
6551,4,3,50946,0,50000,24,0
6556,4,2,23497,1715,30000,38,0
6557,4,2,15474,4900,20000,22,0
6570,4,2,12029,1158,50000,48,0
6580,4,2,50887,0,50000,25,0
6582,4,3,217347,5000,240000,40,0
6583,4,2,174082,8000,200000,29,0
6586,4,2,101755,560,100000,26,0
6595,4,2,887,893,80000,24,1
6596,4,3,81516,2000,80000,23,0
6601,4,3,7455,0,20000,24,0
6608,4,3,21127,0,20000,27,0
6622,4,2,36711,0,50000,41,0
6624,4,2,5786,5000,20000,24,0
6628,4,4,59966,0,60000,37,0
6630,4,2,20696,0,30000,44,0
6636,4,2,14638,1500,20000,24,0
6637,4,2,56258,5000,80000,41,0
6646,4,2,28937,1980,30000,46,0
6648,4,2,11092,2000,160000,45,0
6658,4,2,16801,1281,20000,26,0
6660,4,2,7642,0,10000,44,0
6666,4,2,3880,5000,150000,30,0
6667,4,2,44619,1600,50000,57,0
6668,4,2,37584,3000,50000,39,0
6674,4,2,27809,0,30000,34,0
6678,4,2,15897,1300,20000,24,0
6680,4,2,1972,1426,110000,25,0
6683,4,2,12077,1212,20000,36,0
6687,4,2,126740,0,220000,29,0
6688,4,3,210695,8000,260000,42,0
6689,4,2,14923,1000,30000,40,0
6703,4,5,69676,0,200000,30,0
6709,4,2,28926,0,30000,24,0
6724,4,2,71796,10000,200000,46,0
6727,4,2,72341,5500,160000,34,0
6730,4,2,60152,0,390000,43,0
6751,4,2,23392,1200,30000,46,0
6753,4,2,28691,3017,30000,50,0
6754,4,7,16721,0,20000,44,0
6783,4,1,53197,20012,500000,32,0
6784,4,2,30447,0,70000,26,0
6785,4,3,1326,0,100000,24,1
6793,4,2,34416,1634,30000,40,0
6801,4,2,17037,1000,20000,50,0
6828,4,2,41624,0,60000,24,0
6829,4,5,12762,0,20000,26,0
6834,4,2,9169,1200,10000,42,1
6836,4,3,6523,0,190000,31,1
6838,4,2,19557,0,20000,25,0
6839,4,2,76489,3000,80000,42,0
6843,4,2,16469,0,20000,25,0
6855,4,2,134835,0,180000,35,0
6862,4,2,128743,4000,210000,31,0
6871,4,2,50445,2176,50000,56,0
6885,4,2,96071,5,110000,38,0
6894,4,3,382898,0,370000,29,0
6895,4,2,47758,2000,60000,43,0
6896,4,2,23827,29423,260000,29,0
6897,4,2,14179,0,30000,35,0
6898,4,2,61763,3000,120000,32,0
6906,4,2,22781,1210,50000,25,0
6909,4,2,6111,33500,90000,31,0
6917,4,2,9108,0,10000,22,0
6918,4,2,279307,0,300000,26,0
6927,4,2,65005,0,60000,24,0
6938,4,2,115353,0,200000,27,0
6952,4,2,6299,0,30000,26,0
6962,4,2,62983,2950,70000,47,0
6974,4,3,54084,0,50000,24,0
6976,4,2,92857,709,100000,36,0
6979,4,2,998,0,170000,30,1
6989,4,2,47028,2213,50000,51,0
6990,4,2,51208,7200,120000,26,0
6991,4,2,5546,1000,20000,59,0
6995,4,2,415276,15282,410000,28,0
7003,4,2,49326,2000,80000,39,0
7023,4,2,60842,2500,100000,44,0
7038,4,2,112623,6000,120000,52,0
7047,4,2,9415,2000,80000,53,0
7049,4,2,322032,12000,350000,44,0
7056,4,2,26860,1646,30000,31,0
7057,4,2,48924,0,100000,29,0
7060,4,2,38281,1466,50000,30,0
7062,4,2,15545,1275,30000,29,0
7068,4,2,750,0,90000,30,0
7069,4,2,100750,0,150000,37,0
7072,4,2,97390,0,100000,32,0
7074,4,3,127047,5000,140000,31,0
7081,4,2,311267,90000,450000,35,0
7083,4,3,15646,5,20000,31,0
7119,4,2,128263,5000,130000,30,0
7123,4,2,180455,6000,390000,45,0
7135,4,2,39147,0,60000,25,0
7138,4,2,49256,2000,180000,38,0
7145,4,2,98491,4000,100000,30,0
7146,4,2,27313,0,100000,35,0
7150,4,2,1138,966,380000,27,1
7155,4,2,30416,0,70000,27,0
7175,4,2,25026,0,20000,36,0
7185,4,2,2373,0,80000,25,1
7188,4,2,20339,0,20000,25,0
7193,4,2,18440,1000,60000,49,0
7208,4,2,500,61807,200000,44,1
7216,4,2,27091,1300,30000,56,0
7224,4,2,34702,1000,30000,44,0
7248,4,2,16649,0,20000,24,0
7251,4,2,88542,2483,160000,23,1
7254,4,2,52047,0,50000,26,0
7264,4,2,53612,2000,100000,33,0
7269,4,2,13336,486,20000,36,0
7271,4,2,39750,1500,100000,38,0
7273,4,2,1111,3000,50000,31,0
7277,4,2,19132,30,20000,28,0
7278,4,2,24600,0,150000,44,0
7285,4,2,70276,0,110000,24,0
7292,4,2,124745,0,150000,41,0
7308,4,2,25474,1500,30000,33,0
7311,4,3,86621,0,90000,23,0
7323,4,2,2500,0,360000,30,0
7332,4,2,18212,1000,150000,27,0
7369,4,2,16144,800,30000,27,0
7377,4,2,122275,47,130000,31,0
7378,4,2,17623,1300,20000,24,0
7384,4,2,58784,2400,60000,54,0
7387,4,2,42010,5000,150000,33,0
7395,4,2,24688,1000,30000,31,0
7397,4,2,1273,2192,200000,37,1
7400,4,2,26532,3000,40000,26,0
7409,4,2,27127,2378,30000,41,0
7426,4,2,111165,10000,180000,38,0
7437,4,2,15628,0,30000,24,0
7459,4,2,2410,3237,80000,37,0
7469,4,2,12495,0,20000,39,0
7475,4,2,20568,700,20000,30,0
7481,4,2,113676,4000,110000,28,0
7485,4,2,35751,1200,30000,28,0
7491,4,2,18418,2690,20000,36,0
7500,4,2,29901,0,30000,30,0
7502,4,2,5720,18026,60000,32,0
7504,4,2,27321,0,30000,23,0
7505,4,2,27960,1800,120000,60,0
7506,4,2,64815,1819,80000,37,0
7531,4,4,232799,0,270000,28,0
7532,4,2,48941,4000,70000,36,0
7536,4,2,56532,2500,110000,47,0
7542,4,2,19273,2500,50000,22,1
7549,4,2,22515,1500,80000,23,0
7555,4,2,12521,2000,50000,31,0
7556,4,2,160242,0,300000,58,0
7561,4,2,58267,6672,70000,28,0
7569,4,2,21451,0,30000,30,0
7573,4,2,11647,2000,40000,37,0
7580,4,2,545,2007,260000,36,0
7585,4,2,89264,3000,90000,28,0
7592,4,2,16784,1500,170000,36,0
7611,4,2,69515,62343,70000,24,0
7624,4,2,12236,6000,20000,25,0
7647,4,2,14657,20962,150000,30,0
7648,4,2,280,0,160000,57,1
7659,4,2,52775,2000,80000,31,0
7663,4,2,71902,2800,140000,58,0
7667,4,3,30100,0,20000,43,0
7668,4,2,1512,20400,20000,28,0
7673,4,2,4828,4004,300000,34,0
7680,4,2,24981,1200,50000,41,0
7693,4,2,226696,3600,230000,45,0
7706,4,2,36412,1800,60000,25,0
7712,4,2,47548,1800,50000,23,0
7719,4,2,33947,5035,150000,30,0
7726,4,2,145319,5000,210000,41,0
7733,4,2,32583,2000,50000,23,0
7735,4,2,20391,1000,30000,52,0
7744,4,2,19465,800,20000,42,0
7752,4,2,90395,2773,90000,40,0
7753,4,3,138487,0,120000,44,0
7756,4,2,4186,0,60000,29,1
7760,4,2,16872,1000,20000,33,0
7769,4,2,47922,4700,70000,27,0
7775,4,2,102650,0,130000,28,0
7776,4,2,27429,1800,30000,23,0
7787,4,2,42797,0,90000,25,0
7789,4,2,2500,0,200000,49,0
7793,4,2,20564,900,20000,22,0
7803,4,2,31634,1500,50000,31,0
7811,4,2,209812,15000,270000,53,0
7817,4,2,2541,1000,10000,51,0
7818,4,2,17082,3300,50000,27,0
7826,4,2,6873,1500,100000,32,0
7830,4,2,74539,3000,140000,29,0
7840,4,2,1200,0,30000,27,0
7847,4,2,26545,2800,30000,24,0
7851,4,3,100925,0,160000,25,0
7857,4,5,309330,0,300000,25,0
7861,4,3,27274,1000,50000,25,0
7869,4,2,200,0,120000,28,1
7877,4,2,23124,4300,80000,24,0
7881,4,2,2400,0,50000,24,0
7898,4,2,1171,2013,280000,29,1
7899,4,2,30343,4514,40000,47,0
7902,4,2,57760,2100,60000,29,0
7912,4,2,159883,6400,170000,49,0
7917,4,2,952,333,400000,35,1
7926,4,2,34076,1300,50000,36,0
7935,4,2,1706,1600,180000,28,0
7945,4,2,6855,0,50000,29,0
7947,4,6,22246,0,20000,50,0
7960,4,2,31319,3200,50000,58,0
7962,4,5,19432,0,20000,25,0
7974,4,2,780,0,50000,34,1
7983,4,2,135350,15000,150000,38,0
7985,4,2,31229,0,30000,21,0
7988,4,2,26860,2500,60000,24,0
7993,4,2,32988,2800,50000,23,0
8022,4,2,80666,4000,80000,40,0
8025,4,2,400,2420,360000,27,1
8033,4,2,51631,5160,50000,29,1
8042,4,2,39997,0,120000,50,0
8043,4,2,95758,4385,160000,42,0
8046,4,2,72717,3211,160000,26,0
8047,4,3,26286,1000,30000,39,0
8049,4,2,37683,3500,70000,41,0
8052,4,4,27371,0,30000,36,0
8057,4,2,6588,12085,360000,43,1
8074,4,2,430,2010,420000,36,1
8083,4,2,11283,2200,50000,65,0
8085,4,2,91898,2090,90000,27,0
8090,4,2,5680,0,20000,24,0
8091,4,2,184241,2,410000,38,0
8111,4,2,43434,1900,50000,22,0
8112,4,2,25048,1433,30000,36,0
8115,4,3,12548,0,120000,26,0
8119,4,2,1509,949,450000,48,1
8125,4,2,2500,0,200000,29,0
8130,4,2,31407,0,30000,24,0
8135,4,2,50796,568,50000,35,0
8140,4,2,52337,0,50000,34,0
8157,4,2,16412,1000,110000,29,0
8168,4,2,17512,0,30000,38,0
8175,4,2,51041,1310,50000,23,0
8178,4,3,33699,3000,70000,32,0
8179,4,2,40697,1800,50000,29,0
8191,4,2,149482,13000,190000,36,0
8196,4,2,1473,1863,160000,50,1
8203,4,2,102403,4000,130000,44,0
8222,4,2,9470,2000,10000,43,0
8224,4,3,29809,0,30000,30,0
8225,4,2,29055,0,30000,22,0
8226,4,2,17399,2260,20000,33,0
8231,4,5,32319,0,50000,46,0
8241,4,2,35668,5043,70000,30,0
8249,4,2,84546,5000,140000,28,0
8251,4,2,147038,5000,150000,39,0
8270,4,2,744,444,120000,37,0
8275,4,2,60513,1744,60000,46,0
8276,4,2,101788,10000,200000,27,0
8294,4,2,45327,2000,50000,23,0
8296,4,2,75317,3600,100000,29,0
8303,4,3,22393,0,30000,24,0
8324,4,2,20284,1000,20000,39,0
8336,4,2,55220,1900,80000,27,0
8338,4,2,24993,0,30000,39,0
8371,4,2,34783,2000,80000,53,0
8374,4,2,8562,1159,20000,47,0
8390,4,2,18342,0,20000,24,0
8391,4,2,15493,1270,30000,24,0
8408,4,2,32039,1500,50000,28,0
8429,4,2,145607,4500,150000,35,0
8431,4,2,2400,0,180000,31,0
8438,4,2,30391,1159,50000,56,0
8447,4,2,49812,19800,80000,29,0
8453,4,2,10753,10600,20000,45,0
8456,4,2,137863,30,150000,35,0
8463,4,2,3852,2300,380000,34,1
8468,4,2,65271,3000,140000,45,0
8469,4,2,48287,3259,50000,36,0
8471,4,3,15308,1150,30000,23,0
8474,4,2,34800,1443,250000,35,0
8484,4,2,10842,2554,40000,27,0
8497,4,2,654,0,300000,36,1
8503,4,2,51688,0,50000,22,0
8506,4,2,71452,3000,80000,32,0
8508,4,4,17826,1300,20000,53,0
8513,4,2,9946,2446,50000,27,0
8521,4,2,41642,0,60000,29,0
8522,4,2,173980,5000,180000,26,0
8524,4,3,6407,0,40000,26,0
8526,4,2,132110,14500,150000,36,0
8533,4,2,186635,4075,200000,29,0
8538,4,2,7247,1200,30000,26,0
8547,4,4,18691,0,20000,26,0
8549,4,2,100,370,10000,28,1
8564,4,2,10000,0,20000,52,0
8574,4,2,10186,1000,20000,25,0
8583,4,2,296936,7000,360000,47,0
8592,4,2,49377,1595,50000,27,0
8596,4,2,20650,0,20000,40,0
8599,4,2,42983,2199,50000,24,0
8600,4,2,16071,3473,20000,46,0
8608,4,2,33315,0,140000,27,0
8609,4,2,31091,2300,30000,32,0
8628,4,2,92311,3631,100000,31,0
8631,4,2,390,0,40000,46,1
8633,4,3,8031,0,100000,60,0
8636,4,2,10783,2000,20000,24,0
8642,4,2,20380,0,20000,23,0
8655,4,2,2400,0,30000,47,0
8656,4,2,5289,5000,110000,33,0
8657,4,5,32351,0,30000,46,0
8683,4,2,48767,0,50000,24,0
8697,4,2,12923,0,50000,43,0
8709,4,3,101249,0,100000,29,0
8724,4,2,19427,800,50000,34,0
8728,4,2,15304,0,30000,45,0
8736,4,2,41095,0,80000,26,0
8742,4,2,28522,0,80000,26,0
8752,4,2,460,99165,200000,28,1
8766,4,2,10628,1000,100000,27,1
8770,4,2,14802,145000,340000,27,0
8773,4,6,238172,0,220000,41,0
8798,4,2,45305,1800,70000,37,0
8802,4,2,3121,1551,80000,26,0
8803,4,2,8852,1000,10000,50,0
8809,4,2,5758,1416,80000,25,0
8812,4,2,864,0,10000,49,1
8815,4,2,16591,0,80000,51,0
8822,4,3,29532,1200,30000,23,0
8839,4,2,194,3655,220000,41,0
8843,4,2,69748,1200,230000,32,0
8844,4,8,25589,0,40000,24,0
8847,4,2,10606,300,50000,22,0
8857,4,2,39448,1600,80000,52,0
8869,4,2,10724,1000,90000,24,0
8878,4,2,5609,0,30000,41,0
8884,4,2,13427,700,100000,24,0
8887,4,2,40154,0,70000,26,0
8898,4,2,15703,1000,20000,24,1
8899,4,2,44110,1280,50000,27,0
8906,4,2,47887,0,50000,25,0
8911,4,2,71769,49,70000,22,0
8920,4,3,7293,1000,50000,23,0
8930,4,2,8162,600,10000,29,0
8933,4,2,187333,0,240000,42,0
8945,4,2,98994,3709,100000,42,0
8954,4,3,52996,0,150000,29,0
8967,4,2,35170,0,40000,23,0
8974,4,3,20757,0,20000,27,0
8992,4,2,34931,1000,80000,39,0
8998,4,7,124971,0,80000,31,0
8999,4,3,5045,0,100000,46,1
9004,4,2,28517,1800,30000,25,0
9005,4,2,2000,700,130000,33,0
9007,4,2,145889,5300,150000,35,0
9010,4,3,20172,0,20000,26,1
9013,4,4,83376,0,100000,29,0
9018,4,2,14627,1495,180000,51,0
9020,4,2,174258,6000,200000,34,0
9024,4,2,28469,2000,30000,27,0
9030,4,2,64454,1809,70000,24,0
9032,4,3,20411,4000,50000,36,0
9034,4,2,67257,3400,160000,24,0
9035,4,2,6922,0,360000,30,0
9036,4,2,2615,1000,420000,25,1
9038,4,2,37357,1632,60000,36,0
9041,4,2,20212,1200,20000,52,0
9062,4,2,228368,10000,220000,46,0
9063,4,2,43357,4000,70000,34,0
9067,4,2,4714,0,80000,27,0
9074,4,2,179,1166,110000,35,1
9075,4,2,29970,0,30000,33,0
9080,4,5,47426,10000,50000,26,0
9083,4,2,29279,1500,30000,47,0
9085,4,2,46694,2000,50000,27,0
9090,4,4,84654,0,180000,31,0
9099,4,2,43914,1500,130000,37,0
9103,4,2,76839,5000,140000,45,0
9108,4,2,98374,3700,110000,32,0
9111,4,2,90418,0,380000,46,0
9123,4,2,390,390,80000,53,1
9124,4,2,49635,2000,100000,38,0
9143,4,2,47526,0,80000,34,0
9147,4,2,67531,2708,70000,35,0
9152,4,2,343,1300,440000,33,1
9167,4,2,24602,0,30000,25,0
9168,4,2,2946,1473,20000,56,1
9172,4,2,28532,1493,30000,22,0
9188,4,2,24589,2000,30000,47,0
9191,4,2,33041,2900,60000,24,0
9193,4,2,130312,7347,130000,41,0
9194,4,2,172865,3000,390000,26,0
9195,4,2,2495,0,460000,39,0
9198,4,2,19935,1000,20000,27,0
9213,4,2,65961,0,80000,34,0
9215,4,4,16898,0,20000,48,0
9216,4,2,107,214,100000,26,1
9223,4,2,29244,2363,50000,36,0
9228,4,3,12001,0,20000,44,0
9234,4,2,145339,210,140000,30,0
9235,4,2,23242,0,40000,33,0
9252,4,2,26457,1456,30000,39,0
9257,4,2,14310,0,20000,23,0
9272,4,2,62352,0,60000,31,0
9273,4,2,45504,1700,100000,40,0
9281,4,2,88467,4500,500000,38,0
9284,4,2,242710,0,240000,41,0
9287,4,2,47166,0,100000,42,0
9288,4,3,82194,5,80000,34,0
9290,4,2,106432,3251,220000,30,0
9295,4,2,27464,28,140000,27,0
9302,4,2,31123,1600,70000,36,0
9306,4,3,106179,4000,140000,45,1
9309,4,2,13131,2000,50000,33,0
9314,4,2,19137,1200,20000,25,1
9329,4,2,21351,1400,70000,32,0
9337,4,2,34480,0,70000,31,0
9340,4,2,14367,0,30000,22,0
9341,4,2,30948,0,30000,45,0
9344,4,2,195530,6800,210000,31,0
9349,4,2,34064,2547,200000,30,0
9362,4,2,7910,1000,60000,29,0
9374,4,2,28198,2457,30000,45,0
9382,4,2,46392,6000,240000,38,0
9385,4,4,9240,0,10000,26,0
9390,4,2,40690,390,40000,26,0
9392,4,2,416,832,80000,25,1
9393,4,2,187,3141,50000,28,1
9397,4,3,11791,0,30000,23,0
9409,4,2,22876,3503,170000,34,0
9414,4,2,99542,2950,100000,39,0
9416,4,2,188501,7000,310000,27,0
9419,4,2,11293,1200,300000,32,0
9420,4,2,156589,3300,130000,29,0
9436,4,2,77465,5250,80000,43,0
9438,4,2,18920,1200,20000,28,0
9441,4,2,200,42000,120000,37,1
9446,4,2,16200,0,20000,35,1
9452,4,2,15105,2000,50000,43,0
9463,4,2,48658,4000,50000,36,0
9473,4,2,220405,10000,440000,25,0
9484,4,2,70772,2604,70000,59,0
9493,4,5,50059,0,50000,38,0
9495,4,2,102893,128,100000,25,0
9504,4,2,9949,4000,10000,35,0
9508,4,2,199,0,280000,35,1
9518,4,2,33168,2500,50000,24,0
9520,4,2,20438,0,20000,25,0
9522,4,4,175338,11,220000,39,0
9538,4,2,35389,0,40000,24,0
9550,4,2,18374,1680,20000,22,0
9551,4,2,74639,2600,80000,30,0
9563,4,2,79404,3001,80000,39,0
9567,4,2,6712,1128,10000,52,0
9571,4,2,33283,652,80000,48,0
9577,4,2,19531,1146,20000,40,0
9583,4,2,15410,2000,30000,23,0
9584,4,2,7897,0,20000,23,0
9585,4,2,31111,1100,100000,44,0
9594,4,2,300,0,20000,26,0
9608,4,2,82,3723,80000,35,1
9610,4,2,17042,1300,20000,42,0
9614,4,2,99018,4000,120000,34,0
9633,4,3,51847,0,50000,41,0
9641,4,2,12467,1000,20000,35,0
9647,4,2,23192,7300,30000,34,0
9651,4,2,64397,2500,70000,24,0
9660,4,2,141289,5547,140000,29,0
9661,4,2,26444,3000,30000,35,0
9662,4,2,20213,0,30000,36,0
9672,4,2,2400,0,170000,48,0
9677,4,2,48574,2000,60000,29,0
9685,4,2,170775,5,280000,38,0
9692,4,3,78,0,130000,29,1
9695,4,2,17676,0,20000,23,0
9697,4,2,15947,2500,50000,34,0
9700,4,2,125905,4300,130000,27,0
9707,4,2,45983,2000,100000,46,0
9716,4,2,121222,0,210000,26,0
9732,4,2,162097,5600,160000,25,0
9762,4,2,304249,97225,360000,33,0
9765,4,2,31722,0,50000,50,0
9769,4,2,45925,2200,50000,61,0
9771,4,2,3293,650,100000,37,0
9782,4,2,24117,1000,30000,34,0
9786,4,2,30259,2000,80000,25,0
9788,4,2,75241,0,130000,34,0
9799,4,2,3408,1000,20000,23,0
9804,4,2,14557,14782,240000,42,0
9812,4,2,76470,2900,90000,49,0
9815,4,2,52526,99,90000,26,0
9816,4,2,46400,3700,50000,35,0
9821,4,2,31741,2600,20000,26,0
9822,4,2,8700,1500,20000,23,0
9833,4,2,20511,0,100000,67,0
9839,4,2,103662,3500,150000,29,0
9843,4,2,27703,0,30000,25,0
9856,4,2,78724,2000,170000,44,0
9858,4,3,55327,3,70000,50,0
9867,4,2,316,0,130000,44,1
9869,4,2,1715,1100,30000,38,0
9871,4,2,600,0,110000,37,0
9877,4,2,57022,0,80000,29,0
9881,4,2,158088,12552,180000,23,0
9901,4,2,18968,1300,20000,39,0
9902,4,2,48774,0,250000,28,0
9903,4,2,600,0,60000,25,0
9910,4,2,41164,3500,50000,44,0
9915,4,2,189665,0,220000,37,0
9918,4,2,167622,4052,180000,40,0
9921,4,2,142121,56100,200000,34,0
9923,4,2,60482,0,60000,38,0
9933,4,3,6540,1000,20000,22,0
9947,4,2,25479,0,30000,26,0
9950,4,3,15825,0,30000,25,0
9951,4,2,3851,602,50000,28,0
9953,4,2,16827,1000,20000,37,0
9955,4,2,67401,2910,70000,29,0
9956,4,2,991,7667,180000,32,1
9963,4,2,11180,0,20000,55,0
9980,4,7,34552,0,30000,38,0
9992,4,2,2475,0,30000,47,0
9999,4,2,780,0,80000,26,1
10008,4,2,38622,0,100000,38,0
10018,4,2,345484,14148,360000,47,0
10024,4,2,4925,350,50000,39,0
10049,4,2,6278,8721,80000,28,1
10059,4,2,16975,1400,20000,23,0
10063,4,2,31302,6,200000,31,0
10067,4,2,29315,1750,30000,34,0
10070,4,2,128467,6230,130000,36,0
10083,4,2,21451,2467,290000,29,1
10084,4,2,21050,0,30000,23,0
10087,4,2,96776,3932,140000,28,0
10099,4,2,29068,1496,50000,30,0
10103,4,2,7071,0,30000,42,0
10106,4,3,8399,0,10000,23,0
10116,4,2,5508,0,10000,24,0
10117,4,2,24107,11412,110000,48,0
10121,4,2,76858,0,150000,48,0
10125,4,2,8625,0,20000,38,0
10129,4,2,65997,6300,130000,37,0
10134,4,2,39592,2196,40000,45,0
10136,4,2,390,390,40000,24,1
10143,4,2,49666,4500,400000,39,0
10152,4,3,59183,4500,60000,48,0
10177,4,2,70886,0,90000,49,1
10184,4,2,24928,0,30000,39,0
10187,4,2,44069,0,50000,22,0
10195,4,2,7019,2819,10000,46,1
10197,4,3,28715,1000,50000,41,0
10210,4,2,16537,0,20000,46,0
10213,4,2,35716,0,50000,41,0
10214,4,2,23428,339,220000,30,0
10216,4,3,30749,0,30000,52,0
10228,4,2,4911,1102,50000,22,0
10231,4,2,135309,0,140000,38,0
10233,4,2,18566,2000,50000,25,0
10241,4,2,4301,1000,20000,28,1
10271,4,2,48332,2000,50000,46,0
10282,4,2,58918,2500,60000,26,0
10300,4,2,4310,16990,20000,47,1
10310,4,2,56471,1988,60000,42,0
10315,4,2,21674,1685,30000,50,0
10322,4,2,15692,2000,170000,26,0
10323,4,2,14498,1157,20000,25,0
10324,4,2,12140,0,40000,24,0
10331,4,2,33255,0,90000,32,0
10338,4,2,18487,0,20000,47,0
10339,4,2,18141,3000,200000,32,0
10348,4,2,881,24846,200000,36,1
10355,4,2,19301,1000,30000,25,0
10370,4,2,85594,3300,100000,58,0
10390,4,2,1650,0,20000,25,0
10391,4,2,93011,0,200000,49,0
10396,4,2,92080,3400,100000,30,0
10403,4,2,4789,1500,10000,26,0
10409,4,2,184303,0,180000,39,0
10411,4,2,20175,3200,50000,32,0
10420,4,2,9009,5000,30000,38,0
10425,4,2,84734,8742,140000,32,0
10459,4,3,498,0,60000,53,1
10460,4,2,45470,2000,50000,48,0
10461,4,2,39815,8538,150000,34,1
10468,4,2,104878,3700,110000,24,0
10478,4,2,38815,1960,130000,25,0
10490,4,2,153229,6700,200000,31,0
10498,4,2,13499,2000,30000,43,0
10510,4,2,114166,4225,150000,39,0
10513,4,2,148066,27,150000,34,0
10521,4,2,13698,1475,50000,40,0
10522,4,4,55557,0,100000,51,0
10526,4,2,11047,780,20000,24,0
10529,4,2,48052,2033,50000,34,0
10534,4,2,4366,0,10000,52,0
10537,4,2,300,0,30000,25,0
10540,4,3,197022,6000,220000,47,0
10544,4,2,23242,2600,50000,39,1
10546,4,2,47918,2400,50000,28,0
10547,4,2,25844,2478,30000,56,0
10548,4,2,7212,300,80000,25,0
10576,4,2,86729,3300,100000,31,0
10578,4,2,2300,200,240000,28,1
10584,4,2,24587,5000,50000,38,0
10598,4,2,66783,9557,100000,30,0
10600,4,2,5981,1032,50000,23,0
10629,4,2,150,0,260000,52,0
10631,4,3,780,0,180000,46,1
10633,4,2,5406,0,50000,26,1
10637,4,2,31543,1659,80000,23,0
10644,4,2,24395,0,360000,38,0
10656,4,2,221,198,240000,38,0
10663,4,2,44727,1750,70000,40,0
10667,4,2,73482,5000,100000,29,0
10673,4,2,71660,0,70000,35,0
10678,4,2,58493,2700,60000,24,0
10687,4,2,35835,1833,50000,49,0
10688,4,2,8824,13261,80000,47,0
10691,4,2,239798,10000,300000,35,0
10696,4,2,87510,0,90000,27,0
10702,4,2,28297,2000,50000,31,0
10708,4,2,22256,0,80000,34,0
10716,4,2,3222,0,30000,31,0
10723,4,2,390,1560,160000,54,1
10729,4,2,117277,5000,130000,47,0
10737,4,2,2700,6300,300000,36,0
10740,4,2,67736,0,270000,48,0
10745,4,2,2482,0,280000,45,0
10749,4,2,1869,12671,160000,52,0
10757,4,2,17945,1003,50000,22,0
10759,4,2,44911,1900,70000,51,0
10772,4,2,39021,1500,80000,46,0
10773,4,2,9895,1500,50000,23,0
10776,4,2,74813,5395,100000,39,0
10785,4,2,55933,2100,80000,33,0
10802,4,2,2400,0,50000,36,0
10804,4,2,69604,0,100000,41,0
10816,4,4,9539,0,10000,24,0
10818,4,2,400,0,160000,32,0
10819,4,2,201756,3028,200000,27,0
10823,4,2,96912,3600,140000,27,0
10836,4,2,116343,5677,160000,36,0
10842,4,2,37537,1575,40000,36,0
10847,4,2,497,1100,160000,37,1
10862,4,2,600,0,110000,29,0
10871,4,2,59300,2100,80000,37,0
10879,4,2,28067,0,30000,25,0
10884,4,2,3200,0,160000,30,1
10891,4,2,41901,3000,110000,32,0
10908,4,2,21338,0,150000,30,0
10913,4,2,8711,0,10000,40,0
10918,4,5,107665,0,200000,54,0
10933,4,2,50414,0,50000,48,0
10937,4,2,109439,7623,180000,29,0
10964,4,2,24678,1100,60000,28,0
10968,4,2,71898,3214,80000,43,0
10969,4,2,361,1716,200000,34,0
10975,4,2,24685,1000,30000,29,0
10980,4,2,48552,3056,50000,44,0
10990,4,2,103381,4000,110000,28,0
10992,4,2,2310,0,20000,63,1
10995,4,2,210424,7598,230000,32,0
11007,4,3,23150,0,60000,22,0
11009,4,2,13531,0,70000,40,0
11025,4,2,59608,1478,60000,23,0
11034,4,2,25533,0,30000,22,0
11035,4,2,5448,2000,30000,38,0
11037,4,2,17559,1400,20000,33,0
11041,4,2,29104,3000,400000,32,0
11042,4,2,9497,1000,50000,25,0
11044,4,2,120455,0,120000,34,0
11045,4,3,1257,0,220000,43,1
11048,4,2,4471,1200,50000,28,0
11050,4,2,77116,3000,90000,33,0
11053,4,2,125138,17,130000,53,0
11054,4,2,1722,716,120000,43,0
11060,4,2,115491,11,320000,32,0
11065,4,2,216397,7109,220000,25,0
11075,4,2,2500,0,260000,43,0
11105,4,3,27868,1200,30000,23,0
11109,4,2,276,381,210000,32,1
11120,4,2,26264,1500,30000,39,0
11123,4,2,8805,1000,50000,30,0
11131,4,2,42809,3000,50000,43,0
11139,4,2,1435,1170,20000,22,1
11150,4,2,23020,1703,70000,62,0
11152,4,2,9964,0,10000,58,0
11167,4,2,88979,10000,140000,35,0
11183,4,2,48429,2000,50000,34,0
11185,4,2,183554,7100,180000,29,0
11188,4,2,272,5881,200000,39,1
11198,4,3,132596,0,130000,54,0
11205,4,2,38514,0,50000,40,0
11207,4,2,2443,0,200000,28,0
11212,4,2,128038,5000,130000,26,0
11218,4,2,309,0,30000,31,1
11220,4,2,1188,0,150000,42,1
11223,4,2,60308,5021,60000,26,0
11226,4,3,10685,0,10000,23,0
11240,4,2,132185,5,180000,26,0
11241,4,2,30728,0,30000,44,0
11244,4,4,29399,0,30000,23,0
11246,4,2,271396,0,500000,40,0
11260,4,2,98205,1418,100000,32,0
11264,4,2,4178,6000,130000,25,0
11267,4,2,17398,1500,70000,34,0
11272,4,3,330,330,60000,43,1
11273,4,3,20987,0,20000,45,0
11283,4,2,65198,2600,50000,47,0
11284,4,2,27456,1200,30000,25,0
11286,4,2,23720,0,50000,26,0
11296,4,2,9533,1000,130000,30,0
11319,4,2,496,0,20000,22,1
11334,4,2,14229,2773,20000,24,0
11339,4,2,6552,1125,50000,25,1
11343,4,2,19041,0,20000,41,0
11346,4,2,21041,0,20000,28,0
11357,4,2,13103,1200,30000,43,0
11362,4,2,143233,6000,130000,29,0
11388,4,2,582,1891,200000,35,1
11389,4,2,4764,1000,10000,41,0
11393,4,2,991,1982,140000,37,1
11397,4,2,48297,3000,50000,32,0
11404,4,3,19860,0,20000,37,0
11409,4,3,191054,6000,240000,48,0
11418,4,2,41823,1407,130000,24,0
11426,4,2,998,0,250000,40,0
11428,4,3,107008,0,120000,27,0
11436,4,2,6959,1800,20000,23,0
11437,4,2,150,0,200000,43,0
11441,4,2,236365,0,230000,29,0
11443,4,2,21072,0,50000,54,0
11451,4,2,76417,5090,80000,29,0
11452,4,3,27432,2000,50000,47,0
11453,4,2,48621,2600,50000,39,0
11463,4,2,6934,2000,10000,22,0
11465,4,2,14220,1230,30000,22,0
11468,4,2,950,1000,20000,45,1
11473,4,2,15784,3000,20000,29,0
11478,4,2,7913,1800,50000,28,0
11485,4,2,26513,1251,30000,23,0
11498,4,1,341600,8273,250000,42,0
11508,4,2,483244,16004,500000,34,0
11511,4,2,1650,0,20000,63,0
11517,4,4,82156,3100,100000,35,0
11555,4,7,159190,0,150000,42,0
11559,4,2,15460,600,30000,35,0
11560,4,2,206332,12014,240000,28,0
11578,4,2,22722,2569,100000,33,0
11585,4,2,161487,0,170000,30,0
11586,4,2,62999,0,90000,47,0
11587,4,2,1302,1852,160000,29,1
11590,4,2,17417,3000,30000,26,0
11609,4,2,23948,1500,80000,43,0
11617,4,2,26675,3974,30000,52,0
11626,4,2,13740,600,140000,28,0
11640,4,2,18418,1215,30000,24,0
11644,4,2,4057,1500,80000,34,1
11654,4,2,10454,2000,30000,23,0
11659,4,2,59473,2100,60000,26,0
11661,4,2,13178,1200,80000,39,0
11664,4,2,28422,1200,50000,27,0
11667,4,2,141815,5000,150000,48,0
11672,4,2,45319,5800,110000,56,0
11682,4,2,98246,0,100000,29,0
11693,4,2,92704,4000,80000,41,0
11702,4,2,53275,0,130000,24,0
11705,4,2,20881,3000,30000,22,0
11706,4,2,1050,0,20000,25,0
11708,4,2,165806,6000,150000,24,0
11713,4,2,123055,0,120000,47,0
11715,4,2,18247,0,180000,32,0
11717,4,2,57919,1400,100000,34,0
11720,4,2,45588,2000,70000,29,0
11721,4,2,186230,6784,200000,58,0
11735,4,2,57314,4,180000,28,0
11740,4,2,5000,0,300000,47,0
11749,4,2,45074,3978,100000,34,0
11767,4,2,135,0,160000,69,0
11776,4,2,9882,0,10000,27,0
11777,4,2,63387,0,70000,34,0
11780,4,2,2197,0,120000,29,1
11794,4,2,29034,1442,30000,26,0
11795,4,2,9178,1517,10000,42,0
11804,4,2,63240,1798,90000,30,0
11814,4,2,46725,4000,120000,34,0
11818,4,2,29654,0,30000,23,0
11822,4,2,18266,1249,20000,25,0
11825,4,2,18239,1500,20000,56,0
11827,4,2,31423,0,30000,25,0
11828,4,3,46592,2000,50000,30,0
11830,4,2,14804,2300,30000,24,0
11838,4,5,32101,0,30000,29,0
11845,4,2,1800,0,30000,24,0
11850,4,3,1188,0,260000,53,1
11855,4,2,34623,1000,70000,27,0
11857,4,2,4390,0,150000,32,0
11864,4,2,67223,2943,200000,41,0
11868,4,2,428712,16100,420000,46,0
11869,4,2,5326,5954,70000,37,0
11874,4,2,85536,6800,100000,29,0
11875,4,2,34336,0,60000,31,0
11892,4,2,1276,2552,140000,35,1
11903,4,2,1837,2212,20000,28,0
11908,4,2,18491,2400,130000,43,0
11922,4,2,5677,2735,10000,26,1
11927,4,2,156328,7661,160000,34,0
11938,4,2,9,2000,360000,34,1
11943,4,2,4166,0,50000,50,0
11969,4,3,8905,0,70000,28,0
11972,4,2,20075,1500,20000,34,0
11978,4,2,257669,5509,280000,30,0
11984,4,2,101736,1867,100000,31,0
11988,4,2,1050,0,20000,36,0
11998,4,2,14033,2000,90000,34,0
12000,4,2,34558,1200,20000,30,0
12001,4,2,316,316,120000,37,1
12006,4,2,19257,1200,20000,46,0
12011,4,2,82827,6500,90000,39,0
12016,4,2,77855,7400,100000,36,0
12019,4,2,2500,0,260000,64,0
12022,4,2,13034,1200,80000,52,0
12029,4,2,62155,16,80000,31,0
12030,4,2,41381,0,50000,35,0
12036,4,3,2646,0,30000,44,0
12042,4,2,28565,1200,120000,44,0
12049,4,2,50110,2100,50000,31,0
12052,4,2,17854,1000,50000,26,0
12065,4,2,3350,630,200000,47,0
12067,4,2,55402,0,70000,53,0
12069,4,2,125768,4200,180000,38,0
12079,4,2,19532,3000,30000,46,0
12084,4,2,3048,12,30000,42,0
12091,4,2,51309,2500,50000,30,0
12094,4,2,26977,1500,70000,43,0
12099,4,2,594,15611,120000,28,1
12101,4,2,40679,0,120000,41,0
12120,4,2,11712,0,20000,22,0
12121,4,2,188959,8000,150000,27,0
12122,4,5,41146,0,40000,27,0
12124,4,2,121211,3507,120000,43,0
12126,4,2,6098,1118,20000,29,0
12143,4,3,29780,0,70000,25,0
12145,4,2,13936,0,190000,32,0
12150,4,2,33427,0,300000,42,0
12155,4,4,73268,2001,70000,35,0
12156,4,3,978,0,50000,25,1
12158,4,2,35807,6000,130000,33,0
12163,4,2,56495,2500,120000,31,0
12164,4,2,43360,3300,50000,42,0
12177,4,2,46944,0,50000,53,0
12192,4,2,420,0,10000,55,0
12193,4,2,54142,2600,80000,37,0
12197,4,3,17368,0,20000,35,0
12198,4,2,133724,6702,240000,41,0
12207,4,3,18225,5000,30000,36,0
12217,4,3,190570,8000,280000,39,0
12223,4,2,26136,5334,30000,36,0
12225,4,2,77223,2563,80000,28,0
12238,4,3,36705,1400,50000,30,0
12256,4,2,1579,590,120000,28,1
12261,4,4,38743,0,90000,23,0
12263,4,2,18856,1200,50000,25,0
12275,4,2,34086,0,40000,23,0
12281,4,2,9371,2500,100000,36,0
12287,4,2,76179,2000,60000,36,0
12302,4,2,42253,5600,50000,45,0
12303,4,2,7102,0,90000,38,0
12308,4,2,304421,0,320000,40,0
12319,4,2,17866,0,20000,27,0
12330,4,2,1940,7801,60000,36,1
12345,4,3,18080,1500,30000,53,0
12346,4,3,50044,5,50000,29,0
12347,4,2,163684,6500,190000,28,0
12354,4,2,29559,1000,30000,21,0
12362,4,2,95108,4000,100000,26,0
12370,4,2,17595,2344,20000,42,0
12372,4,2,23209,0,40000,28,0
12375,4,3,11081,420,20000,39,0
12379,4,2,94594,2000,100000,44,0
12391,4,4,77757,0,150000,32,0
12392,4,2,74421,0,230000,37,0
12393,4,2,28515,0,30000,47,0
12395,4,2,16497,1000,20000,45,0
12399,4,2,70557,3200,400000,29,0
12407,4,2,128981,13000,160000,33,0
12417,4,2,11770,0,60000,27,0
12424,4,2,100388,6000,110000,25,0
12431,4,2,1650,0,20000,24,0
12433,4,2,1650,0,20000,24,0
12454,4,2,52707,0,60000,22,0
12466,4,2,18447,0,210000,44,0
12469,4,2,69817,2131,80000,23,0
12471,4,2,8396,0,60000,27,0
12482,4,2,44690,0,80000,26,0
12489,4,2,543,0,30000,36,1
12492,4,2,31240,0,30000,25,1
12494,4,2,30060,1500,30000,33,0
12501,4,2,31289,1200,70000,38,0
12509,4,3,3227,802,150000,52,1
12520,4,3,97634,1300,100000,27,0
12525,4,2,5113,0,10000,23,0
12533,4,2,44808,1500,50000,29,0
12542,4,2,294976,12139,290000,38,0
12548,4,2,5590,1066,220000,38,0
12577,4,2,50074,0,50000,25,0
12581,4,2,8512,1000,10000,25,1
12588,4,2,9060,0,10000,27,0
12589,4,2,34547,1500,30000,44,0
12593,4,2,71379,0,70000,27,0
12599,4,2,8136,1000,30000,38,0
12605,4,2,8560,1300,10000,22,0
12610,4,2,50421,0,50000,54,0
12620,4,2,21485,1300,30000,41,0
12656,4,2,84103,3500,350000,24,0
12674,4,2,296219,11000,430000,42,0
12689,4,2,738,0,20000,29,1
12704,4,2,49363,3011,50000,22,0
12713,4,2,5732,1000,360000,33,1
12716,4,2,191745,17000,250000,35,0
12724,4,2,62712,2500,70000,27,0
12732,4,2,74474,6000,130000,36,0
12733,4,2,17295,0,70000,34,0
12746,4,2,38630,4086,50000,52,0
12751,4,2,13524,2000,20000,23,0
12765,4,2,96380,3000,110000,29,0
12768,4,2,151128,5667,180000,27,0
12773,4,2,2254,0,70000,36,1
12775,4,2,20194,0,20000,23,0
12781,4,2,48736,1900,60000,38,0
12797,4,2,5419,1200,20000,28,0
12799,4,2,102513,3509,100000,30,0
12803,4,2,121763,15000,260000,53,0
12809,4,2,73989,3600,190000,45,0
12811,4,3,27069,1000,50000,25,0
12813,4,3,125616,4500,130000,29,0
12820,4,2,38383,1500,50000,47,0
12823,4,2,139121,4800,140000,50,0
12825,4,2,2400,0,50000,36,0
12826,4,2,64,1200,320000,58,1
12827,4,2,43981,2045,50000,59,0
12835,4,2,10845,2000,40000,26,0
12846,4,2,95489,3500,90000,42,0
12854,4,2,2321,18261,500000,47,1
12857,4,2,2752,10834,120000,27,1
12876,4,2,390,390,10000,23,1
12877,4,3,23788,0,20000,28,0
12885,4,2,6993,1200,240000,41,0
12889,4,2,11095,1204,70000,69,0
12893,4,2,96054,4400,130000,36,0
12905,4,2,33532,7,50000,29,0
12906,4,2,565,11495,400000,33,1
12909,4,2,119513,5000,120000,37,0
12913,4,2,45354,4500,50000,29,0
12914,4,2,120812,4600,120000,29,0
12922,4,2,30432,1150,150000,26,0
12923,4,2,59814,3000,90000,33,0
12925,4,3,31397,0,30000,21,0
12937,4,2,198157,16501,220000,32,0
12947,4,2,131032,4700,140000,34,0
12953,4,3,30983,3000,40000,23,0
12956,4,2,2500,0,280000,62,0
12967,4,6,397754,0,400000,40,0
12968,4,2,19948,2000,50000,35,0
12973,4,2,20084,1000,30000,27,0
12983,4,2,5570,31,180000,28,0
12991,4,2,61118,2550,60000,36,0
12993,4,2,14551,1000,20000,22,0
12997,4,2,232264,158,230000,43,0
12998,4,2,200,0,50000,30,0
13001,4,2,80136,3365,90000,45,0
13013,4,3,632,0,120000,54,1
13014,4,2,3560,40,280000,43,1
13021,4,2,17166,2273,20000,56,0
13046,4,2,126548,5100,130000,31,0
13050,4,2,50322,1379,50000,33,0
13056,4,2,236068,10000,230000,29,0
13057,4,2,27189,1800,30000,29,0
13060,4,3,50106,0,50000,57,0
13073,4,2,23583,0,160000,41,0
13080,4,2,42459,1200,50000,27,0
13084,4,2,10653,1200,20000,35,0
13092,4,2,264,2193,360000,39,1
13095,4,2,19810,1400,20000,55,0
13101,4,2,5366,1500,60000,35,0
13145,4,2,390,390,80000,49,1
13152,4,2,144790,5600,180000,34,0
13154,4,2,152744,5694,150000,39,0
13163,4,2,780,0,20000,48,1
13164,4,2,2644,1309,30000,50,1
13173,4,2,25086,0,60000,38,0
13178,4,2,2500,0,300000,34,0
13179,4,2,2639,0,210000,32,1
13185,4,2,18003,1612,20000,24,0
13189,4,2,56189,1800,300000,36,0
13218,4,2,324589,450,320000,42,0
13222,4,2,43210,150,50000,24,0
13232,4,2,2400,0,20000,23,0
13239,4,2,20528,0,20000,22,0
13244,4,2,5114,499,200000,32,1
13248,4,2,18175,1000,20000,51,0
13254,4,2,13727,1238,20000,48,0
13255,4,2,11548,2800,20000,25,0
13259,4,2,177233,14000,200000,55,0
13262,4,7,68216,0,60000,60,0
13283,4,2,61874,31,110000,25,0
13288,4,2,73740,3313,110000,32,0
13290,4,2,195724,7500,230000,34,0
13292,4,2,46620,1800,50000,22,0
13301,4,3,50249,2300,100000,41,0
13308,4,2,45727,1200,50000,33,0
13314,4,3,27467,0,30000,26,0
13339,4,2,18376,1000,390000,31,0
13341,4,2,287780,21300,350000,47,0
13370,4,2,160247,4006,150000,31,0
13389,4,2,5346,5000,20000,45,1
13390,4,2,1689,0,340000,36,1
13391,4,2,22083,5,60000,25,0
13401,4,2,47429,0,50000,32,0
13406,4,2,45363,0,50000,43,0
13407,4,2,2400,0,10000,23,0
13410,4,2,44508,0,100000,48,0
13415,4,2,38008,9497,240000,34,0
13418,4,3,14424,2000,50000,32,0
13422,4,2,75557,2700,100000,29,0
13429,4,2,51319,300,50000,22,0
13431,4,2,23534,2000,50000,41,0
13439,4,2,16091,2000,60000,30,0
13441,4,2,34766,0,40000,23,0
13445,4,2,215392,8000,320000,48,0
13451,4,2,15264,0,40000,53,0
13455,4,2,30175,0,30000,22,0
13456,4,2,100214,0,140000,34,0
13479,4,2,16327,1000,30000,43,0
13480,4,2,171245,0,390000,41,0
13487,4,2,10403,1500,20000,26,0
13489,4,3,62271,2500,80000,26,0
13499,4,2,101204,0,180000,41,0
13501,4,2,45563,1600,140000,36,0
13505,4,2,14686,2100,50000,35,1
13517,4,2,25470,1301,60000,49,0
13527,4,2,62290,3000,290000,29,0
13529,4,2,15617,0,20000,31,0
13546,4,2,29920,0,160000,39,0
13562,4,4,337495,0,320000,46,0
13570,4,2,18586,1000,50000,55,0
13576,4,2,9900,0,40000,26,0
13584,4,2,919,0,180000,48,1
13585,4,2,43813,0,50000,23,0
13606,4,2,34370,1300,50000,27,0
13624,4,5,4003,0,10000,23,1
13628,4,2,30453,1000,30000,25,0
13636,4,7,23845,0,20000,36,0
13641,4,2,18801,1023,20000,22,0
13648,4,2,165,165,120000,30,1
13654,4,2,46732,1100,50000,36,0
13656,4,2,17509,1000,30000,29,0
13675,4,3,13808,0,30000,35,0
13681,4,2,29420,0,90000,38,0
13697,4,2,28116,2900,30000,49,0
13712,4,2,2500,0,200000,30,0
13713,4,7,20496,0,20000,40,0
13717,4,2,43930,1700,100000,38,0
13718,4,2,57550,2000,70000,30,0
13720,4,2,27536,1400,30000,27,0
13737,4,2,29058,0,30000,27,0
13739,4,2,26449,2201,30000,22,0
13740,4,2,2400,0,40000,43,0
13744,4,2,2497,0,260000,29,0
13745,4,2,26325,5000,100000,58,0
13750,4,2,7439,12454,130000,33,1
13776,4,2,5397,54554,350000,43,1
13777,4,2,42779,1424,50000,26,0
13779,4,2,25038,1100,30000,25,0
13784,4,4,8270,0,10000,22,0
13786,4,2,33444,1400,240000,35,0
13792,4,2,13536,2040,20000,22,0
13798,4,2,38049,1100,30000,33,0
13803,4,2,48161,2000,50000,46,0
13804,4,2,20202,0,20000,39,0
13811,4,2,12605,1000,40000,47,0
13830,4,2,29586,1331,30000,26,0
13840,4,2,110,110,200000,32,1
13852,4,2,27206,2000,30000,39,0
13858,4,3,3206,0,20000,55,1
13865,4,2,12943,2700,20000,44,0
13877,4,2,7238,2310,10000,45,0
13882,4,2,9078,1500,90000,29,0
13893,4,2,20018,0,20000,26,0
13896,4,2,675,1000,20000,50,0
13898,4,3,47270,0,80000,54,0
13905,4,2,27031,2062,50000,26,0
13909,4,2,161695,6000,180000,28,0
13915,4,2,423,6024,50000,30,1
13926,4,2,1435,2236,240000,26,1
13933,4,2,14812,2137,50000,27,0
13945,4,3,76633,3400,90000,32,0
13952,4,2,129388,5000,130000,34,0
13958,4,3,16635,0,20000,33,0
13961,4,2,111960,6781,120000,38,0
13963,4,2,26400,0,30000,54,0
13967,4,2,2400,0,40000,55,0
13968,4,2,176063,7632,180000,34,0
13974,4,3,3964,10,250000,41,0
13988,4,2,50316,3600,50000,63,0
13992,4,2,197039,8000,230000,46,0
13993,4,2,17244,2000,20000,30,0
13995,4,3,598,0,160000,36,1
13998,4,2,61693,15000,90000,31,0
14018,4,2,29133,0,50000,45,0
14023,4,2,29893,1957,30000,22,0
14025,4,2,48275,7775,50000,50,0
14037,4,3,11045,21,20000,25,1
14045,4,2,72329,3300,80000,45,0
14063,4,3,12404,500,30000,26,0
14067,4,2,146921,0,140000,39,0
14075,4,2,55407,10000,90000,28,0
14081,4,2,1261,390,30000,24,0
14082,4,2,82956,3000,80000,41,0
14085,4,2,78669,0,200000,36,0
14086,4,2,182982,7000,240000,39,0
14097,4,2,13668,0,20000,61,0
14099,4,2,20043,2505,20000,45,0
14118,4,2,48458,1400,190000,37,0
14129,4,2,148,620,100000,34,1
14133,4,2,211137,8240,220000,33,0
14141,4,2,20643,19000,240000,27,0
14149,4,2,17469,1576,20000,23,0
14151,4,2,46565,1906,50000,41,0
14152,4,2,1683,2924,20000,43,0
14162,4,3,10386,0,50000,25,1
14163,4,2,18705,1200,230000,24,0
14170,4,2,7111,0,300000,40,1
14175,4,2,33288,0,250000,52,0
14201,4,2,18912,0,290000,26,0
14221,4,2,45669,2000,70000,42,0
14226,4,2,1050,0,50000,29,0
14227,4,2,16424,1400,20000,24,0
14232,4,2,84962,2145,80000,28,0
14234,4,2,49042,2327,50000,24,0
14245,4,2,2400,0,10000,50,0
14255,4,2,45429,1617,50000,22,0
14259,4,2,6045,1550,50000,27,0
14269,4,2,636,0,330000,32,1
14278,4,2,18342,0,20000,47,0
14281,4,2,131306,0,140000,38,0
14289,4,2,35006,0,80000,45,0
14295,4,2,1650,0,20000,24,0
14300,4,2,67397,3800,170000,32,1
14315,4,2,49484,2000,80000,60,0
14328,4,2,15509,535,20000,26,0
14330,4,2,150,0,20000,25,0
14331,4,2,11713,500,150000,46,0
14334,4,2,3057,0,50000,27,0
14341,4,2,19607,2500,30000,28,0
14346,4,2,28031,1068,30000,28,0
14355,4,2,19637,2000,20000,43,0
14356,4,2,268163,0,200000,40,0
14368,4,2,93461,4000,100000,51,0
14377,4,2,19149,5229,30000,47,0
14386,4,2,47331,2000,50000,43,0
14393,4,2,8788,0,80000,41,0
14394,4,2,12843,1227,30000,42,0
14398,4,2,15449,0,80000,54,0
14411,4,3,5792,500,10000,24,0
14415,4,2,22031,18,20000,22,0
14419,4,2,21152,0,20000,40,0
14429,4,2,1050,0,30000,25,0
14435,4,2,8322,1400,10000,32,0
14440,4,3,30190,0,50000,31,0
14446,4,2,57786,2500,60000,24,0
14468,4,2,24360,3000,60000,37,0
14471,4,2,2500,0,220000,48,0
14472,4,2,88702,3300,110000,28,0
14484,4,2,7499,1000,20000,34,0
14486,4,2,16806,2251,90000,27,0
14490,4,2,78993,23,50000,41,0
14500,4,2,47076,3000,60000,24,0
14510,4,2,27620,2000,30000,27,0
14511,4,2,8761,0,50000,52,0
14519,4,2,4078,0,20000,42,0
14542,4,2,53997,0,50000,31,0
14547,4,2,126720,5000,140000,35,0
14552,4,2,104122,3842,140000,27,0
14563,4,3,46712,0,240000,39,0
14567,4,2,179769,3000,200000,50,0
14570,4,2,5461,1000,20000,61,0
14577,4,2,107422,0,110000,25,0
14582,4,2,21121,0,130000,47,0
14589,4,5,321476,0,280000,50,0
14601,4,2,30766,0,30000,38,0
14615,4,2,142,0,10000,29,0
14620,4,2,3482,1000,80000,28,0
14624,4,2,28102,2700,30000,23,0
14631,4,2,9239,1600,10000,23,0
14634,4,4,51981,0,50000,25,0
14647,4,2,20319,0,20000,25,0
14650,4,2,167453,6800,200000,33,0
14653,4,2,15390,0,30000,25,0
14656,4,2,6837,1000,10000,42,0
14692,4,2,12272,2500,20000,28,0
14693,4,2,90486,0,170000,34,0
14696,4,2,29299,200,30000,59,0
14698,4,2,2500,0,360000,28,0
14707,4,2,36546,1500,100000,34,0
14708,4,2,21356,2500,30000,30,0
14709,4,2,59038,0,80000,37,0
14712,4,2,8287,1300,50000,22,0
14719,4,2,95336,0,200000,51,0
14721,4,2,3506,10859,360000,29,1
14723,4,2,42719,1300,80000,30,0
14752,4,3,5965,0,20000,41,0
14764,4,2,197466,0,220000,36,0
14776,4,2,60932,1680,60000,35,0
14789,4,2,200,0,30000,22,0
14794,4,2,6888,1000,20000,25,0
14797,4,2,46760,1700,50000,43,0
14803,4,2,108669,5500,140000,29,0
14806,4,2,16715,2200,20000,24,0
14808,4,3,31189,4,30000,29,0
14821,4,2,28682,0,30000,34,0
14843,4,3,4269,0,160000,28,0
14858,4,2,5691,6000,100000,30,1
14859,4,2,390,650,30000,40,1
14861,4,3,76697,0,80000,34,0
14862,4,2,2550,0,30000,24,0
14871,4,2,4982,15800,150000,44,0
14874,4,2,9059,1000,20000,23,0
14881,4,2,113572,4500,120000,32,0
14882,4,2,31713,21220,50000,34,0
14884,4,2,12897,0,20000,26,0
14892,4,2,2550,0,50000,29,0
14894,4,2,23953,0,70000,32,0
14898,4,2,75615,3000,80000,29,0
14901,4,2,1582,0,150000,37,1
14915,4,2,200,0,30000,26,0
14923,4,2,9889,700,20000,25,0
14928,4,2,780,0,50000,25,1
14933,4,2,10870,2000,20000,26,0
14942,4,2,77726,3400,100000,39,0
14951,4,2,2487,0,250000,51,0
14952,4,2,49244,82,50000,49,0
14955,4,2,16533,0,20000,40,0
14972,4,2,7052,2000,120000,30,0
14974,4,2,2395,0,30000,55,0
14977,4,2,27652,1000,30000,58,0
14981,4,2,29276,150,30000,23,0
14987,4,2,16592,2000,20000,25,0
14991,4,2,34775,142848,160000,27,0
15006,4,2,63036,2459,60000,34,0
15009,4,3,21845,0,30000,43,0
15010,4,2,47924,2200,50000,42,0
15012,4,2,47420,2500,50000,34,0
15014,4,4,16803,0,20000,40,0
15017,4,2,30406,3600,30000,42,0
15021,4,2,9423,3000,70000,45,0
15025,4,2,15843,3000,50000,45,0
15031,4,2,150565,5026,150000,46,0
15034,4,2,115764,5000,180000,36,0
15053,4,2,322808,81256,350000,34,0
15057,4,3,8790,0,20000,40,0
15063,4,2,69237,3100,100000,35,0
15072,4,2,108073,6307,110000,35,0
15073,4,2,314,291,220000,47,1
15077,4,3,15237,1000,30000,47,0
15087,4,2,149124,0,260000,35,0
15089,4,2,18555,1096,20000,37,0
15095,4,2,1644,1020,100000,35,1
15103,4,2,26441,1500,50000,40,0
15110,4,2,220847,9400,210000,44,0
15111,4,2,18217,3000,20000,50,0
15112,4,2,19170,3008,50000,50,0
15118,4,2,49942,1500,50000,48,0
15120,4,2,10143,900,20000,56,0
15127,4,2,146635,6100,160000,50,0
15129,4,2,16604,1335,30000,52,0
15137,4,2,135184,6586,190000,58,0
15139,4,2,2395,0,30000,55,0
15147,4,2,70828,7463,70000,23,0
15152,4,2,80461,37,80000,23,0
15153,4,2,26600,2006,30000,22,0
15160,4,2,69136,2000,70000,22,0
15170,4,2,9197,1000,40000,23,0
15180,4,2,63869,2368,90000,28,0
15185,4,2,17144,0,20000,25,0
15186,4,2,9634,7,30000,25,0
15188,4,2,316,632,160000,24,1
15190,4,2,78892,3500,90000,24,0
15191,4,2,300,0,30000,24,0
15194,4,2,109604,5300,110000,24,0
15202,4,2,21957,3200,50000,23,0
15219,4,2,97804,5200,110000,41,0
15226,4,2,84566,7300,90000,40,0
15227,4,2,109131,11323,130000,44,0
15229,4,2,88063,4100,130000,29,0
15232,4,2,19187,0,20000,42,0
15237,4,2,26208,3400,30000,26,0
15252,4,2,3775,2005,180000,28,0
15268,4,2,24932,0,30000,34,0
15276,4,2,730,3049,200000,30,1
15280,4,2,11456,1900,20000,46,0
15288,4,2,5155,2294,20000,28,1
15296,4,2,9263,0,30000,41,0
15307,4,2,145,0,60000,34,1
15309,4,2,14673,3200,50000,43,0
15311,4,2,13716,5028,230000,31,0
15332,4,2,316,316,180000,45,1
15343,4,2,1563,3842,180000,30,0
15351,4,2,48896,1500,50000,37,0
15354,4,2,106928,0,520000,46,0
15366,4,2,78041,3716,80000,40,0
15369,4,2,33661,2100,220000,44,0
15383,4,2,462675,15287,600000,38,0
15384,4,2,24390,0,20000,45,0
15386,4,2,168,432,90000,34,1
15395,4,2,316,316,120000,53,1
15401,4,2,31315,0,280000,49,0
15407,4,2,42196,2100,50000,53,0
15425,4,2,244583,0,360000,27,0
15428,4,2,2500,0,360000,30,0
15440,4,2,148656,6000,150000,26,0
15444,4,2,39227,0,80000,28,0
15455,4,2,9455,0,20000,23,0
15456,4,2,19322,2000,20000,24,0
15460,4,2,1823,27,200000,28,1
15462,4,2,3261,1491,20000,41,0
15470,4,2,53306,3000,120000,40,0
15476,4,2,53077,0,50000,46,0
15481,4,2,78728,3100,100000,33,0
15496,4,2,5096,1500,30000,30,0
15498,4,2,54229,3000,150000,34,0
15500,4,2,47140,3518,50000,33,0
15501,4,2,50632,0,50000,28,0
15506,4,2,46415,4690,50000,29,0
15513,4,2,20054,1500,30000,37,0
15518,4,2,15773,103,50000,41,0
15523,4,2,4724,2000,220000,39,0
15532,4,2,6848,836,240000,38,0
15537,4,2,30676,3400,50000,39,0
15543,4,2,62216,2000,250000,40,0
15551,4,2,17334,0,20000,36,0
15556,4,2,2522,0,20000,37,0
15559,4,2,49808,0,60000,38,0
15571,4,2,60580,5900,130000,40,0
15581,4,2,29086,5000,250000,52,0
15586,4,2,74850,3400,500000,50,0
15594,4,2,467150,0,600000,53,0
15598,4,2,9202,2000,20000,22,0
15615,4,2,93769,3420,100000,30,0
15627,4,2,2900,0,200000,33,1
15629,4,2,1073,2323,90000,37,1
15652,4,2,87502,7300,90000,39,0
15664,4,2,7653,1201,10000,55,0
15667,4,2,133178,6000,130000,27,0
15673,4,2,11940,0,30000,31,0
15674,4,2,380,760,200000,32,1
15675,4,2,1600,94,550000,31,0
15678,4,2,23397,0,30000,26,0
15684,4,2,14043,1600,20000,28,0
15700,4,4,21054,0,20000,31,0
15701,4,2,190103,10000,400000,32,0
15708,4,2,1746,3677,370000,39,0
15733,4,2,6425,1050,50000,30,0
15736,4,2,48210,2310,50000,30,0
15741,4,2,145941,0,140000,27,0
15745,4,2,38195,2145,30000,22,0
15747,4,2,27228,1500,30000,23,0
15748,4,2,94043,5000,100000,22,0
15749,4,2,16219,1674,20000,23,0
15753,4,2,200,0,30000,22,0
15758,4,2,81521,4001,80000,22,0
15760,4,2,27812,1700,130000,22,0
15763,4,2,61026,0,60000,23,0
15764,4,2,93267,4300,100000,23,0
15766,4,2,10533,0,30000,22,0
15767,4,3,6498,500,10000,22,0
15773,4,2,30279,1500,30000,24,0
15775,4,2,51916,2400,140000,24,0
15778,4,2,9695,1000,10000,25,0
15779,4,3,12267,1500,20000,24,0
15785,4,2,46576,2120,50000,23,0
15789,4,2,30954,2074,30000,26,0
15799,4,2,51009,2080,50000,27,0
15801,4,2,33590,1600,50000,23,0
15809,4,2,87572,7690,100000,28,0
15825,4,2,3863,4500,80000,27,0
15827,4,2,47760,0,50000,27,0
15832,4,2,3800,0,50000,27,0
15840,4,2,157177,6000,160000,27,0
15844,4,2,37375,0,70000,27,0
15851,4,2,50800,4156,50000,28,0
15852,4,2,44184,1300,50000,28,0
15854,4,2,57252,0,60000,27,0
15856,4,2,116313,5700,150000,25,0
15862,4,2,16493,0,30000,29,0
15867,4,2,3126,626,240000,29,1
15868,4,2,124679,5000,110000,30,0
15872,4,2,20218,0,30000,28,0
15876,4,2,72222,3400,100000,22,0
15886,4,2,9920,1281,10000,31,0
15891,4,2,25908,1441,30000,22,0
15898,4,2,9000,9306,200000,27,0
15899,4,4,93959,0,110000,25,1
15908,4,2,98133,3515,110000,32,0
15910,4,3,42066,0,50000,28,0
15923,4,2,79440,4300,80000,29,0
15930,4,2,21584,1500,60000,32,0
15936,4,2,27183,3600,30000,25,0
15938,4,2,20539,700,50000,26,0
15940,4,3,27078,0,30000,32,0
15942,4,2,103307,5100,110000,32,0
15948,4,2,2400,0,30000,30,0
15951,4,3,49147,507,50000,31,0
15955,4,2,22283,0,50000,38,0
15958,4,2,131059,4600,200000,29,0
15965,4,2,74268,1400,50000,39,0
15970,4,2,21349,0,20000,49,0
15974,4,2,48282,2000,50000,41,0
15976,4,2,10254,5000,60000,35,0
15977,4,2,18106,2000,50000,48,0
15981,4,2,27227,3313,30000,37,0
15984,4,4,13307,3,50000,31,0
15988,4,2,30072,1600,50000,31,0
15999,4,2,269,269,60000,25,1
16001,4,2,2400,0,20000,44,0
16003,4,2,86221,2804,80000,34,0
16008,4,2,71007,3300,70000,22,0
16017,4,5,147998,0,140000,47,0
16026,4,2,6314,0,30000,35,0
16028,4,2,23250,1600,30000,41,0
16029,4,2,18766,0,50000,43,0
16032,4,2,16478,3200,20000,32,0
16036,4,2,30336,2008,170000,37,0
16039,4,2,1760,0,20000,28,1
16040,4,2,5000,0,200000,31,0
16048,4,2,17368,0,20000,26,0
16053,4,2,29824,0,30000,48,0
16064,4,2,49236,1939,50000,43,0
16065,4,2,1242,1062,90000,39,1
16067,4,3,51593,0,50000,39,0
16076,4,2,116136,5500,160000,38,0
16083,4,2,16041,1505,50000,28,0
16084,4,2,3978,0,140000,28,0
16092,4,2,94777,2924,100000,40,0
16093,4,2,26343,0,40000,37,0
16095,4,2,152630,0,160000,42,0
16096,4,2,63007,0,140000,36,0
16098,4,2,17709,0,30000,42,0
16099,4,2,25035,1600,70000,46,0
16104,4,4,2870,0,10000,37,1
16122,4,2,17246,2921,20000,30,0
16126,4,2,16374,1620,30000,34,0
16127,4,2,11076,1188,30000,37,0
16137,4,2,189976,15510,220000,37,0
16138,4,2,96172,5222,50000,36,1
16142,4,2,68108,3400,120000,39,0
16158,4,2,32875,4,30000,46,0
16178,4,2,29923,3304,50000,29,0
16189,4,2,92809,4500,130000,42,0
16191,4,2,6819,1290,10000,36,0
16212,4,2,20359,300,20000,34,0
16223,4,2,68152,5000,80000,43,0
16227,4,2,64484,0,80000,34,0
16228,4,2,29268,1468,30000,43,0
16229,4,2,7368,1122,10000,37,0
16236,4,3,52331,3000,70000,41,0
16237,4,2,50559,0,50000,43,0
16260,4,2,45617,2000,60000,40,0
16261,4,2,34896,5000,40000,49,0
16265,4,2,60047,0,70000,40,0
16275,4,2,1258,2253,200000,31,1
16285,4,2,84054,3,80000,34,0
16287,4,2,147833,6130,150000,34,0
16290,4,2,97551,8900,100000,41,0
16291,4,2,185105,9021,190000,43,0
16300,4,2,10273,0,10000,45,0
16305,4,3,29545,0,30000,33,0
16306,4,2,3273,1000,50000,33,0
16310,4,2,39951,0,100000,34,0
16331,4,2,22490,5000,30000,45,0
16340,4,2,15246,3141,30000,43,0
16344,4,2,195441,8597,200000,35,0
16347,4,2,390,3450,70000,45,0
16348,4,2,156646,6300,220000,33,0
16358,4,2,17855,0,30000,34,0
16360,4,2,16968,3742,230000,32,0
16375,4,2,19377,1700,80000,42,0
16376,4,2,5466,0,150000,35,0
16377,4,2,12727,0,30000,48,0
16380,4,2,30406,1700,30000,46,0
16383,4,2,210,0,120000,36,1
16384,4,2,17898,1800,20000,46,0
16390,4,2,34093,4000,90000,29,0
16401,4,2,9775,2500,10000,44,0
16416,4,2,19881,1500,50000,36,0
16432,4,2,34601,0,110000,52,0
16440,4,2,50838,1883,80000,51,0
16442,4,2,264,264,300000,50,1
16452,4,2,15565,1600,30000,56,0
16455,4,2,65347,3000,80000,56,0
16456,4,2,98462,5000,100000,52,0
16459,4,2,6925,1600,20000,54,0
16464,4,2,7419,0,50000,53,0
16470,4,2,18598,1379,30000,53,0
16478,4,2,49402,2100,80000,54,0
16480,4,2,10803,1204,20000,56,0
16490,4,2,1050,0,30000,22,0
16496,4,2,92262,8000,120000,25,0
16498,4,3,17504,0,20000,26,0
16503,4,2,15166,0,20000,24,0
16506,4,4,8085,0,10000,22,0
16512,4,3,16283,1600,20000,24,0
16513,4,2,13233,700,100000,24,0
16515,4,2,16799,4893,20000,24,0
16516,4,2,61671,0,60000,24,0
16518,4,3,37433,2335,40000,24,0
16520,4,2,395881,15,420000,26,0
16521,4,3,14438,0,20000,26,0
16522,4,2,44802,1200,50000,25,0
16523,4,2,17261,2000,20000,23,0
16527,4,2,24334,2441,30000,25,0
16536,4,2,40213,1900,50000,26,0
16541,4,2,21637,1682,30000,27,0
16542,4,2,47992,1842,50000,27,0
16543,4,3,4150,0,10000,27,0
16544,4,2,7777,1158,20000,28,0
16549,4,2,17328,2400,20000,30,0
16555,4,2,2300,0,10000,30,0
16559,4,2,1650,0,30000,27,0
16560,4,2,187341,15000,310000,29,0
16567,4,2,11103,3000,20000,29,0
16568,4,2,62067,3000,80000,29,0
16572,4,3,5731,600,10000,25,0
16577,4,2,93363,0,70000,28,0
16579,4,2,24560,5000,30000,29,0
16582,4,4,1800,0,20000,29,0
16591,4,3,11601,1000,70000,25,0
16592,4,2,26703,1459,80000,31,0
16593,4,2,34730,2000,70000,29,0
16594,4,2,150,0,20000,28,0
16595,4,2,619,8642,10000,28,1
16599,4,2,8119,1176,10000,30,0
16603,4,2,67871,2600,80000,29,0
16613,4,2,70071,0,130000,27,0
16616,4,2,9629,1175,150000,39,0
16621,4,2,50821,2343,50000,39,0
16623,4,2,17699,0,50000,30,0
16626,4,2,31753,1900,50000,32,0
16632,4,2,30268,0,30000,35,0
16634,4,2,21679,0,50000,25,0
16635,4,2,10148,0,30000,34,0
16641,4,2,13996,1000,20000,31,0
16643,4,2,6887,3000,50000,33,0
16650,4,2,10487,2800,50000,46,0
16652,4,2,19596,3005,30000,42,0
16663,4,2,156752,0,160000,28,0
16668,4,2,17328,3309,20000,32,0
16673,4,2,772,8,100000,34,1
16679,4,2,13591,1244,30000,41,0
16680,4,2,69412,0,140000,32,0
16682,4,2,26184,3500,50000,41,0
16684,4,2,12436,1000,20000,44,0
16687,4,2,19314,2976,20000,41,0
16689,4,2,265,0,200000,44,1
16690,4,2,84424,4300,260000,46,0
16691,4,2,86333,4000,150000,36,0
16694,4,2,164692,0,250000,35,0
16697,4,2,40793,3949,50000,44,0
16698,4,2,79337,6200,80000,40,0
16700,4,4,216591,0,220000,47,0
16701,4,2,13091,0,120000,39,1
16711,4,2,18015,0,30000,41,0
16714,4,2,187089,7100,220000,39,0
16718,4,2,390,390,30000,36,1
16723,4,2,163494,6000,220000,47,0
16727,4,2,35369,1027,60000,31,0
16728,4,2,24229,2000,80000,33,0
16730,4,2,34824,0,50000,34,0
16733,4,2,258208,0,240000,42,0
16744,4,3,49089,1266,50000,39,0
16749,4,3,86708,4500,150000,36,0
16752,4,3,26886,0,30000,35,0
16754,4,2,10305,0,80000,36,0
16765,4,2,61987,4000,120000,42,0
16768,4,2,21774,2000,100000,35,0
16769,4,2,150,0,50000,35,0
16771,4,2,37380,1706,40000,38,0
16772,4,2,170196,6100,190000,39,0
16773,4,2,10094,1201,10000,39,0
16779,4,2,213264,7500,240000,45,0
16782,4,2,15695,3000,60000,31,0
16786,4,2,44522,0,60000,29,0
16789,4,2,2379,0,30000,37,0
16790,4,2,179399,8000,220000,39,0
16797,4,2,14459,6000,20000,34,0
16799,4,4,10399,0,10000,41,0
16800,4,2,8271,3000,20000,47,0
16802,4,2,15119,3108,20000,35,0
16807,4,2,16181,2000,50000,49,0
16813,4,2,69025,6600,100000,40,0
16823,4,2,9296,2676,20000,38,0
16833,4,2,18639,2000,20000,43,0
16834,4,2,9164,0,10000,45,0
16835,4,2,10415,0,50000,29,0
16839,4,2,17332,0,30000,43,0
16846,4,2,47949,2058,50000,40,0
16848,4,2,60114,4817,100000,45,0
16850,4,2,113358,14779,150000,41,0
16854,4,2,600,0,80000,36,0
16857,4,3,157719,2000,150000,45,0
16859,4,2,57384,3200,160000,47,0
16865,4,2,69707,4000,30000,38,0
16868,4,2,26214,3383,400000,38,0
16870,4,4,15015,1600,20000,36,0
16871,4,2,108481,4308,110000,36,0
16872,4,3,30588,0,30000,31,0
16881,4,2,25376,4600,50000,39,0
16890,4,2,36858,0,150000,37,0
16896,4,2,48342,2065,50000,45,0
16901,4,2,33993,2077,50000,38,0
16915,4,2,12571,0,20000,50,0
16920,4,2,37530,2000,50000,52,0
16926,4,2,23144,5637,30000,52,0
16933,4,2,2255,0,20000,53,0
16934,4,2,7251,1088,80000,53,0
16938,4,2,19074,0,20000,59,0
16950,4,2,10726,1000,50000,58,0
16951,4,2,8150,1281,10000,50,0
16957,4,4,208784,8000,270000,50,0
16961,4,2,44489,2000,50000,48,0
16964,4,2,56839,2700,110000,54,0
16968,4,2,3186,6210,130000,57,1
16971,4,3,30224,0,30000,54,0
16975,4,2,41387,1685,60000,29,0
16978,4,3,27977,0,30000,30,0
16980,4,2,28852,1700,30000,35,0
16992,4,2,40362,0,50000,22,0
16996,4,4,15410,0,30000,23,0
17005,4,2,18487,4042,50000,22,0
17009,4,2,50388,2200,50000,24,0
17012,4,2,70543,2407,70000,23,0
17016,4,2,49259,1800,80000,24,0
17022,4,2,4215,1103,50000,22,0
17026,4,2,27873,0,30000,22,0
17031,4,2,41632,3509,50000,22,0
17032,4,2,42755,2100,50000,23,0
17034,4,2,2400,0,10000,23,0
17040,4,2,95285,3800,100000,24,0
17044,4,2,47830,2100,50000,26,0
17049,4,3,33866,0,60000,24,0
17051,4,2,24544,5600,30000,22,0
17056,4,2,40189,3900,50000,22,0
17058,4,2,29008,1687,30000,22,0
17065,4,2,19079,1300,70000,24,0
17077,4,2,86918,4000,100000,24,0
17087,4,4,29944,206,30000,23,0
17090,4,2,79989,3500,80000,25,0
17092,4,2,21220,0,30000,25,0
17101,4,2,150,0,60000,24,0
17102,4,2,28534,1831,30000,25,0
17112,4,2,19210,1500,20000,26,0
17122,4,2,26648,1600,30000,27,0
17130,4,2,23787,0,80000,24,0
17134,4,2,15450,1696,20000,27,0
17141,4,2,34636,1900,50000,25,0
17149,4,2,18492,3000,50000,27,0
17154,4,2,85753,4000,90000,27,0
17155,4,2,20271,0,20000,29,0
17156,4,2,8601,2405,30000,26,0
17160,4,2,174134,16,210000,27,0
17172,4,2,4922,1257,10000,27,0
17175,4,2,258503,0,250000,29,0
17181,4,2,147384,0,150000,28,0
17189,4,5,13815,86,20000,31,1
17190,4,2,17361,1304,60000,28,0
17191,4,2,57988,2800,80000,29,0
17202,4,2,379486,16000,390000,27,0
17204,4,2,46376,0,50000,29,0
17208,4,3,33202,2000,50000,27,0
17209,4,2,37509,5000,50000,28,0
17214,4,2,12243,4200,50000,24,0
17217,4,2,780,0,360000,30,1
17224,4,2,16474,1300,20000,26,0
17231,4,2,97284,4700,100000,39,0
17233,4,2,5753,4000,10000,46,0
17235,4,2,23339,0,80000,35,0
17236,4,2,23273,1600,40000,39,0
17237,4,2,91839,3273,90000,40,0
17240,4,2,2400,0,10000,41,0
17241,4,2,73213,3000,70000,34,0
17245,4,2,50039,0,50000,36,0
17247,4,2,50253,2424,50000,37,0
17248,4,2,2500,0,360000,31,0
17249,4,4,18087,0,20000,38,0
17252,4,2,15283,1700,20000,37,0
17253,4,2,153994,0,150000,39,0
17255,4,2,24549,3000,80000,29,0
17256,4,3,19727,1800,60000,47,0
17259,4,2,75377,3475,100000,41,0
17269,4,2,25154,4500,50000,33,0
17279,4,2,44654,2000,50000,34,0
17290,4,2,41265,2000,170000,40,0
17295,4,3,29280,1700,30000,31,0
17310,4,2,99340,3039,100000,42,0
17315,4,2,39724,2143,40000,30,0
17316,4,2,46783,2000,50000,30,0
17317,4,2,19369,1280,50000,39,0
17319,4,3,97592,5400,120000,25,0
17320,4,2,144095,0,200000,25,0
17324,4,2,154983,5012,140000,31,0
17325,4,5,79529,0,150000,32,0
17350,4,2,74901,3000,100000,44,0
17352,4,2,12998,1000,20000,43,0
17359,4,2,29366,0,120000,42,0
17361,4,2,84029,3000,150000,36,0
17362,4,2,3020,0,100000,42,0
17364,4,2,48142,1000,50000,36,0
17375,4,2,48101,2400,50000,46,0
17376,4,2,253462,9754,350000,31,0
17387,4,3,16537,300,20000,48,0
17394,4,2,42674,4000,100000,46,0
17396,4,2,74192,0,80000,29,0
17403,4,2,6024,116,50000,46,0
17414,4,2,16039,1600,30000,47,0
17416,4,2,78125,1378,70000,43,0
17421,4,2,33017,0,200000,46,0
17432,4,2,5941,2869,20000,31,0
17442,4,2,28878,1751,30000,34,0
17446,4,2,228443,10698,260000,39,0
17447,4,2,28703,1300,30000,43,0
17453,4,2,12749,1600,20000,46,0
17454,4,2,6728,8000,320000,36,1
17474,4,2,189,3510,10000,46,0
17478,4,2,13616,3000,60000,30,0
17483,4,2,2500,0,250000,33,0
17484,4,2,49594,4800,50000,32,0
17485,4,2,51505,3500,120000,39,0
17486,4,2,24064,1600,50000,41,0
17490,4,2,1442,8513,400000,48,1
17499,4,2,9912,0,10000,33,0
17513,4,2,24644,1800,40000,33,0
17517,4,2,28613,1500,90000,32,0
17524,4,2,7569,2000,200000,37,0
17526,4,2,25883,0,110000,41,0
17541,4,2,31379,3000,100000,36,0
17542,4,2,15617,1285,20000,37,0
17548,4,2,40650,1750,110000,38,0
17550,4,2,41408,2180,50000,35,0
17551,4,2,181236,8600,200000,40,0
17559,4,2,13923,3500,30000,45,0
17582,4,2,28117,2000,30000,42,0
17586,4,3,14769,1000,20000,39,0
17587,4,2,696,1399,160000,31,1
17588,4,2,22102,1500,70000,38,0
17592,4,3,19833,1700,20000,43,0
17609,4,2,57400,1379,70000,38,0
17613,4,2,150151,3,180000,32,0
17615,4,2,41687,2000,80000,30,0
17619,4,3,4693,0,80000,32,1
17620,4,2,125175,5200,180000,33,0
17623,4,2,28312,1900,30000,31,0
17629,4,2,316,316,120000,29,1
17635,4,2,58920,3000,80000,30,0
17639,4,2,94114,5000,260000,30,0
17650,4,2,120452,12200,130000,47,0
17654,4,2,8689,0,10000,46,0
17660,4,4,30108,0,30000,44,0
17664,4,2,53262,2006,80000,40,0
17668,4,2,94153,10000,100000,30,0
17688,4,2,53185,3300,70000,35,0
17694,4,2,8114,2479,20000,42,0
17703,4,2,5601,0,60000,35,0
17713,4,2,17023,2000,90000,44,0
17715,4,2,600,0,10000,50,0
17725,4,2,29688,159,30000,50,0
17733,4,2,50774,0,50000,60,0
17735,4,2,66757,12000,290000,58,0
17737,4,2,11137,6000,110000,52,0
17740,4,2,316,0,110000,55,1
17742,4,3,632,0,200000,63,1
17747,4,2,10746,2993,30000,58,0
17748,4,2,24770,2000,30000,54,0
17750,4,2,3475,1100,10000,52,1
17757,4,2,2400,0,10000,51,0
17763,4,2,153171,6103,150000,64,0
17764,4,3,24466,300,30000,56,0
17775,4,2,94938,0,110000,54,0
17776,4,2,87851,0,100000,58,0
17779,4,4,56998,3601,60000,59,0
17786,4,2,323125,2100,310000,62,0
17788,4,3,27682,1459,50000,64,0
17790,4,2,390,390,20000,27,1
17796,4,2,351295,13033,470000,54,0
17802,4,2,28224,1800,30000,23,0
17809,4,2,1050,0,10000,24,0
17811,4,2,24924,0,50000,24,0
17813,4,2,6571,2500,10000,22,0
17822,4,2,15934,1500,50000,25,0
17833,4,4,30752,0,30000,24,0
17837,4,2,101402,6600,110000,24,0
17843,4,2,16276,1000,20000,24,0
17845,4,3,21081,25,20000,26,0
17847,4,2,200055,7500,200000,26,0
17852,4,2,15615,3000,20000,26,0
17863,4,2,2400,0,10000,26,0
17864,4,3,14252,0,30000,26,0
17867,4,2,1149,39674,90000,26,1
17872,4,2,27223,1000,70000,28,0
17875,4,2,2400,0,30000,30,0
17889,4,2,174842,0,240000,33,0
17897,4,3,40568,7,40000,27,0
17901,4,2,51400,0,50000,28,0
17904,4,2,400,0,50000,29,0
17905,4,2,4909,2000,20000,29,0
17907,4,2,62197,0,60000,28,0
17909,4,2,70650,3000,130000,34,0
17916,4,2,39589,1500,50000,32,0
17919,4,2,89273,4100,120000,33,0
17922,4,2,82781,5000,100000,29,0
17925,4,2,26640,0,40000,44,0
17927,4,2,1050,0,10000,40,0
17941,4,2,44325,2051,70000,44,0
17951,4,3,92126,5000,200000,43,0
17952,4,2,139482,6513,170000,36,0
17960,4,2,65537,5500,80000,33,0
17967,4,2,6559,1500,20000,31,0
17969,4,2,6496,9511,450000,34,1
17974,4,3,21657,0,30000,33,0
17975,4,2,5422,1107,20000,35,0
17987,4,3,3360,10,240000,38,1
17989,4,2,42850,3900,50000,48,0
18000,4,2,13692,1000,30000,36,0
18001,4,2,101325,0,160000,37,0
18004,4,2,37611,0,70000,33,0
18006,4,2,30034,0,90000,39,0
18009,4,2,84423,4008,90000,41,0
18011,4,2,18917,1700,30000,46,0
18020,4,2,121877,0,130000,48,0
18027,4,2,124233,5000,180000,38,0
18034,4,2,199262,18000,280000,32,0
18039,4,2,50747,0,400000,39,0
18040,4,4,30467,0,30000,45,0
18042,4,2,71627,2986,70000,40,0
18043,4,2,44434,1980,110000,42,0
18048,4,2,780,0,50000,30,1
18059,4,4,52946,0,50000,37,0
18063,4,2,14667,6828,50000,31,0
18067,4,2,74645,3200,100000,38,0
18068,4,2,39489,1820,30000,44,0
18072,4,2,49446,1500,60000,36,0
18073,4,2,9069,2000,10000,29,0
18074,4,2,88492,30,110000,34,0
18082,4,2,78965,2600,100000,41,0
18086,4,2,2183,13,130000,33,0
18095,4,2,1050,0,20000,42,0
18097,4,3,173,1400,250000,41,1
18100,4,4,25305,0,30000,39,0
18110,4,3,42455,3400,120000,43,0
18111,4,2,69480,0,110000,48,0
18117,4,2,6355,1500,60000,42,0
18136,4,2,1050,0,10000,46,0
18150,4,2,301861,9950,310000,32,0
18158,4,2,17089,0,20000,35,0
18159,4,2,87705,4800,210000,41,0
18170,4,2,32232,4000,60000,38,0
18177,4,2,1742,0,20000,61,0
18193,4,2,36303,2000,70000,39,0
18199,4,2,10177,600,20000,40,0
18217,4,2,128953,4940,120000,51,0
18222,4,2,13264,6180,20000,49,0
18224,4,2,1645,1656,360000,49,0
18226,4,2,8947,1200,80000,53,0
18228,4,2,53878,2000,100000,56,0
18229,4,3,16505,1300,20000,62,0
18230,4,2,34205,5500,50000,54,0
18242,4,2,19259,3100,190000,50,0
18244,4,2,15516,3100,20000,49,0
18247,4,2,47597,2100,50000,54,0
18251,4,2,28682,1803,30000,52,0
18257,4,3,7662,1000,10000,54,0
18258,4,2,390,780,210000,66,1
18260,4,4,18040,0,20000,61,0
18272,4,2,22820,1500,30000,58,0
18278,4,2,37196,0,180000,58,0
18279,4,2,45386,2000,170000,59,0
18281,4,2,4803,1215,200000,54,0
18292,4,2,390,814,80000,33,1
18297,4,2,15350,1343,20000,31,0
18315,4,2,18840,0,20000,31,0
18336,4,2,6643,1500,20000,22,0
18343,4,2,13081,0,20000,21,0
18347,4,2,15162,1276,20000,22,0
18348,4,2,50497,1663,50000,22,0
18352,4,4,8350,0,20000,22,0
18359,4,2,15757,1000,20000,22,0
18360,4,2,41140,1580,50000,22,0
18361,4,2,9094,43460,60000,23,0
18371,4,2,15955,0,30000,23,0
18376,4,2,29332,0,60000,23,0
18382,4,2,20942,3100,30000,28,0
18384,4,2,49548,1700,50000,22,0
18394,4,2,13558,2000,90000,24,0
18397,4,2,19650,0,20000,24,1
18420,4,2,27559,4000,30000,22,0
18426,4,3,63031,3000,70000,23,0
18433,4,3,308506,6000,250000,27,0
18438,4,2,13281,1000,30000,26,0
18444,4,3,83160,0,100000,24,0
18445,4,2,19043,0,20000,26,0
18450,4,2,1514,1198,20000,26,0
18451,4,2,2949,1795,100000,26,0
18455,4,2,51190,0,50000,26,0
18480,4,2,133293,6867,130000,25,0
18493,4,2,2488,24419,60000,24,1
18514,4,2,27073,1460,60000,24,0
18515,4,2,26353,0,30000,25,0
18519,4,2,27255,0,40000,26,0
18533,4,2,570,0,50000,27,0
18537,4,2,81373,0,80000,26,0
18540,4,2,12228,1005,20000,25,0
18555,4,2,5177,1206,70000,25,0
18580,4,2,13272,1560,30000,25,0
18581,4,2,29697,3513,30000,24,0
18592,4,2,15995,4000,20000,22,0
18610,4,2,47087,2800,80000,25,0
18623,4,2,42244,2000,50000,27,0
18626,4,2,32320,1900,50000,26,0
18629,4,4,50667,2500,190000,26,0
18635,4,2,390,390,50000,27,1
18656,4,2,49092,5000,90000,26,0
18657,4,2,88520,4100,90000,26,0
18658,4,2,76895,4500,80000,27,0
18659,4,2,33815,0,40000,28,0
18680,4,2,5951,3000,230000,30,0
18687,4,2,60791,0,60000,28,0
18688,4,2,51587,2500,60000,28,0
18689,4,2,6198,1025,360000,28,1
18693,4,2,1574,0,130000,25,1
18695,4,2,72156,111,150000,26,0
18707,4,2,29770,1825,100000,28,0
18708,4,2,40507,1970,50000,28,0
18719,4,2,41087,2007,70000,26,0
18720,4,2,91430,7,90000,26,0
18721,4,2,54921,2000,130000,27,0
18726,4,2,98017,4400,140000,28,0
18732,4,2,82885,0,80000,23,0
18736,4,2,52281,4545,70000,25,0
18737,4,2,49013,1828,80000,25,0
18739,4,2,4053,1405,30000,25,1
18748,4,2,12562,0,130000,25,0
18749,4,2,61417,2400,60000,26,0
18758,4,2,153276,6085,160000,30,0
18759,4,2,187,6270,230000,30,1
18771,4,2,5432,1136,50000,26,1
18774,4,2,22085,2000,50000,27,0
18782,4,2,20693,15015,200000,30,0
18794,4,2,97248,4500,120000,29,0
18811,4,2,2720,4885,70000,27,1
18827,4,2,11607,3412,80000,24,0
18841,4,2,4686,1000,190000,27,0
18852,4,5,27805,0,30000,30,0
18868,4,7,194309,0,180000,28,0
18869,4,2,23906,0,320000,28,0
18870,4,2,4693,2500,50000,28,1
18875,4,2,5006,0,120000,26,0
18891,4,2,196807,9025,200000,28,0
18893,4,2,167214,16000,200000,28,0
18900,4,2,5689,3000,180000,28,0
18911,4,2,600,0,110000,29,0
18914,4,3,47923,0,50000,28,0
18915,4,2,58467,3000,120000,28,0
18919,4,2,159438,8150,190000,28,0
18926,4,2,26002,2000,30000,29,0
18929,4,2,9370,0,90000,29,0
18935,4,2,34742,0,60000,28,0
18937,4,2,59121,5229,60000,28,0
18947,4,2,5391,1300,220000,30,0
18948,4,2,139756,5400,290000,32,0
18951,4,2,32359,2000,30000,23,0
18952,4,3,7966,1642,40000,23,0
18958,4,2,115647,9000,140000,28,0
18962,4,2,66567,3200,100000,29,0
18973,4,2,48856,1831,100000,28,0
18989,4,3,95434,4400,100000,30,0
18992,4,2,73190,0,70000,32,0
19022,4,2,44019,2000,60000,34,0
19024,4,2,27204,2000,30000,42,0
19026,4,2,215231,54,440000,28,0
19033,4,2,25608,3600,30000,34,0
19036,4,2,25330,2000,50000,41,0
19040,4,2,15374,1300,30000,26,0
19043,4,2,17461,0,70000,23,0
19050,4,4,101614,1900,100000,30,0
19051,4,2,18702,2346,20000,30,0
19053,4,2,15252,3103,20000,26,0
19056,4,2,52163,0,70000,35,0
19058,4,2,88596,4950,100000,25,0
19065,4,2,30109,0,30000,31,0
19066,4,2,68660,3126,80000,32,0
19070,4,2,27160,0,30000,35,0
19076,4,2,145908,6000,170000,39,0
19078,4,2,41495,2000,90000,40,0
19084,4,2,26021,0,70000,32,0
19088,4,2,55607,2700,50000,29,0
19089,4,2,19403,2072,20000,27,1
19092,4,2,42816,1000,50000,31,0
19099,4,2,70232,3278,80000,27,0
19101,4,2,6364,1800,20000,28,0
19104,4,3,35385,0,50000,40,0
19116,4,2,7438,6245,30000,36,0
19126,4,2,5624,5333,120000,39,1
19130,4,2,32202,1802,60000,44,0
19131,4,2,17414,0,90000,30,0
19134,4,2,49378,0,50000,34,0
19146,4,2,64785,0,100000,40,0
19150,4,2,19913,0,70000,36,0
19168,4,2,51016,5000,200000,33,0
19179,4,2,100094,3582,180000,41,0
19190,4,2,116014,5000,200000,43,0
19195,4,1,385726,74,380000,33,0
19201,4,2,13189,2000,20000,46,0
19207,4,2,26966,1400,30000,25,0
19213,4,2,91196,4400,90000,31,0
19215,4,3,108189,8000,150000,34,0
19221,4,2,30628,22,30000,47,0
19245,4,2,2052,1281,100000,42,1
19247,4,2,37516,2000,100000,38,0
19249,4,2,3855,4000,220000,36,0
19250,4,2,2650,0,220000,38,1
19259,4,2,20529,4000,30000,33,0
19261,4,2,127168,4500,250000,29,0
19265,4,2,31596,1700,70000,47,0
19271,4,4,30499,0,30000,43,0
19316,4,2,150,0,110000,41,0
19318,4,2,20088,0,50000,44,0
19323,4,6,76247,880,60000,38,0
19345,4,2,14805,1595,20000,48,0
19347,4,2,14509,5166,20000,31,0
19352,4,2,62139,0,120000,40,0
19359,4,2,151368,0,160000,31,0
19382,4,2,17664,3300,90000,37,0
19384,4,2,6426,4000,90000,47,0
19386,4,4,20168,0,180000,29,0
19389,4,2,77773,2900,80000,38,0
19409,4,2,161852,8000,210000,36,0
19432,4,2,3932,1057,240000,27,0
19442,4,2,1330,909,30000,45,0
19445,4,2,29546,2000,30000,23,0
19453,4,2,14050,0,270000,32,0
19461,4,2,66276,6124,70000,33,0
19466,4,2,31348,8,30000,40,0
19471,4,2,19867,1500,30000,31,0
19472,4,2,15548,0,180000,32,0
19485,4,2,99028,0,100000,46,0
19486,4,2,491801,1803,280000,46,0
19489,4,2,108784,4800,150000,37,0
19490,4,2,140191,6000,180000,42,0
19521,4,2,20946,3500,30000,35,0
19523,4,2,19316,1646,50000,28,0
19533,4,3,400246,0,380000,41,0
19534,4,3,8974,200,40000,43,0
19546,4,2,135846,5000,160000,28,0
19552,4,2,15915,1736,30000,46,0
19557,4,2,18274,0,30000,29,0
19566,4,2,3908,0,80000,47,1
19578,4,2,52462,4327,80000,45,0
19588,4,2,15370,1500,40000,30,0
19596,4,2,289358,13000,430000,42,0
19617,4,2,184761,0,270000,30,0
19630,4,2,990,990,130000,45,1
19637,4,2,2730,3647,120000,29,1
19640,4,2,79532,2200,90000,31,0
19641,4,2,17405,1500,60000,32,0
19645,4,2,10104,1610,300000,30,1
19650,4,2,122519,4000,180000,33,0
19655,4,2,1095,2190,160000,33,1
19657,4,2,1570,0,100000,33,1
19658,4,2,48475,2039,50000,33,0
19660,4,2,22578,1397,50000,33,0
19671,4,2,57244,2400,60000,44,0
19677,4,2,390,390,80000,40,1
19687,4,2,30399,2000,30000,39,0
19693,4,2,2378,2000,50000,37,1
19698,4,2,65069,3000,120000,38,0
19700,4,2,46863,2010,50000,48,0
19708,4,3,23498,1400,40000,24,0
19712,4,3,4488,0,220000,29,0
19717,4,2,11576,3000,430000,34,0
19727,4,2,134790,6500,300000,30,0
19738,4,2,49317,2000,50000,35,0
19740,4,3,63192,0,50000,46,0
19743,4,2,6233,1283,20000,43,1
19752,4,2,2464,7156,80000,47,1
19753,4,2,11596,0,20000,41,0
19762,4,2,246,0,100000,34,1
19766,4,2,49799,2098,50000,39,0
19771,4,2,22194,1400,30000,37,0
19783,4,2,40218,3115,50000,37,0
19802,4,2,1651,179,10000,41,1
19810,4,2,13502,900,30000,47,0
19815,4,2,92058,8806,100000,45,0
19821,4,2,2881,0,200000,46,1
19825,4,3,9836,1000,20000,46,0
19832,4,2,154026,7600,80000,36,0
19840,4,2,19608,3321,50000,49,0
19843,4,2,181700,0,250000,40,0
19844,4,2,104687,10800,120000,35,0
19845,4,2,11232,9173,490000,37,0
19856,4,2,70254,2800,70000,38,0
19862,4,2,48900,2200,50000,27,0
19866,4,2,16103,4250,100000,33,0
19896,4,2,4647,1399,170000,32,0
19899,4,2,71473,3572,130000,33,0
19907,4,2,88637,4458,100000,42,0
19926,4,2,326,326,80000,34,1
19936,4,2,50017,0,50000,31,0
19961,4,2,2735,0,20000,46,0
19983,4,2,5000,0,300000,47,0
19991,4,2,430,29425,150000,32,1
19992,4,2,49307,1500,70000,33,0
20000,4,2,842,14015,240000,37,1
20002,4,2,1151,1151,100000,38,0
20014,4,2,2570,27036,350000,42,1
20032,4,2,241976,10949,240000,36,0
20034,4,2,18329,1414,20000,32,0
20047,4,2,1225,0,100000,41,1
20070,4,2,4534,2000,360000,38,0
20095,4,3,51081,2100,80000,33,0
20130,4,2,141836,1003,140000,42,0
20141,4,2,8625,3000,50000,35,0
20147,4,3,24046,1200,50000,42,0
20149,4,2,50523,2500,50000,36,0
20164,4,4,19635,0,50000,42,0
20177,4,2,214261,8000,200000,37,0
20189,4,2,1600,1782,150000,33,1
20215,4,2,10431,0,30000,52,0
20221,4,2,14007,1500,100000,52,0
20224,4,2,37608,2369,70000,52,0
20225,4,2,48061,2200,50000,52,0
20231,4,2,14166,1253,20000,51,0
20236,4,2,1709,1312,200000,54,1
20239,4,2,23212,1522,30000,61,0
20255,4,2,2400,0,350000,52,0
20267,4,2,10978,700,20000,58,0
20269,4,2,18761,1700,50000,52,0
20273,4,2,92367,4100,190000,48,0
20282,4,2,22634,1082,30000,50,0
20283,4,2,39511,2000,50000,50,0
20285,4,2,29093,0,40000,55,0
20296,4,2,9371,10000,260000,52,0
20308,4,2,109067,10000,130000,53,0
20310,4,2,59106,2249,60000,55,0
20315,4,2,4305,1087,110000,55,1
20336,4,2,85437,7500,90000,54,0
20338,4,2,51213,2346,50000,61,0
20339,4,3,40194,1900,50000,58,0
20359,4,2,17751,1003,20000,22,0
20360,4,2,16562,3000,20000,22,0
20365,4,2,10106,4211,20000,22,0
20368,4,2,14110,0,20000,23,0
20373,4,2,16211,1100,20000,22,0
20374,4,2,6760,2400,10000,22,0
20380,4,3,19839,0,20000,24,0
20382,4,2,7327,0,10000,24,0
20385,4,2,87700,2200,90000,23,0
20386,4,2,29144,2033,30000,23,0
20388,4,2,390,390,10000,23,1
20389,4,2,19403,0,20000,23,0
20390,4,2,5146,1300,10000,24,0
20396,4,2,19302,2100,20000,22,0
20399,4,3,11385,0,20000,23,0
20425,4,2,174350,7000,200000,27,0
20426,4,2,8754,0,20000,24,0
20428,4,2,150,0,20000,26,0
20430,4,2,7554,1500,10000,24,0
20438,4,2,25349,3200,30000,22,0
20440,4,2,174189,11900,80000,24,0
20441,4,2,32976,2000,50000,26,0
20447,4,3,24496,0,90000,25,0
20462,4,2,662,1655,50000,24,1
20465,4,2,160500,14000,150000,26,0
20473,4,2,72737,3000,80000,34,0
20495,4,2,110826,6000,120000,28,0
20497,4,2,116014,19500,140000,26,0
20498,4,2,7898,0,20000,24,0
20521,4,2,124835,5000,150000,32,0
20522,4,2,49612,0,50000,29,0
20524,4,2,35060,4000,60000,29,0
20526,4,2,67878,6500,90000,30,0
20528,4,2,2522,261,30000,25,0
20542,4,2,41932,1600,50000,27,0
20546,4,3,18775,1433,20000,30,0
20549,4,2,31213,0,30000,26,0
20560,4,3,10135,2100,20000,26,0
20562,4,2,30309,942,180000,28,0
20569,4,2,16849,1202,20000,28,0
20575,4,2,2250,1005,160000,31,0
20578,4,2,400,0,310000,29,0
20582,4,2,81812,3000,120000,30,0
20585,4,2,49804,2000,50000,31,0
20597,4,2,112518,5000,200000,32,0
20603,4,2,148095,8000,150000,28,0
20606,4,2,184632,0,200000,30,0
20610,4,2,47984,0,130000,29,0
20615,4,3,48840,0,50000,30,0
20628,4,2,1950,2618,360000,29,1
20645,4,2,390,955,130000,42,1
20646,4,2,15688,0,50000,26,0
20647,4,2,37412,0,100000,31,0
20652,4,2,28747,0,30000,22,0
20653,4,4,10533,0,30000,27,0
20660,4,2,65779,2400,330000,32,0
20662,4,2,86040,3515,100000,41,0
20664,4,4,10710,0,20000,44,0
20665,4,2,334394,14005,370000,39,0
20669,4,2,44832,4000,60000,30,0
20671,4,2,37318,1649,70000,49,0
20676,4,2,10884,2716,20000,31,0
20681,4,2,17053,1325,20000,47,0
20685,4,2,36606,1800,50000,29,0
20687,4,2,199367,8756,200000,40,0
20688,4,2,175790,50,180000,28,0
20690,4,3,25422,0,30000,40,0
20695,4,2,117487,6000,190000,41,0
20696,4,2,55036,2500,50000,34,0
20702,4,2,27274,0,30000,33,0
20710,4,2,52837,5200,70000,44,0
20722,4,2,2400,0,20000,37,0
20723,4,2,172711,6700,170000,36,0
20725,4,2,263195,11000,270000,38,0
20731,4,2,9771,20,420000,33,0
20734,4,4,31350,0,50000,41,0
20737,4,2,10277,1500,20000,22,0
20738,4,4,20537,0,20000,24,0
20739,4,3,25209,0,30000,30,0
20757,4,2,30108,3206,40000,46,0
20758,4,2,17382,0,20000,34,0
20771,4,2,45906,2000,50000,34,0
20775,4,3,31549,0,150000,34,0
20777,4,2,19116,0,20000,31,0
20800,4,2,90063,1600,120000,41,0
20803,4,2,74621,2000,100000,34,0
20813,4,2,10594,1600,20000,42,0
20853,4,2,47003,500,50000,32,0
20855,4,2,81814,0,80000,34,0
20867,4,2,49823,0,60000,32,0
20868,4,2,19229,0,170000,35,0
20869,4,2,34685,2000,50000,46,0
20871,4,2,186128,15900,200000,31,0
20880,4,2,3548,11000,270000,36,0
20882,4,2,90163,4200,110000,30,0
20884,4,2,3255,0,100000,41,1
20893,4,2,552234,23000,550000,35,0
20903,4,2,2443,0,200000,28,0
20904,4,2,250,0,20000,48,0
20907,4,2,145613,15000,190000,40,0
20914,4,2,10187,0,20000,26,0
20918,4,2,1651,0,20000,46,1
20920,4,2,44883,1973,50000,36,0
20922,4,2,12731,3000,30000,42,0
20933,4,2,71034,0,130000,39,0
20937,4,2,46168,102,70000,35,0
20958,4,2,35483,13500,50000,33,1
20963,4,3,3738,0,290000,32,1
20964,4,2,131094,5000,130000,36,0
20968,4,4,282677,0,150000,38,0
20984,4,2,20690,0,20000,34,0
20987,4,2,15777,2000,30000,45,0
20988,4,2,27045,19136,170000,29,1
20991,4,2,166692,16000,180000,31,0
20992,4,2,130309,16,210000,38,0
20993,4,2,288729,12500,460000,44,0
20994,4,2,201996,13,200000,47,0
20996,4,2,50936,0,50000,49,0
20997,4,2,181465,8000,230000,38,0
21013,4,2,2500,0,200000,43,0
21014,4,2,107602,4544,130000,38,0
21016,4,2,390,0,50000,32,1
21017,4,2,158066,4000,160000,33,0
21018,4,2,50194,0,50000,32,0
21028,4,3,16582,1000,50000,39,0
21031,4,2,3844,5806,390000,39,1
21032,4,3,50567,0,50000,36,0
21034,4,2,16926,2921,20000,36,0
21050,4,2,370428,13932,490000,35,0
21051,4,2,21523,3701,50000,42,0
21053,4,2,61923,2400,70000,37,0
21058,4,3,96860,5500,160000,38,0
21077,4,2,193112,8500,230000,46,0
21078,4,2,307569,13500,280000,36,0
21098,4,2,172001,7500,200000,42,0
21099,4,2,17228,4000,270000,34,0
21103,4,2,196323,261,200000,40,0
21106,4,2,12256,2955,30000,45,0
21113,4,2,192441,10013,290000,38,0
21117,4,2,396,396,220000,36,1
21121,4,2,25690,1445,30000,47,0
21130,4,2,208892,9600,240000,37,0
21166,4,2,2500,0,260000,38,0
21167,4,2,121521,65,150000,31,0
21182,4,2,20526,0,50000,36,0
21199,4,2,300,0,130000,31,0
21202,4,2,16987,2000,20000,30,0
21207,4,2,11080,3116,70000,44,0
21213,4,2,16995,0,20000,40,0
21218,4,2,75711,3200,50000,37,0
21221,4,2,11201,980,200000,41,0
21222,4,2,68439,2500,80000,38,0
21226,4,2,5355,1000,10000,38,0
21236,4,2,86193,9,150000,36,0
21241,4,2,124838,4276,260000,39,0
21247,4,2,27689,0,100000,37,0
21267,4,2,10474,0,20000,52,0
21274,4,2,42109,2000,70000,50,0
21290,4,2,5119,1500,20000,59,0
21293,4,2,30705,1600,140000,52,0
21306,4,2,16917,1287,20000,60,0
21311,4,2,2522,0,30000,52,0
21318,4,3,99733,0,150000,55,0
21320,4,2,96932,3579,100000,47,0
21322,4,2,250672,11000,300000,50,0
21331,4,2,78196,5607,50000,52,0
21332,4,2,4110,1034,130000,52,1
21343,4,2,15546,1300,150000,57,0
21344,4,2,6153,99,20000,53,0
21355,4,2,211,0,20000,57,0
21363,4,4,19375,0,20000,56,0
21372,4,2,780,0,130000,55,1
21377,4,2,12636,3100,20000,55,0
21381,4,2,49240,2045,50000,54,0
21388,4,2,58926,2500,60000,54,0
21391,4,2,191210,9000,190000,67,0
21393,4,2,23276,2400,150000,54,0
21402,4,2,80266,7898,120000,59,0
21411,4,2,18121,1500,30000,24,0
21419,4,2,24838,3300,60000,27,0
21436,4,2,92290,4183,90000,27,0
21450,4,2,44597,2200,70000,27,0
21456,4,2,75658,3100,180000,29,0
21463,4,2,21734,0,30000,29,0
21471,4,2,44419,3213,50000,26,0
21481,4,4,19902,0,20000,24,1
21486,4,2,15895,1500,20000,24,0
21498,4,3,51067,2536,50000,25,0
21508,4,4,21720,0,20000,22,0
21510,4,5,37936,1011,30000,23,0
21514,4,2,27774,2027,30000,25,0
21517,4,2,56685,0,60000,26,0
21523,4,2,3900,4019,50000,22,0
21524,4,3,17439,600,20000,22,1
21531,4,2,59967,3616,60000,22,0
21533,4,2,7434,1000,10000,23,0
21534,4,2,30354,73,30000,23,0
21537,4,2,11738,2000,30000,22,1
21540,4,2,12328,3077,20000,22,1
21549,4,2,26163,1000,30000,22,0
21556,4,2,15053,1269,20000,23,0
21564,4,2,29274,2000,30000,23,0
21565,4,2,66893,6507,80000,23,0
21573,4,2,14113,4675,20000,22,0
21574,4,2,28574,0,30000,22,0
21581,4,2,25839,1433,30000,23,0
21583,4,2,1650,0,20000,22,0
21600,4,2,36378,2231,50000,22,0
21602,4,2,7022,1138,50000,23,0
21612,4,2,69650,3200,110000,24,0
21613,4,2,6867,1500,100000,24,0
21625,4,2,12322,0,20000,24,0
21631,4,2,4526,4277,280000,25,0
21636,4,2,21127,3000,80000,23,0
21637,4,2,22719,0,50000,22,0
21638,4,2,7864,0,10000,23,0
21640,4,2,10194,1200,50000,24,0
21645,4,2,4951,1600,210000,26,0
21648,4,2,68983,3400,70000,25,0
21652,4,2,5975,2400,10000,26,0
21660,4,2,120084,5700,120000,22,0
21668,4,2,322,0,20000,24,0
21699,4,2,259,0,80000,25,1
21706,4,3,116911,0,110000,26,0
21708,4,2,8092,0,10000,23,0
21709,4,3,5021,8,230000,23,0
21716,4,2,24490,3400,30000,24,0
21717,4,2,48982,2207,50000,24,0
21725,4,3,25700,0,30000,26,0
21727,4,2,49245,1728,50000,22,0
21741,4,2,43379,3628,50000,24,0
21748,4,2,62717,29615,130000,23,0
21752,4,2,7000,0,80000,22,0
21756,4,2,52158,0,50000,24,0
21788,4,2,2687,4062,210000,26,0
21790,4,2,82646,450,220000,26,0
21801,4,2,43870,0,50000,25,0
21812,4,2,19102,1000,20000,24,0
21823,4,2,1539,2703,180000,26,1
21841,4,2,17885,1000,50000,24,0
21853,4,2,45781,2000,160000,26,0
21866,4,2,36871,1038,60000,26,0
21892,4,2,53250,1983,70000,26,0
21901,4,2,115503,10900,120000,27,0
21914,4,2,11989,1500,30000,23,0
21917,4,2,490,0,230000,23,0
21937,4,2,4824,3089,180000,27,0
21948,4,2,148,9173,150000,28,1
21961,4,2,2400,0,50000,28,0
21973,4,2,11995,1528,20000,23,0
21977,4,2,83189,0,80000,25,0
21981,4,2,247521,11000,270000,27,0
21982,4,2,5650,3004,230000,27,1
21992,4,2,1530,390,150000,29,1
22011,4,2,70710,3462,100000,28,0
22012,4,2,49286,1800,50000,29,0
22048,4,2,1366,464,140000,28,1
22053,4,2,22334,2000,50000,29,0
22057,4,2,25492,1609,50000,29,0
22061,4,2,24102,2600,70000,28,0
22095,4,2,38701,0,230000,28,0
22108,4,2,210333,0,240000,28,0
22115,4,2,139629,6824,220000,30,0
22125,4,2,46040,2000,80000,26,0
22132,4,2,11375,1265,20000,22,0
22134,4,2,6170,0,80000,22,0
22138,4,2,89448,2549,90000,25,0
22148,4,2,1263,2000,100000,29,0
22155,4,2,1690,6314,200000,30,1
22169,4,2,48119,10,50000,28,0
22203,4,2,42537,1500,320000,27,0
22229,4,2,3347,16550,200000,31,1
22231,4,3,780,0,50000,31,1
22252,4,2,3642,6472,60000,26,1
22286,4,2,28452,2000,30000,29,0
22289,4,2,80586,4000,80000,30,0
22307,4,2,667,6637,100000,27,1
22311,4,2,32463,1700,100000,30,0
22316,4,2,116086,4351,120000,30,0
22317,4,2,403,1351,350000,31,1
22336,4,2,106321,4334,110000,29,0
22346,4,2,188,2100,240000,28,0
22377,4,2,7236,1131,60000,27,0
22387,4,2,158819,6500,170000,30,0
22402,4,2,137327,13000,150000,28,0
22414,4,2,25583,1481,50000,37,0
22415,4,2,48241,4763,60000,37,0
22416,4,2,13947,902,20000,37,0
22417,4,2,111115,0,130000,39,0
22422,4,2,17389,3700,20000,34,0
22430,4,2,12834,15600,150000,35,1
22439,4,2,8151,2500,30000,38,0
22460,4,2,15031,2500,170000,36,0
22463,4,4,21139,0,20000,38,0
22465,4,2,20543,2000,50000,41,0
22467,4,2,8850,1172,40000,36,0
22470,4,2,9217,1500,70000,48,0
22473,4,2,114483,6216,200000,39,0
22475,4,2,3000,0,30000,44,0
22480,4,2,150,206,200000,31,1
22495,4,2,20035,0,70000,49,0
22507,4,2,43594,2100,60000,37,0
22523,4,2,16513,1600,20000,34,0
22524,4,2,2343,4689,280000,37,1
22530,4,2,56729,20012,210000,40,0
22537,4,2,107761,5400,130000,48,0
22551,4,2,32823,3511,50000,35,0
22567,4,2,70896,3200,120000,30,0
22569,4,2,98699,8024,200000,32,0
22611,4,2,143137,6000,200000,30,0
22621,4,4,27721,0,20000,43,0
22626,4,2,322199,16001,380000,34,0
22629,4,3,20372,0,20000,42,0
22648,4,2,29104,2000,60000,47,0
22656,4,2,10446,5316,400000,39,1
22657,4,3,314607,14000,350000,44,0
22686,4,2,1030,380,210000,30,1
22689,4,2,43102,2200,50000,33,0
22691,4,2,122283,0,140000,38,0
22700,4,2,14893,1800,20000,46,0
22725,4,2,750,0,100000,38,0
22734,4,2,189894,7791,190000,47,0
22760,4,2,2650,0,460000,40,0
22787,4,2,12773,3950,100000,40,0
22789,4,2,172632,0,160000,33,0
22792,4,2,195725,8200,220000,36,0
22806,4,2,3434,3048,30000,45,1
22813,4,2,40764,6500,70000,35,0
22819,4,2,2500,0,360000,35,1
22830,4,2,80,3828,400000,42,1
22831,4,2,19947,1800,50000,37,0
22832,4,3,48530,2800,50000,29,0
22853,4,2,15997,1600,20000,30,0
22861,4,2,739,0,140000,32,1
22863,4,2,20669,0,150000,31,0
22872,4,3,155508,8,340000,44,0
22879,4,2,214747,18000,290000,34,0
22881,4,2,22897,3128,30000,39,0
22885,4,2,1588,41000,240000,43,1
22896,4,2,111679,0,110000,27,0
22898,4,2,42081,0,100000,31,0
22900,4,2,4151,16,130000,47,1
22901,4,2,19288,1626,30000,35,0
22937,4,2,47044,1900,360000,44,0
22951,4,2,2500,0,200000,31,1
22969,4,2,305417,12500,300000,27,0
22979,4,3,21008,0,50000,41,0
22994,4,2,46262,4000,50000,41,0
23006,4,2,265961,27,260000,33,0
23024,4,2,19772,3100,70000,39,0
23031,4,2,106885,5000,150000,33,0
23038,4,2,326,1070,220000,33,1
23040,4,7,243234,0,220000,41,0
23052,4,2,330,0,360000,39,1
23055,4,2,2178,27446,230000,28,1
23060,4,2,2956,3161,160000,33,1
23066,4,2,69845,3300,150000,41,0
23070,4,2,5264,2491,200000,45,1
23082,4,2,32881,3042,180000,37,0
23088,4,2,79346,3300,100000,36,0
23100,4,2,62478,0,60000,44,0
23110,4,2,119378,6000,130000,42,0
23112,4,2,130,130,80000,28,0
23119,4,2,390,390,210000,27,1
23131,4,2,96193,3600,100000,28,0
23156,4,2,17954,4351,50000,35,0
23159,4,3,60747,0,50000,38,0
23167,4,2,94156,0,90000,47,0
23170,4,2,297888,12001,320000,37,0
23196,4,2,1473,9196,10000,48,0
23206,4,2,117076,0,170000,45,0
23211,4,2,101941,0,110000,43,0
23216,4,2,3347,1000,80000,37,0
23221,4,2,709,2264,150000,35,1
23226,4,2,262956,9737,460000,37,0
23234,4,2,62878,0,390000,35,0
23259,4,3,18705,0,50000,36,0
23264,4,2,85505,4200,130000,37,0
23297,4,3,1690,0,50000,28,1
23302,4,2,91247,0,90000,35,0
23307,4,3,17670,0,20000,40,0
23310,4,2,640,1751,30000,39,1
23311,4,2,2901,1000,20000,46,0
23316,4,2,4694,2100,90000,40,0
23324,4,2,3189,2946,130000,39,0
23339,4,2,76308,4000,200000,36,0
23343,4,2,85730,1984,90000,30,0
23356,4,2,1200,0,30000,28,0
23362,4,2,346575,14579,350000,28,0
23385,4,2,26999,1800,50000,44,0
23386,4,3,4903,0,300000,40,1
23399,4,2,1649,1473,180000,32,1
23409,4,4,9723,0,50000,48,0
23415,4,2,49889,4000,600000,38,0
23416,4,3,15286,2277,20000,46,0
23418,4,2,33521,2000,140000,40,0
23423,4,2,4791,4858,230000,39,0
23427,4,2,19953,0,20000,29,0
23428,4,2,17374,3027,200000,33,0
23466,4,2,28718,2000,30000,33,0
23469,4,2,16413,5000,50000,39,0
23471,4,2,5107,1647,100000,31,0
23472,4,2,47121,0,100000,30,0
23478,4,2,30904,1850,100000,30,0
23502,4,2,19921,1700,60000,31,0
23506,4,2,70275,0,120000,33,0
23509,4,2,450,0,200000,31,1
23510,4,2,89765,0,110000,31,0
23526,4,2,15780,3200,20000,35,0
23527,4,2,97590,4700,100000,49,0
23530,4,2,30420,2600,220000,35,0
23533,4,2,76699,6800,80000,35,0
23593,4,2,22389,1280,80000,39,0
23603,4,2,273067,10638,300000,33,0
23604,4,2,827,827,90000,44,0
23608,4,2,167489,7000,240000,37,0
23616,4,2,123747,0,80000,39,0
23624,4,2,7320,150,80000,32,0
23631,4,2,159008,5684,150000,44,0
23646,4,2,109678,5500,240000,38,0
23650,4,2,9042,0,20000,46,0
23657,4,2,97013,3879,160000,41,0
23663,4,2,64139,3000,70000,48,0
23665,4,2,12461,0,30000,47,0
23667,4,2,1094,9453,310000,41,1
23675,4,2,4089,0,180000,38,1
23688,4,2,28669,650,50000,50,0
23692,4,2,8488,0,20000,54,0
23695,4,2,64021,6700,100000,54,0
23699,4,2,8855,1133,10000,51,0
23705,4,2,43236,3000,50000,53,0
23711,4,2,47439,2000,100000,55,0
23716,4,3,127530,6000,280000,47,0
23743,4,2,18820,1500,20000,51,0
23748,4,2,81998,4003,90000,55,0
23752,4,2,23454,4000,50000,58,0
23760,4,2,845,1690,140000,50,1
23778,4,2,21024,1400,70000,49,0
23787,4,2,14859,1600,20000,51,0
23788,4,2,9972,16101,30000,49,0
23789,4,2,49852,6200,50000,53,0
23792,4,2,73562,0,70000,62,0
23794,4,2,16943,2000,20000,49,0
23803,4,2,25869,1800,30000,67,0
23812,4,2,54438,1100,50000,61,0
23828,4,2,108711,6000,280000,50,0
23834,4,3,2502,0,80000,50,0
23852,4,2,123,1668,260000,57,1
23853,4,2,70428,3200,140000,58,0
23858,4,2,26852,0,30000,49,0
23864,4,2,22771,1600,50000,30,0
23865,4,2,15129,3100,20000,27,0
23866,4,2,78750,3324,90000,28,0
23870,4,2,109401,5000,200000,25,0
23892,4,2,19105,572,20000,23,0
23896,4,2,91466,4000,130000,29,0
23899,4,4,12799,0,50000,26,0
23905,4,2,14011,3132,20000,22,0
23910,4,3,330,0,80000,26,1
23919,4,4,16896,0,20000,22,0
23920,4,3,16004,1600,20000,22,0
23924,4,2,14566,5000,20000,23,0
23927,4,2,86713,9000,110000,26,0
23935,4,3,17710,0,20000,22,0
23939,4,2,30214,1700,70000,27,0
23940,4,2,46482,2000,50000,27,0
23950,4,3,14146,0,20000,24,0
23951,4,2,9386,1178,70000,26,0
23953,4,2,20240,1378,20000,25,0
23959,4,2,3392,1000,50000,24,0
23961,4,2,716,1000,20000,25,0
23965,4,4,18038,0,20000,24,0
23969,4,2,61304,1828,120000,25,0
23982,4,2,48,948,20000,24,1
23996,4,2,82789,6,80000,25,0
24001,4,2,49758,2401,50000,23,0
24004,4,4,21051,0,20000,27,0
24013,4,3,19927,0,20000,24,0
24014,4,2,19102,1000,20000,24,0
24023,4,2,78091,3456,80000,25,0
24026,4,2,1050,0,20000,26,0
24035,4,2,7060,1296,20000,27,0
24039,4,2,56479,8100,70000,27,0
24040,4,2,48878,2354,50000,27,0
24042,4,2,1200,0,20000,27,0
24057,4,3,15682,0,20000,22,0
24063,4,2,81150,3800,80000,27,0
24076,4,3,182435,0,180000,28,0
24083,4,2,27300,0,30000,28,0
24103,4,2,22781,2000,50000,29,0
24109,4,2,50781,41,50000,22,0
24127,4,2,56789,2400,80000,27,0
24133,4,2,37990,5000,50000,29,0
24155,4,2,58362,2500,110000,29,0
24156,4,2,2500,0,200000,29,0
24165,4,2,111541,5400,110000,28,0
24166,4,3,11756,0,80000,29,0
24168,4,2,2400,0,20000,22,0
24169,4,2,10056,2000,30000,28,0
24173,4,2,17944,2860,20000,28,0
24179,4,2,101941,4902,100000,27,0
24187,4,2,168499,7326,180000,32,0
24193,4,2,15451,2874,20000,30,0
24194,4,2,1528,0,260000,29,1
24198,4,2,67794,3500,80000,30,0
24227,4,2,70775,3047,70000,30,0
24229,4,2,48146,3000,50000,30,0
24230,4,2,86484,7421,200000,32,0
24249,4,2,34614,0,90000,31,0
24251,4,2,416,832,70000,30,1
24253,4,2,207382,7820,180000,32,0
24257,4,2,110550,6600,280000,30,0
24258,4,2,14779,0,30000,31,0
24268,4,2,24833,1527,80000,26,0
24272,4,2,52362,0,60000,24,0
24287,4,4,176605,7459,200000,30,0
24298,4,2,23534,0,30000,40,0
24303,4,2,95030,4000,100000,31,0
24316,4,3,15055,2000,20000,32,0
24325,4,2,51097,0,50000,49,0
24328,4,2,150727,8000,170000,35,0
24330,4,2,22689,0,30000,37,0
24333,4,2,47585,2500,50000,49,0
24338,4,2,157098,3959,310000,33,0
24342,4,2,104978,4500,200000,38,0
24346,4,2,2500,0,200000,45,0
24351,4,3,49331,0,50000,45,0
24377,4,2,120912,0,230000,40,0
24382,4,2,103870,6000,160000,33,0
24395,4,2,7277,1215,20000,46,1
24398,4,2,1050,0,20000,36,0
24401,4,2,55007,2600,140000,38,0
24406,4,2,18756,0,20000,49,0
24413,4,2,23621,1410,30000,38,0
24429,4,2,22126,2000,120000,37,0
24431,4,2,63501,2960,160000,41,0
24441,4,2,46567,2000,80000,42,0
24456,4,2,17861,1700,20000,32,0
24459,4,2,7021,4500,20000,46,0
24472,4,2,4998,3000,130000,44,0
24482,4,2,210290,6800,220000,31,0
24498,4,2,390,0,60000,36,1
24500,4,6,33024,60,100000,42,0
24501,4,2,53348,3000,60000,36,0
24502,4,2,2271,4107,100000,32,1
24503,4,2,49207,2200,50000,34,0
24505,4,2,23978,0,100000,46,0
24507,4,2,17988,3000,30000,32,1
24528,4,2,166118,8000,190000,34,0
24559,4,3,9119,1200,20000,46,0
24570,4,2,8206,1892,200000,33,0
24571,4,2,1050,0,50000,31,0
24574,4,2,46593,2052,50000,35,0
24583,4,2,917,0,170000,33,1
24591,4,2,68358,3000,70000,32,0
24599,4,2,39069,0,80000,45,0
24601,4,2,69917,2494,110000,38,0
24618,4,2,107689,5200,190000,36,0
24657,4,2,208414,0,230000,33,0
24665,4,2,62983,0,90000,37,0
24666,4,2,25121,3600,30000,45,0
24678,4,2,48968,2463,50000,47,0
24705,4,2,26500,1764,50000,49,0
24713,4,2,8912,1500,20000,40,0
24724,4,2,19223,2014,30000,35,0
24728,4,2,241153,10000,470000,40,0
24731,4,2,210029,9500,250000,37,0
24733,4,2,12825,1502,200000,36,0
24753,4,2,70938,0,70000,40,0
24760,4,2,185836,6600,220000,35,0
24761,4,2,390,0,30000,35,1
24766,4,2,123969,6300,50000,44,0
24769,4,2,10600,10000,40000,35,0
24778,4,2,163094,7400,500000,41,0
24782,4,2,76465,0,120000,44,0
24794,4,2,94453,5784,240000,46,0
24798,4,2,4261,1087,20000,33,0
24799,4,2,150934,10,140000,35,0
24800,4,2,104498,4650,240000,41,0
24802,4,2,87459,8000,100000,26,0
24804,4,2,4860,1350,260000,31,1
24818,4,2,44868,2100,120000,37,0
24828,4,2,12564,0,20000,36,0
24845,4,2,35949,5539,90000,44,0
24872,4,2,261,4000,310000,43,1
24874,4,2,30015,3400,70000,36,0
24877,4,2,73643,0,410000,46,0
24907,4,4,45734,0,50000,32,0
24914,4,2,58646,0,110000,34,0
24920,4,2,990,990,150000,41,1
24927,4,2,14780,1354,50000,44,0
24930,4,2,69318,3500,350000,38,0
24934,4,2,9287,1000,50000,42,0
24938,4,2,379442,14062,450000,37,0
24939,4,2,141669,7000,210000,40,0
24951,4,2,44411,1900,50000,35,0
24967,4,2,67460,3064,160000,37,0
24969,4,2,37688,2000,100000,37,0
24970,4,2,49853,0,80000,36,0
24974,4,2,16133,1600,20000,35,0
24989,4,2,10926,0,10000,36,0
24997,4,2,73424,0,80000,47,0
25006,4,2,534,538,220000,40,1
25007,4,2,46868,1800,30000,50,0
25008,4,2,23027,2000,230000,50,0
25009,4,5,17797,2000,20000,50,0
25016,4,2,1990,0,170000,52,0
25018,4,2,780,390,140000,50,1
25025,4,2,37143,1800,190000,50,0
25028,4,2,158458,7506,460000,51,0
25033,4,2,22856,0,70000,55,0
25035,4,2,390,780,20000,61,1
25044,4,2,136386,8100,150000,52,0
25045,4,2,50062,2310,50000,60,0
25054,4,2,4957,0,500000,55,0
25085,4,2,235865,0,500000,51,0
25090,4,2,109,390,280000,60,1
25103,4,2,50310,1900,50000,54,0
25126,4,2,390,390,50000,50,1
25144,4,7,30384,0,30000,56,0
25147,4,2,539418,0,500000,54,0
25154,4,2,21657,2000,50000,27,0
25155,4,2,73594,0,70000,26,0
25156,4,2,28570,3300,30000,24,0
25159,4,2,3019,0,30000,22,0
25161,4,2,40395,3800,80000,29,0
25163,4,3,8830,1000,130000,30,0
25168,4,2,22591,2000,110000,29,0
25175,4,2,30920,2326,30000,21,0
25176,4,1,50863,0,50000,22,0
25177,4,2,50974,3000,50000,22,0
25178,4,4,21044,0,50000,22,0
25181,4,3,6908,0,50000,23,0
25186,4,2,25523,3500,30000,22,0
25192,4,2,44579,3000,50000,23,0
25193,4,3,35146,2000,30000,25,0
25197,4,2,13475,0,30000,23,0
25220,4,2,28311,2145,150000,24,0
25221,4,2,6524,1300,10000,24,0
25224,4,2,13788,3100,40000,23,1
25226,4,2,109924,6000,110000,25,0
25244,4,2,42699,0,140000,24,0
25248,4,2,58114,3761,60000,23,0
25249,4,2,1250,0,120000,23,0
25251,4,2,32627,0,30000,25,0
25253,4,2,23244,2000,30000,24,0
25260,4,2,39938,2700,50000,24,0
25261,4,3,38836,15,90000,23,0
25281,4,2,97863,6497,160000,26,0
25286,4,2,120970,5600,140000,26,0
25306,4,3,14190,0,30000,25,0
25312,4,2,65115,2092,50000,25,0
25317,4,2,34504,1800,50000,26,0
25328,4,2,55005,2200,200000,29,0
25364,4,2,16923,4000,20000,25,0
25374,4,2,1603,2191,80000,27,0
25378,4,2,2165,2154,230000,30,1
25382,4,2,6228,1250,130000,26,0
25384,4,2,35291,2206,30000,29,0
25388,4,2,246989,0,240000,28,0
25398,4,2,19262,1353,340000,26,0
25406,4,3,616,0,150000,27,1
25416,4,2,56448,2600,70000,30,0
25427,4,2,86405,3639,100000,26,0
25434,4,2,1250,0,100000,28,0
25468,4,2,25270,0,110000,33,0
25491,4,2,18167,1634,20000,22,0
25511,4,2,79689,7000,100000,24,0
25531,4,2,30776,3000,130000,34,0
25533,4,2,34207,2301,50000,33,0
25541,4,2,169947,4,150000,45,0
25547,4,2,28236,1812,30000,40,0
25549,4,2,18577,0,30000,49,0
25556,4,2,67344,2200,70000,42,0
25563,4,2,2414,0,180000,30,1
25570,4,3,19085,0,130000,43,0
25575,4,2,25747,0,30000,36,0
25585,4,3,26474,2000,30000,35,0
25588,4,2,190784,9300,230000,34,0
25590,4,2,550,0,360000,37,1
25591,4,2,131926,0,130000,42,0
25605,4,2,32051,2000,50000,39,0
25607,4,2,34332,3016,420000,44,0
25623,4,2,652,0,120000,38,1
25630,4,2,15398,0,70000,30,0
25632,4,2,1492,0,120000,30,1
25634,4,2,44347,0,70000,34,0
25646,4,2,36176,2200,40000,44,0
25705,4,2,396,396,260000,29,0
25709,4,2,47191,3000,50000,45,0
25728,4,3,305625,0,320000,26,0
25737,4,2,24662,1739,30000,35,0
25740,4,2,46770,0,90000,45,0
25742,4,3,28911,1000,30000,37,0
25753,4,2,119325,3500,120000,31,0
25798,4,2,37160,3500,100000,38,0
25809,4,2,25903,3550,210000,39,0
25822,4,2,2045,0,210000,34,0
25831,4,2,57946,3120,60000,32,0
25835,4,2,44769,0,50000,47,0
25838,4,2,56355,4058,60000,31,0
25852,4,2,97814,5000,100000,43,0
25870,4,7,469882,0,510000,40,0
25875,4,2,133178,2000,170000,35,0
25879,4,2,73376,0,200000,34,0
25885,4,2,19145,0,30000,40,0
25887,4,2,7343,8000,40000,37,0
25898,4,2,370722,16500,360000,35,0
25905,4,2,182810,402,180000,28,0
25913,4,2,63695,6056,80000,48,0
25933,4,2,3659,232702,320000,35,1
25934,4,2,29730,0,50000,44,0
25957,4,2,135633,6601,140000,40,0
26002,4,2,832,0,110000,31,1
26013,4,3,11761,1200,50000,27,0
26023,4,2,185993,8304,220000,44,0
26044,4,2,7920,2374,10000,42,0
26061,4,2,2146,1688,280000,28,1
26063,4,2,41826,4000,90000,29,0
26072,4,2,1922,5500,230000,33,0
26073,4,2,55340,10000,400000,31,0
26077,4,2,7780,0,90000,34,0
26083,4,2,17596,0,20000,36,0
26095,4,2,27459,1800,90000,27,0
26099,4,2,147333,200,160000,37,0
26109,4,2,75513,3451,100000,27,0
26133,4,2,26414,1500,30000,29,0
26139,4,2,58666,1500,100000,29,0
26147,4,2,1473,390,20000,47,0
26149,4,2,89893,0,80000,36,0
26151,4,3,48240,2001,50000,34,0
26155,4,2,86065,10004,270000,28,0
26168,4,2,71421,2203,80000,35,0
26171,4,2,157663,7342,160000,30,0
26212,4,2,35655,3000,180000,29,0
26216,4,2,1386,17601,240000,42,1
26217,4,2,4168,2,140000,30,0
26218,4,2,430,3130,200000,34,1
26235,4,2,53019,0,50000,35,0
26244,4,2,56834,3000,60000,45,0
26247,4,2,68219,8600,80000,30,0
26266,4,2,25311,1804,30000,46,0
26277,4,2,2498,1000,60000,36,1
26281,4,2,57964,3000,70000,43,0
26289,4,2,15735,3000,20000,47,0
26298,4,2,204501,22000,240000,32,0
26301,4,2,54947,4500,50000,33,0
26314,4,2,115308,9670,260000,34,0
26327,4,2,86694,4500,160000,47,0
26347,4,2,195825,9264,230000,28,0
26348,4,2,276968,22550,240000,28,0
26354,4,2,68041,2332,70000,30,1
26373,4,2,18803,0,20000,35,1
26379,4,2,95008,4500,180000,34,0
26382,4,3,10040,1149,30000,43,1
26387,4,2,132453,0,450000,35,0
26395,4,2,30634,0,30000,30,0
26407,4,2,19262,2053,280000,30,0
26413,4,2,12729,2501,20000,38,0
26441,4,2,76104,3500,130000,50,0
26458,4,2,9607,2468,70000,49,0
26476,4,2,117849,6100,120000,52,0
26484,4,2,6367,4000,10000,56,0
26485,4,2,110537,0,100000,50,0
26487,4,2,29278,1600,30000,55,0
26491,4,2,27122,1481,60000,52,0
26501,4,2,23498,3600,30000,54,0
26503,4,2,81490,3900,120000,58,0
26507,4,2,43036,3000,100000,52,0
26512,4,3,1349,0,100000,55,0
26519,4,2,31325,0,30000,51,0
26520,4,2,390,1000,30000,52,1
26525,4,2,25722,3000,90000,58,0
26531,4,2,71575,9400,60000,55,0
26536,4,2,18908,0,30000,51,0
26541,4,2,62042,3000,140000,59,0
26555,4,2,8313,2400,20000,53,0
26557,4,2,6437,1000,20000,52,0
26561,4,2,33384,2000,50000,51,0
26565,4,2,162697,4842,200000,55,0
26580,4,2,17328,2000,50000,51,0
26589,4,2,70150,3000,80000,55,0
26603,4,2,28707,1600,30000,23,0
26606,4,2,2400,0,20000,23,0
26612,4,2,51185,3200,50000,23,0
26614,4,2,17692,1736,20000,22,0
26615,4,2,13255,0,20000,23,0
26632,4,2,97551,2893,100000,24,0
26636,4,2,8707,1391,10000,23,0
26641,4,2,7040,1128,20000,23,0
26650,4,2,10400,0,10000,24,0
26652,4,2,6246,3000,10000,24,0
26656,4,2,19322,1640,20000,24,0
26659,4,2,55551,0,50000,24,0
26664,4,4,65957,0,60000,27,0
26673,4,2,129545,5115,130000,27,0
26681,4,2,90221,4000,90000,27,0
26685,4,2,18114,1370,20000,25,0
26687,4,2,15851,1294,50000,26,0
26690,4,4,21410,0,20000,22,0
26692,4,2,21222,1681,30000,26,0
26702,4,2,23283,2524,210000,29,0
26703,4,2,36775,3800,40000,29,0
26707,4,2,139189,0,130000,26,0
26711,4,2,80166,0,160000,27,0
26713,4,2,13998,2000,30000,26,0
26716,4,2,66811,3100,80000,27,0
26720,4,2,13411,1300,30000,25,0
26729,4,2,52651,0,50000,24,0
26737,4,2,52128,6000,80000,27,0
26739,4,2,6034,2000,50000,23,0
26744,4,2,99750,4000,100000,28,0
26747,4,2,30215,3400,220000,29,0
26758,4,2,18696,1782,20000,27,0
26765,4,2,124449,0,190000,27,0
26774,4,2,58394,0,50000,25,0
26775,4,3,31895,0,30000,32,0
26780,4,2,13489,0,50000,29,0
26785,4,3,152142,7000,160000,26,0
26786,4,2,134505,6200,130000,28,0
26793,4,2,67381,6516,70000,26,0
26802,4,2,2500,0,200000,30,0
26827,4,2,7216,0,20000,27,0
26846,4,2,26274,1500,100000,40,0
26849,4,2,29258,2352,70000,46,0
26854,4,2,4039,1094,160000,32,0
26859,4,2,56749,0,50000,35,0
26866,4,2,87896,3800,140000,48,0
26880,4,2,135703,10275,150000,32,0
26881,4,3,59702,2100,50000,39,0
26890,4,2,21459,0,130000,33,0
26893,4,3,23822,1500,20000,38,0
26911,4,2,1378,2000,80000,46,0
26915,4,2,40605,3105,150000,36,0
26917,4,2,124946,10252,130000,39,0
26918,4,2,224913,12000,490000,41,0
26926,4,2,135867,0,130000,34,0
26930,4,2,131877,7000,140000,38,0
26937,4,2,85552,4100,210000,44,0
26943,4,2,3659,2200,10000,28,0
26944,4,2,13916,2000,20000,37,0
26948,4,2,58539,2700,80000,46,0
26952,4,2,49056,4000,50000,42,0
26979,4,4,68633,0,80000,42,0
26997,4,2,62423,3000,80000,34,0
27006,4,2,22955,4000,70000,31,0
27011,4,3,47243,2000,160000,39,0
27014,4,2,390,390,50000,43,1
27028,4,2,150,0,50000,36,0
27035,4,2,436968,0,420000,46,0
27049,4,2,57428,3000,130000,43,0
27054,4,2,23848,700,30000,28,0
27057,4,2,18844,1626,20000,46,0
27072,4,2,450,0,110000,35,0
27083,4,2,50954,5000,80000,39,0
27085,4,2,92225,4000,140000,39,0
27086,4,2,1755,58197,60000,32,1
27088,4,2,780,0,20000,39,1
27112,4,2,10822,3000,70000,46,0
27122,4,2,151659,2000,450000,31,0
27123,4,2,58590,7628,150000,31,0
27137,4,2,20708,0,30000,33,0
27140,4,2,65506,3000,200000,46,0
27150,4,2,34372,0,100000,30,0
27155,4,2,17069,1300,20000,43,0
27157,4,6,32875,0,30000,29,0
27158,4,2,12524,1500,90000,29,0
27161,4,2,300,0,20000,40,0
27164,4,3,6494,0,10000,42,0
27166,4,2,228523,8000,280000,40,0
27167,4,2,7542,1149,10000,44,0
27185,4,2,832,2704,80000,27,0
27193,4,2,2500,0,250000,32,0
27212,4,2,30841,4000,60000,31,0
27215,4,2,21267,700,60000,35,0
27217,4,2,70024,0,130000,49,0
27218,4,2,6339,2586,10000,42,0
27222,4,2,291282,9003,300000,36,0
27229,4,4,14039,0,30000,40,0
27231,4,2,91055,0,200000,36,0
27236,4,2,22553,0,100000,31,0
27247,4,2,48019,2200,50000,42,0
27255,4,2,40551,3000,80000,46,0
27260,4,2,17272,2832,20000,30,0
27262,4,4,14996,0,20000,34,0
27263,4,2,36388,0,50000,38,0
27264,4,2,499024,20600,470000,37,0
27268,4,2,13613,1247,160000,42,0
27277,4,2,45379,1500,200000,30,0
27278,4,2,17743,3208,20000,44,0
27309,4,2,15689,3000,20000,33,0
27312,4,3,652,0,280000,30,1
27321,4,2,117567,5100,180000,41,0
27337,4,2,29066,0,30000,37,0
27340,4,2,76115,5000,170000,37,0
27354,4,2,168581,6000,280000,38,0
27361,4,2,189921,8300,200000,38,0
27368,4,2,47213,2000,50000,28,0
27369,4,2,23498,1715,30000,29,0
27385,4,2,159293,0,160000,35,0
27406,4,2,39218,2005,100000,44,0
27433,4,2,2975,3141,100000,35,0
27440,4,2,128860,6100,150000,32,0
27444,4,2,891,8969,150000,33,1
27454,4,2,17789,1000,50000,49,0
27455,4,2,45915,2200,50000,49,0
27459,4,3,64551,4000,100000,50,0
27468,4,2,534289,0,550000,50,0
27470,4,2,101658,4134,100000,51,0
27474,4,2,16736,1329,150000,51,0
27477,4,2,155698,7300,170000,50,0
27478,4,2,193548,8000,300000,51,0
27484,4,2,8570,1500,10000,56,0
27485,4,2,83154,7300,100000,54,0
27486,4,2,158230,6000,300000,58,0
27498,4,2,546,0,500000,53,1
27500,4,2,7759,1000,20000,59,0
27503,4,2,63099,2787,500000,58,0
27510,4,2,48695,1510,50000,51,0
27511,4,5,103834,0,70000,62,0
27530,4,2,50783,28,50000,56,0
27536,4,4,14974,0,20000,53,0
27537,4,2,2487,0,250000,51,0
27545,4,2,18563,0,20000,62,0
27549,4,2,152574,2305,150000,52,0
27550,4,2,20250,0,30000,53,0
27557,4,2,29818,13,80000,59,0
27567,4,2,16927,0,100000,52,0
27578,4,2,34625,3078,40000,50,0
27580,4,4,96819,0,240000,55,0
27581,4,2,205973,9500,320000,55,0
27582,4,2,9812,0,70000,61,0
27583,4,2,1830,200,200000,58,1
27586,4,2,80311,3100,80000,52,0
27592,4,2,46768,2100,50000,59,0
27613,4,2,34937,300,50000,25,0
27614,4,2,5810,1150,100000,26,0
27616,4,2,123203,0,120000,27,0
27618,4,2,17085,1396,30000,22,0
27619,4,2,13837,1600,20000,22,0
27624,4,2,84787,0,80000,23,0
27628,4,2,21821,0,20000,24,0
27631,4,2,10398,0,10000,21,0
27632,4,2,51520,1860,50000,23,0
27644,4,2,3800,2266,20000,24,0
27654,4,2,76708,3320,80000,22,0
27660,4,2,19625,1342,60000,27,0
27665,4,2,25371,1440,80000,23,0
27669,4,2,109871,4000,110000,24,0
27670,4,2,27954,0,30000,24,0
27694,4,2,3020,2262,50000,25,1
27697,4,2,7628,2775,40000,26,0
27702,4,2,29869,0,30000,25,0
27704,4,2,4382,5,110000,25,0
27705,4,2,35538,0,50000,24,0
27731,4,2,10297,0,30000,25,0
27734,4,2,620,3600,80000,24,0
27743,4,2,33053,1800,30000,23,0
27748,4,2,34654,1800,40000,26,0
27755,4,2,49484,2155,50000,23,0
27760,4,2,49805,2025,50000,25,0
27791,4,2,46155,1725,60000,24,0
27794,4,2,72874,0,420000,25,0
27800,4,2,46010,4070,50000,26,0
27801,4,2,36705,0,100000,26,0
27802,4,2,10105,388,100000,28,0
27805,4,2,231932,11672,300000,25,0
27810,4,2,63630,0,170000,26,0
27824,4,2,79062,2876,80000,27,0
27827,4,2,90951,3600,90000,26,0
27834,4,2,96811,5000,130000,26,0
27842,4,2,170609,0,170000,27,0
27843,4,2,8805,2399,30000,26,1
27844,4,2,17443,1277,20000,26,0
27854,4,2,50472,5000,90000,28,0
27858,4,2,12015,2955,20000,23,0
27876,4,2,54255,2230,110000,27,0
27879,4,2,2366,5000,100000,29,0
27884,4,2,104574,10,110000,28,0
27889,4,2,796,0,160000,26,0
27905,4,2,114665,4600,230000,29,0
27911,4,2,232523,16500,290000,27,0
27914,4,2,5015,0,10000,26,0
27916,4,2,300,0,50000,27,0
27920,4,3,1948,0,80000,27,1
27921,4,2,18431,5000,50000,27,0
27923,4,2,23618,3500,30000,28,0
27930,4,2,18432,0,20000,28,0
27958,4,2,28396,3600,50000,26,0
27959,4,2,18442,0,20000,28,0
27963,4,2,70238,2600,70000,25,0
28001,4,2,26632,3500,30000,29,0
28005,4,2,17842,7027,20000,30,0
28016,4,2,4356,2400,150000,29,0
28048,4,2,886,1000,30000,30,1
28055,4,2,2400,0,20000,32,0
28057,4,2,11295,2000,60000,33,0
28058,4,2,32783,3000,50000,34,0
28060,4,2,70002,3100,80000,35,0
28062,4,2,27540,5000,140000,40,0
28077,4,2,20503,6142,80000,42,0
28082,4,4,8401,0,10000,44,0
28097,4,2,26365,3500,50000,39,0
28100,4,2,176797,14179,220000,31,0
28103,4,2,16980,500,180000,30,0
28104,4,2,51184,4,50000,31,0
28105,4,2,30705,3467,50000,35,0
28109,4,2,744,444,120000,37,0
28116,4,2,111306,5000,110000,43,0
28126,4,2,16619,1294,20000,43,0
28138,4,2,225086,9005,230000,36,0
28144,4,2,243517,0,220000,46,0
28150,4,2,48950,0,50000,49,0
28151,4,3,18445,3700,20000,48,0
28164,4,2,46017,2200,160000,41,0
28171,4,3,23076,2600,50000,45,0
28186,4,2,81409,2873,80000,33,0
28202,4,3,779,1,300000,48,0
28221,4,2,2400,0,30000,33,0
28232,4,2,27794,3569,30000,42,0
28246,4,2,97093,3448,80000,32,0
28262,4,3,18464,1600,20000,42,0
28298,4,3,24620,1600,30000,31,0
28302,4,2,7777,2000,60000,34,0
28305,4,2,80445,7400,80000,29,0
28320,4,2,12967,1500,50000,27,0
28324,4,2,113436,1308,180000,29,0
28350,4,2,176867,6600,180000,36,0
28365,4,2,32043,0,80000,35,0
28367,4,2,9478,0,20000,39,0
28373,4,2,34629,400,100000,41,0
28375,4,2,75515,0,80000,36,0
28377,4,2,45159,4700,50000,36,0
28385,4,2,7326,8510,180000,46,1
28398,4,2,54833,2750,60000,33,0
28408,4,2,19942,1358,20000,28,0
28427,4,2,43041,2000,50000,30,0
28434,4,2,36664,0,40000,44,0
28443,4,2,41302,0,120000,37,0
28454,4,2,105167,12000,360000,40,0
28460,4,2,964,1000,230000,35,0
28462,4,2,101957,4000,180000,39,0
28482,4,2,93892,3150,110000,31,0
28487,4,2,21046,3,20000,41,0
28489,4,2,21974,2101,50000,41,0
28502,4,2,18963,0,20000,39,0
28504,4,2,109909,5800,150000,36,0
28522,4,2,99396,3560,80000,37,0
28527,4,2,3472,33812,90000,32,1
28532,4,2,82874,4100,200000,40,0
28533,4,2,14679,1000,50000,44,0
28534,4,2,20502,5000,120000,31,0
28535,4,2,56600,60994,60000,31,0
28547,4,2,12228,1529,100000,44,0
28554,4,2,3985,1101,500000,37,0
28555,4,2,58381,0,60000,40,0
28557,4,2,23367,2003,30000,41,0
28566,4,2,16296,32812,250000,41,1
28577,4,2,70382,3200,110000,30,0
28582,4,2,9354,0,10000,33,0
28586,4,2,77290,4500,160000,34,0
28598,4,3,44509,1500,60000,46,0
28599,4,2,177468,0,220000,38,0
28604,4,2,39694,2000,110000,44,0
28612,4,2,43533,1700,60000,48,0
28625,4,4,581775,0,340000,31,0
28636,4,2,97002,8200,100000,35,0
28638,4,2,8890,7,350000,44,0
28642,4,2,6565,0,150000,33,0
28645,4,2,107001,5400,100000,44,0
28647,4,3,3771,0,10000,38,0
28655,4,2,755,43500,160000,33,1
28662,4,3,51194,0,50000,46,0
28663,4,2,42115,0,50000,44,0
28665,4,2,10099,1617,60000,27,0
28671,4,2,329277,0,290000,49,0
28684,4,2,216409,10000,230000,30,0
28688,4,2,2025,1931,200000,31,1
28703,4,2,59706,2800,260000,37,0
28732,4,2,264,264,240000,35,1
28741,4,2,3930,2000,160000,28,1
28748,4,2,2400,0,50000,28,0
28749,4,2,120800,6000,150000,32,0
28767,4,2,5395,0,80000,40,0
28774,4,2,696,1179,120000,32,1
28810,4,2,416,416,280000,36,1
28834,4,2,532,17453,50000,45,0
28840,4,2,23655,3200,30000,48,0
28849,4,2,1205,325,220000,33,1
28852,4,2,2500,0,220000,42,0
28880,4,2,215936,10000,230000,43,0
28882,4,2,29565,3000,60000,39,0
28891,4,2,24890,1925,50000,33,0
28894,4,2,856,0,30000,41,0
28919,4,2,594,21451,210000,46,1
28925,4,2,91738,4107,100000,43,0
28941,4,2,9401,2969,20000,31,0
28971,4,2,13894,1400,250000,40,0
28972,4,2,22060,3500,150000,31,0
28975,4,2,40580,2000,110000,42,0
28980,4,2,53851,2503,150000,35,0
28989,4,3,1672,0,160000,47,1
29003,4,2,6641,4000,240000,31,0
29012,4,2,405932,38001,580000,34,0
29016,4,2,88637,4200,140000,43,0
29023,4,2,3095,3000,90000,28,0
29026,4,3,86357,0,90000,28,0
29029,4,2,158760,5000,160000,31,0
29039,4,2,7419,0,400000,49,0
29052,4,2,25544,1750,60000,58,0
29053,4,4,8267,0,10000,52,0
29057,4,2,34775,1733,30000,53,0
29074,4,2,279451,7500,280000,51,0
29075,4,2,14404,1392,20000,54,0
29079,4,2,27969,1500,100000,56,0
29082,4,2,206084,0,200000,58,0
29092,4,2,31600,2000,30000,52,0
29108,4,2,4496,0,50000,51,0
29110,4,3,17381,1300,140000,54,0
29116,4,2,11137,0,20000,59,0
29120,4,2,3250,0,200000,50,1
29122,4,2,176233,0,290000,50,0
29128,4,2,80954,7000,80000,52,0
29139,4,2,43913,2000,70000,51,0
29150,4,2,30734,0,30000,67,0
29152,4,2,1950,0,30000,60,0
29153,4,2,78369,8800,120000,61,0
29155,4,2,450,0,140000,56,0
29156,4,2,18711,1700,20000,59,0
29161,4,4,18396,0,20000,53,0
29162,4,2,6615,2000,10000,53,0
29170,4,3,8769,1200,20000,56,0
29171,4,2,8448,1000,60000,53,0
29177,4,2,2500,0,240000,56,0
29181,4,2,109796,5600,140000,60,0
29196,4,5,9860,0,10000,22,1
29202,4,2,16809,1305,20000,23,0
29211,4,2,20305,1300,20000,22,0
29214,4,2,6026,10000,20000,24,0
29215,4,2,7437,1495,20000,24,0
29239,4,2,48259,2177,50000,24,0
29248,4,2,67209,4000,70000,25,0
29250,4,2,1650,0,20000,25,0
29251,4,2,21563,0,20000,25,0
29259,4,2,26351,20000,70000,24,0
29264,4,2,193,9387,80000,23,1
29269,4,3,28607,2000,50000,26,0
29274,4,2,35028,1908,50000,27,0
29282,4,2,9947,1000,10000,25,0
29287,4,2,2500,0,200000,26,0
29293,4,3,20766,1500,30000,25,0
29296,4,2,105891,11000,120000,26,0
29301,4,2,148603,0,200000,25,0
29310,4,3,141873,233,140000,26,0
29313,4,2,90585,3800,110000,30,0
29323,4,3,39630,2000,40000,27,0
29339,4,5,32391,8,30000,26,0
29343,4,2,22832,1300,30000,24,0
29346,4,2,18478,2000,20000,27,0
29348,4,6,18807,0,20000,27,0
29356,4,2,7613,2003,200000,29,0
29357,4,2,8187,1200,20000,28,0
29358,4,3,70859,2800,70000,28,0
29362,4,2,186,3567,310000,28,1
29367,4,2,300,0,20000,26,0
29381,4,2,530,102,160000,28,1
29383,4,2,188778,8278,200000,29,0
29409,4,2,42927,4100,50000,29,0
29413,4,2,117323,3000,130000,29,0
29414,4,4,92422,5900,100000,30,0
29419,4,2,1050,0,10000,30,0
29428,4,3,1651,0,120000,28,1
29433,4,2,780,0,130000,30,1
29437,4,2,30844,3500,140000,28,0
29449,4,2,3010,0,120000,30,1
29452,4,2,5716,1500,10000,29,0
29460,4,2,72097,3006,70000,45,0
29467,4,2,5690,2600,50000,29,0
29478,4,2,23507,0,50000,37,0
29493,4,2,3851,547,310000,31,1
29494,4,4,58753,0,100000,33,0
29498,4,2,151415,7500,200000,41,0
29501,4,2,9182,0,10000,42,0
29504,4,2,27747,5300,60000,36,0
29505,4,2,17267,0,20000,40,0
29524,4,2,2400,0,50000,36,0
29525,4,2,23651,3401,30000,42,0
29534,4,2,50058,2374,50000,36,0
29536,4,2,16851,0,20000,34,0
29539,4,2,117371,5600,120000,34,0
29542,4,2,6465,1000,20000,47,0
29550,4,2,16355,24307,490000,33,1
29551,4,2,12391,3317,20000,30,0
29557,4,2,89056,8000,80000,33,0
29562,4,2,9093,1200,10000,45,0
29571,4,2,75063,0,140000,41,0
29574,4,2,153388,13900,270000,32,0
29577,4,2,62286,6000,120000,45,0
29578,4,2,240,2000,450000,42,1
29579,4,2,2846,19061,60000,39,1
29580,4,2,2400,0,20000,36,0
29591,4,2,79085,5000,130000,40,0
29604,4,4,19268,0,50000,37,0
29607,4,3,3449,0,90000,45,1
29609,4,2,33512,1577,40000,40,0
29616,4,2,50524,9000,60000,39,0
29620,4,2,18659,4500,30000,44,0
29623,4,3,38862,3000,110000,39,0
29637,4,2,22,0,160000,35,1
29644,4,2,566,0,200000,30,0
29645,4,2,55371,2000,160000,31,0
29652,4,4,52955,0,50000,41,0
29666,4,2,25274,1700,20000,36,0
29668,4,2,80604,0,110000,38,0
29669,4,4,59831,3614,70000,42,0
29671,4,2,206473,8027,220000,40,0
29681,4,2,15664,1586,50000,47,0
29682,4,3,499,0,360000,40,1
29688,4,2,46111,0,240000,37,0
29689,4,2,172605,15000,180000,43,0
29706,4,2,390,390,150000,43,1
29709,4,2,13068,0,30000,44,0
29710,4,3,441,0,250000,33,1
29716,4,2,14876,3000,50000,38,0
29717,4,2,42704,5,50000,47,0
29724,4,2,113467,0,150000,41,0
29727,4,2,2400,0,60000,36,0
29733,4,2,6075,4312,10000,45,0
29745,4,3,20024,1000,30000,38,0
29748,4,2,92257,0,90000,31,0
29757,4,2,24796,0,30000,37,0
29759,4,2,67501,2700,210000,40,0
29760,4,2,7421,2000,10000,48,0
29768,4,2,234661,10200,240000,39,0
29771,4,2,2400,0,20000,31,0
29772,4,4,7243,0,10000,37,1
29776,4,2,1350,0,210000,35,1
29782,4,2,160177,8000,210000,32,0
29784,4,2,44247,2055,90000,30,0
29788,4,2,50214,2160,50000,35,0
29800,4,2,22232,0,20000,33,0
29802,4,2,131768,0,260000,33,0
29805,4,3,18243,1200,20000,45,0
29815,4,4,51210,0,50000,49,0
29817,4,4,94992,639,80000,42,0
29825,4,2,11084,2000,40000,47,0
29841,4,2,201932,18300,320000,48,0
29844,4,2,8714,1200,10000,42,0
29849,4,2,81344,5000,100000,44,0
29856,4,2,57076,2800,80000,44,0
29866,4,3,832,416,150000,43,1
29867,4,2,213484,9000,290000,30,0
29885,4,2,214620,0,350000,31,0
29897,4,2,71623,3008,70000,45,0
29899,4,2,13968,2000,20000,34,0
29902,4,2,48750,6556,50000,29,0
29906,4,2,18195,0,50000,30,0
29918,4,3,30923,0,30000,33,1
29927,4,3,52281,7,50000,46,0
29931,4,2,7268,0,20000,43,0
29934,4,2,291,582,190000,44,1
29939,4,2,21055,1700,30000,38,0
29941,4,2,20109,2019,20000,48,0
29945,4,2,73830,2968,80000,39,0
29951,4,2,264,264,220000,32,1
29956,4,2,190,190,410000,32,1
29975,4,2,9316,3000,50000,37,0
29977,4,2,54892,0,40000,47,0
29982,4,2,36772,1700,50000,44,0
29992,4,2,2500,0,210000,34,0
29995,4,2,77708,3500,80000,34,0
29998,4,3,3356,0,30000,37,0
